time_s,command_vx,mean_vx,mean_vy,mean_yaw,mean_power_w,alive_fraction,within_tolerance_fraction
0.02,0.0,0.038121693,-0.00015543343,-0.1368878,12.501593,1.0,1.0
0.02,0.2,0.1945602,0.011795925,-0.054253574,8.342777,1.0,1.0
0.02,0.4,0.40579414,-0.01679495,-0.06199702,13.53894,1.0,1.0
0.02,0.6,0.5987661,0.01790251,-0.006127133,13.414738,1.0,1.0
0.02,0.8,0.8531686,0.070965536,0.06658043,24.952778,1.0,1.0
0.02,1.0,1.0014267,0.06562576,-0.033750147,38.67501,1.0,1.0
0.02,1.2,1.1620475,0.067154616,-0.053400744,31.573658,1.0,1.0
0.02,1.4,1.3695519,0.051051207,-0.06275399,91.806244,1.0,1.0
0.02,1.6,1.6089652,0.0430946,-0.12348556,82.94496,1.0,1.0
0.02,1.8,1.7940229,0.022999108,-0.0667195,122.2304,1.0,1.0
0.02,2.0,2.0474234,0.034234375,-0.056922566,140.85907,1.0,1.0
0.02,2.2,2.187213,0.029580897,0.013550028,460.30792,1.0,1.0
0.02,2.4,2.480855,0.022523992,0.008754335,187.8269,1.0,1.0
0.02,2.6,2.7181392,0.061035056,0.10341427,177.38725,1.0,1.0
0.02,2.8,2.697061,0.023273446,0.20885834,736.734,1.0,0.375
0.02,3.0,2.950882,0.07764387,-0.08115191,255.16641,1.0,1.0
0.04,0.0,0.03555229,0.011025733,-0.12429419,12.695951,1.0,1.0
0.04,0.2,0.19167194,0.0024942828,-0.054005384,5.8233986,1.0,1.0
0.04,0.4,0.42648733,-0.022902695,-0.09613669,15.9704895,1.0,1.0
0.04,0.6,0.5855389,0.020067835,-0.0019142721,17.053082,1.0,1.0
0.04,0.8,0.84326565,0.07065776,0.03634975,33.455765,1.0,1.0
0.04,1.0,1.0438828,0.06535253,-0.077177495,39.761276,1.0,1.0
0.04,1.2,1.1756994,0.07440765,-0.04411333,49.12475,1.0,1.0
0.04,1.4,1.3250012,0.040216126,-0.12052731,88.78056,1.0,1.0
0.04,1.6,1.6486967,0.05007311,-0.10782833,100.53725,1.0,1.0
0.04,1.8,1.834137,0.021712856,0.0055454625,107.284485,1.0,1.0
0.04,2.0,2.0893164,0.039567858,-0.11931835,121.32982,1.0,1.0
0.04,2.2,2.1740267,0.02802293,0.10687676,242.6965,1.0,1.0
0.04,2.4,2.502869,0.013725016,0.1307759,152.02824,1.0,1.0
0.04,2.6,2.742146,0.044955425,0.29126173,111.9836,1.0,0.0
0.04,2.8,2.6939797,-0.01204785,0.15223989,315.08057,1.0,0.75
0.04,3.0,2.9743156,0.09504575,-0.17375167,183.75516,1.0,0.875
0.06,0.0,0.031449907,0.016385406,-0.09176304,10.966734,1.0,1.0
0.06,0.2,0.19158316,-0.0044640764,-0.05080373,8.192739,1.0,1.0
0.06,0.4,0.43625894,-0.018556166,-0.14514008,12.054638,1.0,1.0
0.06,0.6,0.5767957,0.021519799,-0.00034907396,16.981668,1.0,1.0
0.06,0.8,0.80605185,0.06451014,-0.031838506,15.207129,1.0,1.0
0.06,1.0,1.0877705,0.06924106,-0.1421528,55.280407,1.0,1.0
0.06,1.2,1.2050713,0.07852663,-0.0056235297,65.904625,1.0,1.0
0.06,1.4,1.3034627,0.033795144,-0.12714343,47.7782,1.0,1.0
0.06,1.6,1.6075052,0.0355682,-0.010554396,166.995,1.0,1.0
0.06,1.8,1.8899717,0.009168482,0.17088123,147.54231,1.0,1.0
0.06,2.0,2.1140287,0.043839887,-0.15314716,168.35974,1.0,1.0
0.06,2.2,2.2128959,0.019270062,0.08166995,211.27753,1.0,1.0
0.06,2.4,2.512816,0.0014757058,0.2786348,280.80978,1.0,0.0625
0.06,2.6,2.699154,0.049615208,0.34315246,371.63922,1.0,0.0
0.06,2.8,2.7367444,-0.0044254325,0.097536996,201.7677,1.0,1.0
0.06,3.0,2.9497929,0.10581854,-0.30618542,445.68726,1.0,0.0
0.08,0.0,0.031038882,0.01969516,-0.05217699,5.393464,1.0,1.0
0.08,0.2,0.19535819,-0.010813883,-0.053337462,9.707038,1.0,1.0
0.08,0.4,0.42905313,-0.007757874,-0.14201537,21.105816,1.0,1.0
0.08,0.6,0.5743942,0.02603822,-0.0031014069,13.251514,1.0,1.0
0.08,0.8,0.7767871,0.05749309,-0.09289281,15.731518,1.0,1.0
0.08,1.0,1.0568709,0.067206934,-0.06790857,48.918247,1.0,1.0
0.08,1.2,1.2503862,0.08217649,0.0601267,63.297512,1.0,1.0
0.08,1.4,1.2997489,0.028988553,-0.09116572,45.759247,1.0,1.0
0.08,1.6,1.5529042,0.03728057,0.03480857,160.06892,1.0,1.0
0.08,1.8,1.8648143,0.023358364,0.084648296,207.97433,1.0,1.0
0.08,2.0,2.0612006,0.020016395,-0.031168524,382.21204,1.0,1.0
0.08,2.2,2.2583272,0.015795197,0.0027874915,186.21402,1.0,1.0
0.08,2.4,2.4541955,0.029917127,0.16688892,424.89243,1.0,0.875
0.08,2.6,2.6302142,0.07604847,0.11512476,730.5875,1.0,1.0
0.08,2.8,2.793824,0.019298635,-0.0011312454,245.94739,1.0,1.0
0.08,3.0,2.8797102,0.08691702,-0.3163446,1170.5895,1.0,0.0625
0.1,0.0,0.030834628,0.02189844,-0.034844622,2.8341987,1.0,1.0
0.1,0.2,0.20254603,-0.018985339,-0.06552607,10.722046,1.0,1.0
0.1,0.4,0.41665357,-0.0044069593,-0.07468742,20.955898,1.0,1.0
0.1,0.6,0.5802821,0.034696594,-0.013297309,20.57853,1.0,1.0
0.1,0.8,0.7609472,0.050655607,-0.104247555,27.160765,1.0,1.0
0.1,1.0,1.0203829,0.064101115,0.0050355233,42.409508,1.0,1.0
0.1,1.2,1.2930676,0.0836128,0.11179575,78.35829,1.0,1.0
0.1,1.4,1.3138096,0.0300297,-0.05594808,62.5128,1.0,1.0
0.1,1.6,1.5220766,0.04100913,0.037309993,117.25566,1.0,1.0
0.1,1.8,1.7890453,0.03571658,0.03026783,222.34627,1.0,1.0
0.1,2.0,1.9980705,0.023998495,0.058937542,360.17334,1.0,1.0
0.1,2.2,2.293491,0.011692192,0.020776417,151.89621,1.0,1.0
0.1,2.4,2.383223,0.016160775,0.10676523,532.87244,1.0,1.0
0.1,2.6,2.5587325,0.041247103,0.06559642,518.62976,1.0,1.0
0.1,2.8,2.8306732,0.03804377,-0.059777286,222.02524,1.0,1.0
0.1,3.0,2.8155508,0.111031264,-0.12660894,813.6548,1.0,0.8125
0.12,0.0,0.030020049,0.02321769,-0.025117802,3.141333,1.0,1.0
0.12,0.2,0.2135473,-0.02823946,-0.08682729,11.051262,1.0,1.0
0.12,0.4,0.4093663,-0.0022910614,-0.0007827585,13.13017,1.0,1.0
0.12,0.6,0.59678495,0.044587545,-0.016379314,25.720554,1.0,1.0
0.12,0.8,0.7569779,0.047329724,-0.089152366,26.420547,1.0,1.0
0.12,1.0,0.988948,0.06743665,0.020602807,39.15943,1.0,1.0
0.12,1.2,1.2418239,0.08717356,0.060150776,74.016396,1.0,1.0
0.12,1.4,1.3460969,0.035335183,-0.051071674,75.95525,1.0,1.0
0.12,1.6,1.5196517,0.04151262,-0.00037517532,67.72287,1.0,1.0
0.12,1.8,1.7322857,0.022669796,-0.04898316,181.1163,1.0,1.0
0.12,2.0,1.9783739,0.022133362,0.10606745,181.95972,1.0,1.0
0.12,2.2,2.3314347,-0.00079870765,0.14710951,140.83432,1.0,0.9375
0.12,2.4,2.3562431,-0.010937171,0.040796947,277.15845,1.0,1.0
0.12,2.6,2.559605,0.02169313,-0.004418667,286.97607,1.0,1.0
0.12,2.8,2.8641589,0.041428942,-0.20851907,137.04167,1.0,0.5
0.12,3.0,2.8570395,0.10798584,0.20952517,338.4298,1.0,0.5
0.14,0.0,0.030849945,0.025431426,-0.012939923,4.998619,1.0,1.0
0.14,0.2,0.22765768,-0.034661703,-0.10595189,11.172441,1.0,1.0
0.14,0.4,0.40228426,-0.00021320721,0.0046938495,11.193966,1.0,1.0
0.14,0.6,0.62507844,0.052701265,0.011538262,22.42355,1.0,1.0
0.14,0.8,0.75961864,0.042499024,-0.056874834,22.862143,1.0,1.0
0.14,1.0,0.96853197,0.06772353,0.016910108,39.891907,1.0,1.0
0.14,1.2,1.1896358,0.08374986,-0.029890236,56.642082,1.0,1.0
0.14,1.4,1.3941333,0.038767368,-0.09291626,70.520905,1.0,1.0
0.14,1.6,1.5403597,0.042647585,-0.04461974,81.73578,1.0,1.0
0.14,1.8,1.7061307,0.011016777,-0.10898013,85.20453,1.0,1.0
0.14,2.0,2.0071821,0.017214932,0.0638773,158.43274,1.0,1.0
0.14,2.2,2.3205323,0.0038280897,0.19323054,273.2446,1.0,0.3125
0.14,2.4,2.3826833,-0.005192966,-0.040916555,206.29178,1.0,1.0
0.14,2.6,2.6002972,0.04058443,-0.061940517,195.83728,1.0,1.0
0.14,2.8,2.8318903,0.038499564,-0.28766015,592.90155,1.0,0.0
0.14,3.0,2.9186974,0.08818847,0.22113219,324.56204,1.0,0.1875
0.16,0.0,0.032936603,0.028851464,-0.004228104,6.33264,1.0,1.0
0.16,0.2,0.22855449,-0.027650647,-0.13567924,8.484764,1.0,1.0
0.16,0.4,0.39513767,0.0020285011,-0.01278812,10.659335,1.0,1.0
0.16,0.6,0.6525807,0.057036202,0.05580464,29.623821,1.0,1.0
0.16,0.8,0.7693248,0.037775945,-0.03513206,23.508247,1.0,1.0
0.16,1.0,0.9609256,0.07044713,0.0062005636,25.304882,1.0,1.0
0.16,1.2,1.1533192,0.07479927,-0.09382646,51.06459,1.0,1.0
0.16,1.4,1.4569108,0.03830482,-0.147275,88.04908,1.0,1.0
0.16,1.6,1.572617,0.04627703,-0.037678283,93.09456,1.0,1.0
0.16,1.8,1.7110851,0.012509322,-0.09460606,89.91173,1.0,1.0
0.16,2.0,2.0479403,0.013935138,-0.00977594,152.67227,1.0,1.0
0.16,2.2,2.2503428,0.028608397,0.08040593,440.43896,1.0,1.0
0.16,2.4,2.432279,0.01465455,-0.08994129,197.77368,1.0,1.0
0.16,2.6,2.6471744,0.06429319,-0.1052851,225.96233,1.0,1.0
0.16,2.8,2.742118,0.033360273,-0.14929438,887.17883,1.0,0.9375
0.16,3.0,2.9736116,0.08368869,0.1654051,269.9734,1.0,0.8125
0.18,0.0,0.036693666,0.033089533,0.0022122236,8.092848,1.0,1.0
0.18,0.2,0.22519197,-0.014370989,-0.13997222,17.664276,1.0,1.0
0.18,0.4,0.38992155,0.005966135,-0.018147305,9.649506,1.0,1.0
0.18,0.6,0.6309408,0.05238694,0.03568371,19.705894,1.0,1.0
0.18,0.8,0.79147947,0.032328013,-0.03453405,23.810705,1.0,1.0
0.18,1.0,0.9653276,0.07568169,0.0009870954,30.842484,1.0,1.0
0.18,1.2,1.1363752,0.069025,-0.10704926,28.474138,1.0,1.0
0.18,1.4,1.4439236,0.04290366,-0.055057235,125.487595,1.0,1.0
0.18,1.6,1.6172469,0.0445504,0.03083748,92.41571,1.0,1.0
0.18,1.8,1.7388592,0.022782449,-0.04733754,109.5683,1.0,1.0
0.18,2.0,2.0864668,0.011881959,-0.014804622,132.0585,1.0,1.0
0.18,2.2,2.1811266,0.0060985787,0.04763791,376.4101,1.0,1.0
0.18,2.4,2.466463,0.034129072,-0.09047654,183.69334,1.0,1.0
0.18,2.6,2.672601,0.08060961,-0.11790259,200.65334,1.0,1.0
0.18,2.8,2.733097,0.039586328,0.16127232,441.16217,1.0,0.875
0.18,3.0,3.0006342,0.074010834,0.29417396,153.88422,1.0,0.0
0.2,0.0,0.03972607,0.034780685,-0.000558915,9.088792,1.0,1.0
0.2,0.2,0.21604261,-0.0075888378,-0.08411543,16.772318,1.0,1.0
0.2,0.4,0.38818085,0.013945397,-0.019304266,8.570049,1.0,1.0
0.2,0.6,0.60480696,0.04316158,-0.0429852,7.252844,1.0,1.0
0.2,0.8,0.82494426,0.028440598,-0.07291813,26.643457,1.0,1.0
0.2,1.0,0.9837328,0.08105081,0.0043782685,46.756573,1.0,1.0
0.2,1.2,1.1343291,0.06492336,-0.07034675,33.803585,1.0,1.0
0.2,1.4,1.3898962,0.035573736,0.037434608,115.15073,1.0,1.0
0.2,1.6,1.6764853,0.039663374,0.15242262,128.571,1.0,1.0
0.2,1.8,1.7781622,0.034471165,-0.05095072,113.47702,1.0,1.0
0.2,2.0,2.1275015,0.0032852073,0.08451983,121.49243,1.0,1.0
0.2,2.2,2.1592507,-0.010217659,-0.014488789,203.00212,1.0,1.0
0.2,2.4,2.4992297,0.04230611,-0.16434315,139.73283,1.0,0.9375
0.2,2.6,2.706036,0.07836051,-0.25081158,145.50635,1.0,0.0625
0.2,2.8,2.7798288,0.019822642,0.2434482,297.7822,1.0,0.25
0.2,3.0,3.0200214,0.049736477,0.60567844,347.35,1.0,0.0
0.22,0.0,0.038891777,0.03080234,0.010987957,8.433212,1.0,1.0
0.22,0.2,0.20989011,-0.002606423,-0.008723546,10.108315,1.0,1.0
0.22,0.4,0.39285347,0.024442773,-0.021114584,11.423139,1.0,1.0
0.22,0.6,0.5849366,0.033095527,-0.077426866,12.167557,1.0,1.0
0.22,0.8,0.86651045,0.028484616,-0.11928754,35.409004,1.0,1.0
0.22,1.0,1.0177821,0.08626602,0.023460485,54.92826,1.0,1.0
0.22,1.2,1.1452243,0.06433634,-0.032796174,44.840324,1.0,1.0
0.22,1.4,1.3476217,0.040493235,0.045736358,106.05867,1.0,1.0
0.22,1.6,1.6503735,0.047018886,0.0644713,163.57298,1.0,1.0
0.22,1.8,1.8282259,0.03640338,-0.12385975,108.50487,1.0,1.0
0.22,2.0,2.1432793,0.0010046563,0.12816517,206.6735,1.0,1.0
0.22,2.2,2.1843524,-0.00081997097,-0.08743516,163.0228,1.0,1.0
0.22,2.4,2.4922233,0.042078026,-0.20779863,316.16217,1.0,0.3125
0.22,2.6,2.6665735,0.06747148,-0.25288182,575.1587,1.0,0.125
0.22,2.8,2.8296056,0.009209324,0.1224473,274.68842,1.0,1.0
0.22,3.0,2.9440932,0.087536655,0.3214936,690.5033,1.0,0.0
0.24,0.0,0.03612257,0.025260437,0.007451725,7.725294,1.0,1.0
0.24,0.2,0.20423025,-0.00022638217,0.021203551,7.438149,1.0,1.0
0.24,0.4,0.4072351,0.035252582,-0.01278336,14.232653,1.0,1.0
0.24,0.6,0.57381797,0.026231391,-0.07949222,20.434532,1.0,1.0
0.24,0.8,0.8428381,0.034172907,-0.12440266,29.055378,1.0,1.0
0.24,1.0,1.0636466,0.0914776,0.087309256,41.655193,1.0,1.0
0.24,1.2,1.1744168,0.06679128,-0.018509354,54.292152,1.0,1.0
0.24,1.4,1.3255711,0.041743368,0.02075421,71.87408,1.0,1.0
0.24,1.6,1.5826837,0.053631082,-0.018653056,142.63354,1.0,1.0
0.24,1.8,1.8666239,0.04229255,-0.10880977,133.81439,1.0,1.0
0.24,2.0,2.0778692,0.03077356,0.044309963,333.02393,1.0,1.0
0.24,2.2,2.2227967,0.01665755,-0.080631614,165.11731,1.0,1.0
0.24,2.4,2.429603,0.022219298,-0.10937914,667.5857,1.0,1.0
0.24,2.6,2.5824344,0.07916898,-0.13151345,789.3815,1.0,1.0
0.24,2.8,2.8594277,0.0083156265,0.119320095,194.2471,1.0,1.0
0.24,3.0,2.8530707,0.074567765,0.22053751,861.99554,1.0,0.3125
0.26,0.0,0.03060962,0.021465076,-0.0067858105,9.7827215,1.0,1.0
0.26,0.2,0.1982482,0.0016810872,0.010235236,6.1873684,1.0,1.0
0.26,0.4,0.4296463,0.04376705,0.023262182,14.188312,1.0,1.0
0.26,0.6,0.57123065,0.02195318,-0.064145416,22.146353,1.0,1.0
0.26,0.8,0.81949216,0.03526559,-0.040775683,10.905066,1.0,1.0
0.26,1.0,1.0721397,0.09440377,0.050274964,61.664818,1.0,1.0
0.26,1.2,1.2175508,0.069398835,-0.055222735,53.94715,1.0,1.0
0.26,1.4,1.3230957,0.04197199,-0.020283662,46.884876,1.0,1.0
0.26,1.6,1.5299637,0.045480616,-0.101110525,131.75336,1.0,1.0
0.26,1.8,1.8157248,0.02061732,-0.01587087,241.63263,1.0,1.0
0.26,2.0,2.0059457,0.014294698,0.018204737,310.65677,1.0,1.0
0.26,2.2,2.257708,0.034083825,-0.06208442,158.96933,1.0,1.0
0.26,2.4,2.3723826,0.03165787,0.030409768,480.10596,1.0,1.0
0.26,2.6,2.5825956,0.08433504,0.14749923,385.35992,1.0,1.0
0.26,2.8,2.8759933,-0.007989608,0.33348066,124.66155,1.0,0.0
0.26,3.0,2.8275213,0.032500234,0.17450877,350.30115,1.0,0.625
0.28,0.0,0.025570953,0.018802747,-0.024180803,12.556527,1.0,1.0
0.28,0.2,0.19476792,0.005052099,0.0027825506,4.627678,1.0,1.0
0.28,0.4,0.43340445,0.04063048,0.02890859,15.44998,1.0,1.0
0.28,0.6,0.5741245,0.016244218,-0.0489123,18.930714,1.0,1.0
0.28,0.8,0.80090797,0.03869294,-0.012142697,14.372663,1.0,1.0
0.28,1.0,1.0261878,0.09498297,0.011452895,41.37294,1.0,1.0
0.28,1.2,1.2749927,0.07057823,-0.12423524,65.15848,1.0,1.0
0.28,1.4,1.3372741,0.04748715,-0.02717498,65.45694,1.0,1.0
0.28,1.6,1.5008981,0.034260623,-0.12695003,60.150917,1.0,1.0
0.28,1.8,1.7557992,0.021228883,0.043242477,244.81195,1.0,1.0
0.28,2.0,1.9699838,-0.0021055634,-0.037508562,137.47626,1.0,1.0
0.28,2.2,2.2980444,0.03489136,-0.17273684,128.47699,1.0,0.6875
0.28,2.4,2.3847613,0.025207486,0.15320322,292.42877,1.0,0.9375
0.28,2.6,2.632785,0.06542686,0.19832388,287.29538,1.0,0.4375
0.28,2.8,2.8195972,-0.0024988092,0.38611233,413.81952,1.0,0.0
0.28,3.0,2.8578668,0.028988298,0.16711909,219.63843,1.0,0.75
0.3,0.0,0.021499295,0.01408758,-0.04823231,6.5780745,1.0,1.0
0.3,0.2,0.19443685,0.011191968,0.0035426188,3.9830403,1.0,1.0
0.3,0.4,0.4154577,0.032155134,-0.0018415028,15.036404,1.0,1.0
0.3,0.6,0.58431584,0.008145109,-0.040600426,19.144985,1.0,1.0
0.3,0.8,0.7831798,0.041851208,-0.0068087624,21.261436,1.0,1.0
0.3,1.0,0.9876865,0.08728485,-0.055421587,33.999664,1.0,1.0
0.3,1.2,1.2575003,0.07099633,-0.023683663,83.43649,1.0,1.0
0.3,1.4,1.3675873,0.049670465,0.0046154754,78.31706,1.0,1.0
0.3,1.6,1.5001686,0.03340114,-0.07905173,65.57326,1.0,1.0
0.3,1.8,1.7302532,0.02129522,0.062402625,139.74713,1.0,1.0
0.3,2.0,1.9791106,0.00196455,-0.10556437,130.56863,1.0,1.0
0.3,2.2,2.2874074,0.031531535,-0.13402353,288.64062,1.0,1.0
0.3,2.4,2.4322195,0.013162338,0.083638094,237.47598,1.0,1.0
0.3,2.6,2.6832907,0.05916838,0.08014217,257.4935,1.0,1.0
0.3,2.8,2.7617788,0.028719775,0.10554223,836.5973,1.0,0.9375
0.3,3.0,2.9083452,0.052650787,0.07987739,254.32607,1.0,1.0
0.32,0.0,0.019677728,0.008151887,-0.062433645,3.9789479,1.0,1.0
0.32,0.2,0.19806556,0.018877188,0.0011561168,5.8523445,1.0,1.0
0.32,0.4,0.39874977,0.022983741,-0.06394414,9.535074,1.0,1.0
0.32,0.6,0.60470474,3.7788413e-06,-0.047551155,19.189947,1.0,1.0
0.32,0.8,0.7723886,0.04472159,0.0013600651,22.28727,1.0,1.0
0.32,1.0,0.9652298,0.078214444,-0.10308783,36.922523,1.0,1.0
0.32,1.2,1.2127053,0.06459856,0.050369367,80.044586,1.0,1.0
0.32,1.4,1.4139699,0.048215453,0.065090224,80.08408,1.0,1.0
0.32,1.6,1.520608,0.038587973,-0.034935385,83.9595,1.0,1.0
0.32,1.8,1.7358084,0.019376345,0.014937021,101.62368,1.0,1.0
0.32,2.0,2.0094576,0.015368745,-0.0951679,134.24678,1.0,1.0
0.32,2.2,2.2175932,0.014673001,-0.038279448,537.2832,1.0,1.0
0.32,2.4,2.4753294,0.012794665,0.021855446,201.41075,1.0,1.0
0.32,2.6,2.7113426,0.05756918,0.082536876,182.48917,1.0,1.0
0.32,2.8,2.6928215,-0.002016507,0.0504828,631.95795,1.0,1.0
0.32,3.0,2.9476404,0.07384979,-0.03570947,248.14163,1.0,1.0
0.34,0.0,0.019460022,0.0036931217,-0.0678004,6.2303753,1.0,1.0
0.34,0.2,0.20746852,0.026917692,0.005689906,9.454945,1.0,1.0
0.34,0.4,0.3870417,0.013446158,-0.08105772,8.486179,1.0,1.0
0.34,0.6,0.63303745,-0.0046374323,-0.092798404,17.550976,1.0,1.0
0.34,0.8,0.77085435,0.04957658,0.0047361497,18.501938,1.0,1.0
0.34,1.0,0.9590414,0.07193303,-0.09978305,28.78622,1.0,1.0
0.34,1.2,1.1756816,0.06655426,0.052211046,74.14217,1.0,1.0
0.34,1.4,1.4608161,0.04741788,0.12692592,121.418785,1.0,1.0
0.34,1.6,1.5570631,0.048876688,-0.04178192,93.25987,1.0,1.0
0.34,1.8,1.7636378,0.018456813,-0.044999585,116.36409,1.0,1.0
0.34,2.0,2.0471158,0.03399722,-0.056987185,139.79688,1.0,1.0
0.34,2.2,2.1699185,0.018654775,0.06071567,357.9366,1.0,1.0
0.34,2.4,2.5024598,0.0069829077,0.0995274,163.23776,1.0,1.0
0.34,2.6,2.7336845,0.043509927,0.26778984,112.33589,1.0,0.0
0.34,2.8,2.7030563,-0.021707818,0.0001212121,313.75275,1.0,1.0
0.34,3.0,2.974156,0.08383413,-0.18003026,149.6901,1.0,0.75
0.36,0.0,0.021510612,-0.0013494681,-0.070627674,7.5957766,1.0,1.0
0.36,0.2,0.21752414,0.031042267,0.012424973,10.700767,1.0,1.0
0.36,0.4,0.37972304,0.0071852715,-0.069282755,12.725638,1.0,1.0
0.36,0.6,0.6528952,-0.0031509697,-0.16678041,21.708267,1.0,1.0
0.36,0.8,0.779619,0.056284953,-0.0015553487,31.024454,1.0,1.0
0.36,1.0,0.96107495,0.06823256,-0.06154476,27.207668,1.0,1.0
0.36,1.2,1.1545019,0.06437359,0.03249948,58.630447,1.0,1.0
0.36,1.4,1.4282436,0.053821146,0.04040862,114.841644,1.0,1.0
0.36,1.6,1.6075997,0.052882787,-0.08953839,82.90457,1.0,1.0
0.36,1.8,1.7999331,0.017813673,-0.040988747,118.86607,1.0,1.0
0.36,2.0,2.0890732,0.0391486,-0.12160158,119.54187,1.0,1.0
0.36,2.2,2.1776407,0.01285637,0.09825288,237.95177,1.0,1.0
0.36,2.4,2.5363533,-0.010812658,0.29540434,178.14342,1.0,0.0625
0.36,2.6,2.6911402,0.047006506,0.34240866,379.45752,1.0,0.0
0.36,2.8,2.7501297,-0.00072119385,-0.042061497,206.44376,1.0,1.0
0.36,3.0,2.9413385,0.08761527,-0.31052768,602.4141,1.0,0.0
0.38,0.0,0.025846172,-0.006380624,-0.08082697,8.468001,1.0,1.0
0.38,0.2,0.21700084,0.026679121,0.027147505,12.231106,1.0,1.0
0.38,0.4,0.37828857,0.0025010393,-0.057305053,14.319993,1.0,1.0
0.38,0.6,0.63494253,0.0054488694,-0.1327501,20.197178,1.0,1.0
0.38,0.8,0.80259573,0.06454773,-0.0029442492,40.40873,1.0,1.0
0.38,1.0,0.97463495,0.06661906,-0.03176851,32.03983,1.0,1.0
0.38,1.2,1.1495485,0.06421766,0.00060715876,35.127728,1.0,1.0
0.38,1.4,1.3710269,0.05311106,-0.063315384,94.07579,1.0,1.0
0.38,1.6,1.6649129,0.056723244,-0.13863254,122.59125,1.0,1.0
0.38,1.8,1.843737,0.01357863,0.028956827,106.75463,1.0,1.0
0.38,2.0,2.112367,0.043444626,-0.15104471,176.26208,1.0,1.0
0.38,2.2,2.2189488,0.007834611,0.018991355,203.25479,1.0,1.0
0.38,2.4,2.4842954,0.016541237,0.17555252,353.4278,1.0,0.6875
0.38,2.6,2.6248376,0.07498752,0.12390973,713.2499,1.0,1.0
0.38,2.8,2.8048463,0.027599078,-0.114102475,241.48499,1.0,1.0
0.38,3.0,2.86093,0.07534954,-0.22638983,1000.5774,1.0,0.5
0.4,0.0,0.03181213,-0.011892173,-0.10090961,9.054901,1.0,1.0
0.4,0.2,0.2084181,0.023683274,0.007849821,12.160085,1.0,1.0
0.4,0.4,0.3830118,-0.0048225825,-0.04904386,12.786668,1.0,1.0
0.4,0.6,0.6179914,0.006837139,-0.047129255,11.223666,1.0,1.0
0.4,0.8,0.8378726,0.07156198,0.027770363,36.09504,1.0,1.0
0.4,1.0,1.0012956,0.06667358,-0.03340659,38.51565,1.0,1.0
0.4,1.2,1.1586962,0.06845676,-0.012765397,44.627007,1.0,1.0
0.4,1.4,1.3269926,0.04217692,-0.11950843,91.12442,1.0,1.0
0.4,1.6,1.6408737,0.04569804,-0.03652707,185.15836,1.0,1.0
0.4,1.8,1.8908497,0.0027963398,0.13830511,180.58951,1.0,1.0
0.4,2.0,2.0565865,0.019863937,-0.03089349,381.21588,1.0,1.0
0.4,2.2,2.2561786,0.0049120123,-0.024663955,175.73837,1.0,1.0
0.4,2.4,2.4062595,0.019259814,0.06681826,549.7758,1.0,1.0
0.4,2.6,2.5532508,0.04107718,0.079897955,542.2114,1.0,1.0
0.4,2.8,2.8356495,0.049005713,-0.15151912,218.32236,1.0,0.9375
0.4,3.0,2.8431597,0.088933215,0.09268906,547.501,1.0,1.0
0.42,0.0,0.03827641,-0.016658377,-0.12086557,9.015343,1.0,1.0
0.42,0.2,0.2002137,0.020850724,-0.019209785,12.964308,1.0,1.0
0.42,0.4,0.39211732,-0.014140039,-0.05112216,12.318695,1.0,1.0
0.42,0.6,0.6046488,0.0078848405,0.002410776,12.986584,1.0,1.0
0.42,0.8,0.8755351,0.07359975,0.06803079,45.185776,1.0,1.0
0.42,1.0,1.043572,0.06655152,-0.07674456,39.60556,1.0,1.0
0.42,1.2,1.1833634,0.07084113,0.00034947062,61.55792,1.0,1.0
0.42,1.4,1.3056948,0.035236046,-0.12577355,50.05845,1.0,1.0
0.42,1.6,1.5791276,0.039142355,0.02460904,170.76947,1.0,1.0
0.42,1.8,1.8480737,0.023667037,0.07672723,228.12343,1.0,1.0
0.42,2.0,1.9932098,0.02455993,0.061244294,360.86127,1.0,1.0
0.42,2.2,2.2863905,-0.0007703089,0.046023197,145.58517,1.0,1.0
0.42,2.4,2.3597987,-0.008117237,0.013322407,313.34436,1.0,1.0
0.42,2.6,2.5536346,0.019750431,0.010663601,290.60266,1.0,1.0
0.42,2.8,2.868318,0.051132154,-0.29952404,178.33405,1.0,0.0
0.42,3.0,2.8923366,0.06952648,0.2721808,304.17682,1.0,0.1875
0.44,0.0,0.03930538,-0.0121895345,-0.12597585,2.974241,1.0,1.0
0.44,0.2,0.1945709,0.01147916,-0.05394788,8.366146,1.0,1.0
0.44,0.4,0.40885442,-0.022471862,-0.06818448,13.41008,1.0,1.0
0.44,0.6,0.59133583,0.01072375,0.0073777093,16.492224,1.0,1.0
0.44,0.8,0.8425872,0.07113421,0.045433022,27.820019,1.0,1.0
0.44,1.0,1.0871782,0.07065927,-0.14186713,54.804478,1.0,1.0
0.44,1.2,1.2239354,0.07159488,0.039637968,67.35,1.0,1.0
0.44,1.4,1.3020792,0.030087832,-0.089785084,45.159264,1.0,1.0
0.44,1.6,1.540519,0.04006699,0.03595856,135.28738,1.0,1.0
0.44,1.8,1.7743173,0.028276261,-0.005080064,204.49301,1.0,1.0
0.44,2.0,1.9734439,0.022583937,0.10889022,181.6925,1.0,1.0
0.44,2.2,2.3249881,-0.017793545,0.22394815,178.14577,1.0,0.1875
0.44,2.4,2.370051,-0.0072696665,-0.05523189,231.51505,1.0,1.0
0.44,2.6,2.5946798,0.037730113,-0.048355386,196.95229,1.0,1.0
0.44,2.8,2.8199162,0.045267284,-0.32516438,634.511,1.0,0.0
0.44,3.0,2.9475718,0.052225605,0.1876111,305.25208,1.0,0.5625
0.46,0.0,0.0382406,-0.0001163783,-0.13687095,12.509037,1.0,1.0
0.46,0.2,0.19174147,0.00204605,-0.054059424,5.7705503,1.0,1.0
0.46,0.4,0.43168157,-0.027499592,-0.110610135,16.302113,1.0,1.0
0.46,0.6,0.5809639,0.013004007,0.0050141043,19.017094,1.0,1.0
0.46,0.8,0.8069732,0.06326075,-0.027935416,17.636875,1.0,1.0
0.46,1.0,1.0563333,0.06842115,-0.06630672,50.333244,1.0,1.0
0.46,1.2,1.2779267,0.07537334,0.12532449,83.06203,1.0,1.0
0.46,1.4,1.3161416,0.030963138,-0.054805905,61.9238,1.0,1.0
0.46,1.6,1.5258588,0.03959722,0.0006574277,73.15524,1.0,1.0
0.46,1.8,1.7241504,0.017229617,-0.10021322,142.33466,1.0,1.0
0.46,2.0,2.0023885,0.017435733,0.0652059,160.50818,1.0,1.0
0.46,2.2,2.2811844,0.007945981,0.109460086,273.24463,1.0,1.0
0.46,2.4,2.4128394,0.014083722,-0.113292195,193.95068,1.0,1.0
0.46,2.6,2.6428206,0.061192356,-0.09305615,224.91449,1.0,1.0
0.46,2.8,2.7265086,0.05885362,-0.20304066,886.57385,1.0,0.5625
0.46,3.0,2.9842677,0.04984369,0.16524568,222.26286,1.0,0.8125
0.48,0.0,0.03568326,0.011056442,-0.12428698,12.720261,1.0,1.0
0.48,0.2,0.1916483,-0.0049696593,-0.050653435,8.226997,1.0,1.0
0.48,0.4,0.4384579,-0.021891806,-0.15943947,13.50683,1.0,1.0
0.48,0.6,0.5757128,0.016948365,0.0027310743,14.416559,1.0,1.0
0.48,0.8,0.77780616,0.05404585,-0.07830334,19.358356,1.0,1.0
0.48,1.0,1.0197213,0.06510738,0.00689052,42.647842,1.0,1.0
0.48,1.2,1.2647711,0.07766087,0.06117504,82.72266,1.0,1.0
0.48,1.4,1.3484037,0.036223907,-0.050070994,75.92848,1.0,1.0
0.48,1.6,1.5350449,0.04037743,-0.059256047,74.96472,1.0,1.0
0.48,1.8,1.7027729,0.010193067,-0.14205351,75.77403,1.0,1.0
0.48,2.0,2.0431662,0.013954994,-0.008607995,151.71094,1.0,1.0
0.48,2.2,2.2043772,0.015418251,0.03786347,461.12073,1.0,1.0
0.48,2.4,2.4468448,0.03627406,-0.12003949,192.6152,1.0,1.0
0.48,2.6,2.6692057,0.07835731,-0.10610388,202.69797,1.0,1.0
0.48,2.8,2.7357483,0.069530085,0.12754212,407.12616,1.0,1.0
0.48,3.0,3.0007012,0.03427644,0.39039576,138.98726,1.0,0.0
0.5,0.0,0.031572938,0.016424157,-0.091797404,10.990698,1.0,1.0
0.5,0.2,0.19542381,-0.011347247,-0.05293204,9.717115,1.0,1.0
0.5,0.4,0.4263375,-0.012353128,-0.11691925,20.512959,1.0,1.0
0.5,0.6,0.5778659,0.02543785,-0.011409701,19.365705,1.0,1.0
0.5,0.8,0.7639478,0.04785852,-0.089949414,27.382273,1.0,1.0
0.5,1.0,0.9883559,0.06832574,0.022083905,39.401424,1.0,1.0
0.5,1.2,1.214297,0.075430594,-0.020811258,59.407898,1.0,1.0
0.5,1.4,1.3964381,0.039575674,-0.091900066,70.86899,1.0,1.0
0.5,1.6,1.5611173,0.043495227,-0.066265784,97.718,1.0,1.0
0.5,1.8,1.7121353,0.01686804,-0.09796197,91.07736,1.0,1.0
0.5,2.0,2.0815697,0.011742193,-0.0124856215,131.40909,1.0,1.0
0.5,2.2,2.1530845,-0.009523282,-0.010537824,289.85895,1.0,1.0
0.5,2.4,2.4733949,0.050912246,-0.15270516,169.52386,1.0,1.0
0.5,2.6,2.7038922,0.077649355,-0.25559798,143.52238,1.0,0.0
0.5,2.8,2.7900114,0.05448412,0.19492318,292.0357,1.0,0.4375
0.5,3.0,2.9489436,0.029769078,0.5344633,481.88776,1.0,0.0
0.52,0.0,0.031138433,0.019722598,-0.05228715,5.3924513,1.0,1.0
0.52,0.2,0.20262587,-0.019524822,-0.06495181,10.76833,1.0,1.0
0.52,0.4,0.41449618,-0.009685684,-0.04492242,17.629389,1.0,1.0
0.52,0.6,0.59042406,0.035545103,-0.02371459,25.5452,1.0,1.0
0.52,0.8,0.7602314,0.042445168,-0.071052566,21.838757,1.0,1.0
0.52,1.0,0.96802443,0.06848703,0.01773462,39.978775,1.0,1.0
0.52,1.2,1.1705544,0.06487184,-0.09183879,55.339424,1.0,1.0
0.52,1.4,1.4591838,0.038514357,-0.14124265,88.7608,1.0,1.0
0.52,1.6,1.5996635,0.04436992,-0.015925761,96.48962,1.0,1.0
0.52,1.8,1.7411199,0.028858993,-0.053948842,111.41951,1.0,1.0
0.52,2.0,2.122507,0.0029380177,0.08725337,122.446815,1.0,1.0
0.52,2.2,2.1487312,-0.012545742,-0.07858616,198.47478,1.0,1.0
0.52,2.4,2.489613,0.053223718,-0.25204733,247.72116,1.0,0.125
0.52,2.6,2.6612208,0.06665519,-0.26312146,511.32922,1.0,0.0625
0.52,2.8,2.8441045,0.049537137,0.09224131,278.05585,1.0,1.0
0.52,3.0,2.8936,0.06835009,0.2439535,901.8054,1.0,0.3125
0.54,0.0,0.030900821,0.021927543,-0.03499511,2.8493981,1.0,1.0
0.54,0.2,0.21361613,-0.028814353,-0.086002685,11.07078,1.0,1.0
0.54,0.4,0.4065994,-0.008407818,0.012214344,12.570081,1.0,1.0
0.54,0.6,0.61488867,0.044726968,-0.008432295,25.289812,1.0,1.0
0.54,0.8,0.7647287,0.03612047,-0.041791815,26.05588,1.0,1.0
0.54,1.0,0.9604442,0.07104569,0.0067302333,25.345669,1.0,1.0
0.54,1.2,1.1462513,0.058170334,-0.1257768,50.397163,1.0,1.0
0.54,1.4,1.4465115,0.043651417,-0.05621421,124.93956,1.0,1.0
0.54,1.6,1.6532611,0.03865648,0.07936732,95.53093,1.0,1.0
0.54,1.8,1.7802609,0.039804246,-0.07333481,109.36572,1.0,1.0
0.54,2.0,2.1369462,0.00045471173,0.124727696,204.35367,1.0,1.0
0.54,2.2,2.181962,0.0031929002,-0.12368801,167.8571,1.0,1.0
0.54,2.4,2.4361558,0.034250923,-0.1868503,623.8655,1.0,0.5625
0.54,2.6,2.5769277,0.074244864,-0.13253476,785.20496,1.0,0.9375
0.54,2.8,2.8751857,0.049704593,0.11746596,180.05087,1.0,0.9375
0.54,3.0,2.8188095,0.033176802,0.175599,779.0381,1.0,0.625
0.56,0.0,0.030076234,0.023250017,-0.025188738,3.1182709,1.0,1.0
0.56,0.2,0.22757255,-0.035377942,-0.10571945,10.93059,1.0,1.0
0.56,0.4,0.39800775,-0.0067078234,0.0106928665,11.58589,1.0,1.0
0.56,0.6,0.64685893,0.050946,0.049418382,15.876179,1.0,1.0
0.56,0.8,0.7796558,0.030745447,-0.028947547,26.382729,1.0,1.0
0.56,1.0,0.9648293,0.076148294,0.0015542023,30.68337,1.0,1.0
0.56,1.2,1.1395273,0.05256133,-0.109408885,32.164703,1.0,1.0
0.56,1.4,1.3928328,0.03663444,0.03615579,115.012985,1.0,1.0
0.56,1.6,1.6687521,0.039523773,0.03946597,122.37685,1.0,1.0
0.56,1.8,1.834651,0.04058785,-0.1565255,100.45371,1.0,1.0
0.56,2.0,2.0718007,0.0306742,0.043794915,331.73813,1.0,1.0
0.56,2.2,2.2152183,0.021944175,-0.11208856,170.53769,1.0,1.0
0.56,2.4,2.3716502,0.048626564,-0.05226838,592.4166,1.0,1.0
0.56,2.6,2.57321,0.080302656,0.14048596,385.0987,1.0,0.9375
0.56,2.8,2.896062,0.034692228,0.35012835,142.2355,1.0,0.0
0.56,3.0,2.8292794,0.0023824275,0.13287623,318.0715,1.0,0.75
0.58,0.0,0.030886058,0.02546643,-0.01297749,4.9746456,1.0,1.0
0.58,0.2,0.22857931,-0.02848635,-0.13514246,8.341711,1.0,1.0
0.58,0.4,0.390106,-0.004862801,-0.0052163024,11.509094,1.0,1.0
0.58,0.6,0.63432163,0.048838273,0.019881055,24.136053,1.0,1.0
0.58,0.8,0.80873185,0.025492612,-0.036572427,27.719406,1.0,1.0
0.58,1.0,0.9832299,0.0813752,0.0051639844,46.645096,1.0,1.0
0.58,1.2,1.1457114,0.051287413,-0.07170352,44.08618,1.0,1.0
0.58,1.4,1.3507394,0.041809753,0.04483491,106.348465,1.0,1.0
0.58,1.6,1.6053131,0.059813567,0.020849468,154.34592,1.0,1.0
0.58,1.8,1.846565,0.045549624,-0.062884085,134.30725,1.0,1.0
0.58,2.0,2.000576,0.013947147,0.016331341,311.4258,1.0,1.0
0.58,2.2,2.2482708,0.037601613,-0.12079914,157.24088,1.0,1.0
0.58,2.4,2.3686972,0.050298993,0.13162678,313.89404,1.0,0.9375
0.58,2.6,2.6223762,0.062384345,0.19337416,289.10822,1.0,0.5
0.58,2.8,2.8391123,0.051527612,0.31143785,421.14294,1.0,0.0
0.58,3.0,2.877777,0.012765594,0.10239504,211.69489,1.0,0.8125
0.6,0.0,0.032972775,0.028888473,-0.0042121424,6.3600655,1.0,1.0
0.6,0.2,0.22556472,-0.01489106,-0.14290391,17.723114,1.0,1.0
0.6,0.4,0.3848176,-0.0010647462,-0.011428466,10.058025,1.0,1.0
0.6,0.6,0.603956,0.0412445,-0.052525938,11.400648,1.0,1.0
0.6,0.8,0.8461545,0.022357566,-0.10296629,27.622196,1.0,1.0
0.6,1.0,1.0172695,0.08647451,0.024175113,54.814606,1.0,1.0
0.6,1.2,1.1680784,0.05315811,-0.05009397,55.07126,1.0,1.0
0.6,1.4,1.3286631,0.043172453,0.020106142,72.50096,1.0,1.0
0.6,1.6,1.5489025,0.052445658,-0.07249044,140.13959,1.0,1.0
0.6,1.8,1.7878058,0.022889774,0.025223976,249.54062,1.0,1.0
0.6,2.0,1.9653163,-0.0026756073,-0.040348664,138.63063,1.0,1.0
0.6,2.2,2.2926521,0.031468827,-0.2425141,141.3529,1.0,0.0
0.6,2.4,2.4169188,0.036843345,0.13323103,255.18115,1.0,1.0
0.6,2.6,2.6726785,0.056318887,0.07088212,255.19287,1.0,1.0
0.6,2.8,2.7701156,0.07445885,0.06832021,828.7034,1.0,1.0
0.6,3.0,2.9367914,0.039355576,0.011868971,264.6032,1.0,1.0
0.62,0.0,0.03672141,0.03312862,0.002189189,8.077839,1.0,1.0
0.62,0.2,0.21627757,-0.007990173,-0.08661871,16.769428,1.0,1.0
0.62,0.4,0.3837788,0.0065807635,-0.017847205,9.976707,1.0,1.0
0.62,0.6,0.5804822,0.031951703,-0.10502981,10.8067875,1.0,1.0
0.62,0.8,0.8612975,0.026477017,-0.14768943,43.771667,1.0,1.0
0.62,1.0,1.0631139,0.09158595,0.087920874,41.585823,1.0,1.0
0.62,1.2,1.2067327,0.056062475,-0.06448515,56.87182,1.0,1.0
0.62,1.4,1.3261236,0.04339523,-0.020581257,46.990726,1.0,1.0
0.62,1.6,1.516093,0.039409306,-0.13461494,94.337845,1.0,1.0
0.62,1.8,1.7384192,0.027331317,0.06625654,230.63678,1.0,1.0
0.62,2.0,1.9751335,0.0012686197,-0.10876015,131.81592,1.0,1.0
0.62,2.2,2.262545,0.02090614,-0.14395858,403.65405,1.0,1.0
0.62,2.4,2.4687295,0.033911914,0.0514408,222.20926,1.0,1.0
0.62,2.6,2.700586,0.055723198,0.070499465,183.7186,1.0,1.0
0.62,2.8,2.7068324,0.040876765,0.008816289,498.62164,1.0,1.0
0.62,3.0,2.9754522,0.059738055,-0.06811759,227.90968,1.0,1.0
0.64,0.0,0.03971962,0.034788243,-0.00058898644,9.077339,1.0,1.0
0.64,0.2,0.21002285,-0.0029082913,-0.010466553,10.132908,1.0,1.0
0.64,0.4,0.3900533,0.016190354,-0.022656139,12.731558,1.0,1.0
0.64,0.6,0.56577873,0.024575649,-0.10316235,18.107506,1.0,1.0
0.64,0.8,0.83529776,0.029910948,-0.098812,17.507149,1.0,1.0
0.64,1.0,1.0713754,0.09442839,0.050011534,61.71799,1.0,1.0
0.64,1.2,1.2607124,0.057797305,-0.13068189,48.096268,1.0,1.0
0.64,1.4,1.3402405,0.04895118,-0.027590862,65.73312,1.0,1.0
0.64,1.6,1.5088418,0.035690796,-0.121604614,58.88738,1.0,1.0
0.64,1.8,1.7228956,0.030145086,0.06505816,133.13672,1.0,1.0
0.64,2.0,2.0058997,0.014674905,-0.09797637,133.44604,1.0,1.0
0.64,2.2,2.1918244,0.022640385,-0.017052328,512.5686,1.0,1.0
0.64,2.4,2.501554,0.030661885,0.068291694,169.05437,1.0,1.0
0.64,2.6,2.7209725,0.042696152,0.25862545,112.54974,1.0,0.0
0.64,2.8,2.7234597,0.02843469,-0.021867149,285.95837,1.0,1.0
0.64,3.0,3.0021138,0.06416876,-0.2264522,242.91681,1.0,0.25
0.66,0.0,0.03888561,0.030805673,0.011014756,8.435122,1.0,1.0
0.66,0.2,0.20436263,-0.0004464069,0.02033886,7.4948297,1.0,1.0
0.66,0.4,0.4061885,0.025511766,-0.011335552,15.182671,1.0,1.0
0.66,0.6,0.56139076,0.020303465,-0.08668414,21.351921,1.0,1.0
0.66,0.8,0.81429726,0.029239338,-0.0256075,11.187723,1.0,1.0
0.66,1.0,1.0253829,0.09476698,0.010756042,41.287766,1.0,1.0
0.66,1.2,1.2926545,0.063737996,-0.08910545,77.94849,1.0,1.0
0.66,1.4,1.3705404,0.051221393,0.004482952,78.76545,1.0,1.0
0.66,1.6,1.522093,0.03974706,-0.06973274,77.32166,1.0,1.0
0.66,1.8,1.7350819,0.030275408,0.010590738,99.897934,1.0,1.0
0.66,2.0,2.0436935,0.03326635,-0.06022223,139.6048,1.0,1.0
0.66,2.2,2.164437,0.024499973,0.09524396,276.55356,1.0,1.0
0.66,2.4,2.5353808,0.017152974,0.21239862,134.35443,1.0,0.4375
0.66,2.6,2.6785936,0.0460458,0.35017636,371.7795,1.0,0.0
0.66,2.8,2.7697182,0.05411596,-0.059882574,221.82562,1.0,1.0
0.66,3.0,2.9559927,0.058462836,-0.28666788,810.32837,1.0,0.0
0.68,0.0,0.03612134,0.025273664,0.0075231297,7.726835,1.0,1.0
0.68,0.2,0.19839916,0.0015080054,0.009610539,6.1821117,1.0,1.0
0.68,0.4,0.4295907,0.031182934,0.031413566,13.126591,1.0,1.0
0.68,0.6,0.56307197,0.01563263,-0.06599158,18.010448,1.0,1.0
0.68,0.8,0.79317266,0.031728886,-0.0036357846,16.54327,1.0,1.0
0.68,1.0,0.9869286,0.08700263,-0.056459658,33.99703,1.0,1.0
0.68,1.2,1.2460587,0.056580894,-0.02061947,79.89699,1.0,1.0
0.68,1.4,1.4169294,0.04987444,0.065341,80.70871,1.0,1.0
0.68,1.6,1.5538545,0.049618617,-0.048492033,92.75075,1.0,1.0
0.68,1.8,1.766214,0.029311381,-0.032246754,112.40231,1.0,1.0
0.68,2.0,2.08571,0.038192958,-0.12494052,120.69902,1.0,1.0
0.68,2.2,2.1905372,0.016468566,0.093621686,228.4065,1.0,1.0
0.68,2.4,2.5037487,0.026212242,0.25171196,321.60358,1.0,0.3125
0.68,2.6,2.6144214,0.073517054,0.13049918,692.18555,1.0,1.0
0.68,2.8,2.8178158,0.08210899,-0.1225039,239.06723,1.0,1.0
0.68,3.0,2.8514948,0.063756734,-0.19992134,973.7649,1.0,0.625
0.7000000000000001,0.0,0.030608794,0.021483967,-0.006672837,9.813254,1.0,1.0
0.7000000000000001,0.2,0.19490702,0.0049328366,0.001883757,4.6477537,1.0,1.0
0.7000000000000001,0.4,0.42718935,0.029392,0.017105564,12.715492,1.0,1.0
0.7000000000000001,0.6,0.57120645,0.007813974,-0.04749624,19.063507,1.0,1.0
0.7000000000000001,0.8,0.77591413,0.033414643,0.0049690334,24.688282,1.0,1.0
0.7000000000000001,1.0,0.9645041,0.07795946,-0.10390471,37.087696,1.0,1.0
0.7000000000000001,1.2,1.2041521,0.05807428,0.015746636,66.53453,1.0,1.0
0.7000000000000001,1.4,1.4638306,0.04916086,0.12737471,121.56007,1.0,1.0
0.7000000000000001,1.6,1.5983205,0.05644863,-0.076827034,90.225266,1.0,1.0
0.7000000000000001,1.8,1.8031636,0.029181257,-0.00735779,110.677216,1.0,1.0
0.7000000000000001,2.0,2.1097023,0.0425226,-0.15461762,170.64534,1.0,1.0
0.7000000000000001,2.2,2.2316706,0.014788609,-0.0025448254,199.75931,1.0,1.0
0.7000000000000001,2.4,2.430541,0.049948476,0.09463056,554.83386,1.0,1.0
0.7000000000000001,2.6,2.544046,0.04008829,0.08755508,534.84265,1.0,1.0
0.7000000000000001,2.8,2.8427181,0.101986356,-0.15911853,195.40848,1.0,0.875
0.7000000000000001,3.0,2.8617768,0.072544046,0.15994063,430.8589,1.0,0.625
0.72,0.0,0.025569472,0.018818118,-0.024079839,12.611364,1.0,1.0
0.72,0.2,0.19457379,0.011110021,0.0028332118,4.0105495,1.0,1.0
0.72,0.4,0.411066,0.025394537,-0.017997727,13.985273,1.0,1.0
0.72,0.6,0.58762074,-0.00024071801,-0.044403553,17.513977,1.0,1.0
0.72,0.8,0.76804745,0.036326505,0.008409865,20.229603,1.0,1.0
0.72,1.0,0.9583095,0.0717479,-0.1001715,29.030006,1.0,1.0
0.72,1.2,1.1751106,0.059444718,0.009702208,64.77043,1.0,1.0
0.72,1.4,1.4309189,0.05556935,0.04352144,115.196686,1.0,1.0
0.72,1.6,1.659656,0.059062526,-0.15075287,87.25429,1.0,1.0
0.72,1.8,1.8507953,0.022840686,0.07597086,109.565155,1.0,1.0
0.72,2.0,2.0529165,0.018993026,-0.035442352,380.95197,1.0,1.0
0.72,2.2,2.2636213,0.013256231,-0.020431727,172.20683,1.0,1.0
0.72,2.4,2.3622172,0.022457894,0.05410583,421.81213,1.0,1.0
0.72,2.6,2.5450296,0.018402064,0.015724681,287.27185,1.0,1.0
0.72,2.8,2.8517108,0.10630571,-0.28714597,329.18777,1.0,0.0
0.72,3.0,2.9153724,0.05367905,0.24621221,300.29428,1.0,0.25
0.74,0.0,0.021491628,0.014103627,-0.048154745,6.6602173,1.0,1.0
0.74,0.2,0.19817954,0.018821144,0.00093646254,5.710861,1.0,1.0
0.74,0.4,0.39731997,0.017143432,-0.075975545,9.061371,1.0,1.0
0.74,0.6,0.61414903,-0.0055454597,-0.073650524,16.56707,1.0,1.0
0.74,0.8,0.7690786,0.042608254,-0.0036756457,22.620169,1.0,1.0
0.74,1.0,0.9603131,0.06808201,-0.06194831,27.325874,1.0,1.0
0.74,1.2,1.1618991,0.060239222,-0.012912834,37.710175,1.0,1.0
0.74,1.4,1.3734701,0.05463767,-0.060116902,93.883545,1.0,1.0
0.74,1.6,1.6636906,0.059925467,-0.04448078,136.0026,1.0,1.0
0.74,1.8,1.8836586,0.017582485,0.111882806,169.39305,1.0,1.0
0.74,2.0,1.9899648,0.023816966,0.057566516,357.7032,1.0,1.0
0.74,2.2,2.29565,0.006268385,0.07511723,145.95372,1.0,1.0
0.74,2.4,2.353004,0.008189813,-0.012192959,256.44077,1.0,1.0
0.74,2.6,2.5873046,0.03595452,-0.04531287,196.74747,1.0,1.0
0.74,2.8,2.7943738,0.09134666,-0.28427,955.6509,1.0,0.0
0.74,3.0,2.9706376,0.04394535,0.16001803,296.90692,1.0,0.75
0.76,0.0,0.019669315,0.008164642,-0.062403798,3.9796863,1.0,1.0
0.76,0.2,0.20754004,0.02692536,0.00544127,9.371837,1.0,1.0
0.76,0.4,0.38889712,0.008110309,-0.07565661,8.850962,1.0,1.0
0.76,0.6,0.64258707,-0.007267532,-0.14241621,18.84204,1.0,1.0
0.76,0.8,0.78284836,0.04964092,-0.015689984,35.512264,1.0,1.0
0.76,1.0,0.97380733,0.06644132,-0.032296706,31.890602,1.0,1.0
0.76,1.2,1.1630764,0.066798955,-0.02682636,36.089066,1.0,1.0
0.76,1.4,1.3291384,0.04359602,-0.11713147,90.604126,1.0,1.0
0.76,1.6,1.6002836,0.041062236,0.029694894,171.8021,1.0,1.0
0.76,1.8,1.8232436,0.0394938,0.07857533,225.023,1.0,1.0
0.76,2.0,1.9707426,0.022010192,0.10470942,180.33871,1.0,1.0
0.76,2.2,2.324011,-0.005946208,0.21597996,227.36624,1.0,0.1875
0.76,2.4,2.3877692,0.024429863,-0.084409416,185.04938,1.0,1.0
0.76,2.6,2.637539,0.059216443,-0.09287825,219.7133,1.0,1.0
0.76,2.8,2.71127,0.115626775,-0.15852639,858.87384,1.0,0.8125
0.76,3.0,3.0019462,0.04082781,0.2002406,187.36877,1.0,0.5
0.78,0.0,0.019443005,0.0037090522,-0.06776199,6.2267094,1.0,1.0
0.78,0.2,0.21757248,0.031381935,0.01322924,10.662197,1.0,1.0
0.78,0.4,0.38444406,0.0020615635,-0.057688314,13.42837,1.0,1.0
0.78,0.6,0.6340902,0.00013621617,-0.16057315,23.46393,1.0,1.0
0.78,0.8,0.8105404,0.057598315,-0.0065403013,40.818542,1.0,1.0
0.78,1.0,1.0004094,0.066448964,-0.03386277,38.349438,1.0,1.0
0.78,1.2,1.1789908,0.07316488,-0.018559072,52.972336,1.0,1.0
0.78,1.4,1.3075645,0.036526993,-0.12456126,49.620598,1.0,1.0
0.78,1.6,1.5544636,0.043140747,0.05527129,156.23685,1.0,1.0
0.78,1.8,1.7538273,0.031712852,-0.015231324,200.7203,1.0,1.0
0.78,2.0,1.999818,0.017135648,0.061300278,158.60435,1.0,1.0
0.78,2.2,2.2736611,0.02364098,0.10369842,376.66074,1.0,1.0
0.78,2.4,2.429028,0.04701037,-0.099161565,193.12115,1.0,1.0
0.78,2.6,2.6652663,0.07663631,-0.10558201,199.27817,1.0,1.0
0.78,2.8,2.7294164,0.12098873,0.17209005,365.88397,1.0,0.625
0.78,3.0,3.0204787,0.021393858,0.47220194,190.2277,1.0,0.0
0.8,0.0,0.021481264,-0.0013322127,-0.07061508,7.5962276,1.0,1.0
0.8,0.2,0.21711601,0.026653554,0.03072537,12.217061,1.0,1.0
0.8,0.4,0.38498396,-0.0025390955,-0.04785873,14.47312,1.0,1.0
0.8,0.6,0.6172206,0.0034471564,-0.088678814,16.054035,1.0,1.0
0.8,0.8,0.8482895,0.06355887,0.045617234,29.993626,1.0,1.0
0.8,1.0,1.0426711,0.06627242,-0.077051006,39.520733,1.0,1.0
0.8,1.2,1.2120763,0.07641442,0.015501947,68.47255,1.0,1.0
0.8,1.4,1.3037177,0.031197872,-0.08928971,45.228718,1.0,1.0
0.8,1.6,1.5330036,0.045134187,0.036187813,97.145386,1.0,1.0
0.8,1.8,1.7114382,0.01996763,-0.11023237,119.29042,1.0,1.0
0.8,2.0,2.0405736,0.013841455,-0.011307204,151.89713,1.0,1.0
0.8,2.2,2.2000928,0.015416538,0.077954695,432.91724,1.0,1.0
0.8,2.4,2.4562607,0.06486119,-0.10244087,179.52853,1.0,1.0
0.8,2.6,2.6993728,0.07632917,-0.24944362,139.98785,1.0,0.0625
0.8,2.8,2.7859707,0.101871416,0.2301563,293.0903,1.0,0.1875
0.8,3.0,2.9553452,0.039170347,0.3889864,505.25412,1.0,0.0
0.8200000000000001,0.0,0.025800759,-0.0063633323,-0.0808186,8.442148,1.0,1.0
0.8200000000000001,0.2,0.20850769,0.023760725,0.010586264,12.115409,1.0,1.0
0.8200000000000001,0.4,0.3908177,-0.009717695,-0.045025267,13.159445,1.0,1.0
0.8200000000000001,0.6,0.6063036,0.0038818046,-0.015137747,13.301504,1.0,1.0
0.8200000000000001,0.8,0.85745156,0.067139715,0.036001414,40.497063,1.0,1.0
0.8200000000000001,1.0,1.0864708,0.07028869,-0.1429781,55.549095,1.0,1.0
0.8200000000000001,1.2,1.2599705,0.08020907,0.07902798,58.452183,1.0,1.0
0.8200000000000001,1.4,1.3176545,0.03196282,-0.05401168,61.975357,1.0,1.0
0.8200000000000001,1.6,1.5362597,0.045405395,-0.01957393,66.127716,1.0,1.0
0.8200000000000001,1.8,1.6979978,0.014980742,-0.14221418,76.54296,1.0,1.0
0.8200000000000001,2.0,2.0789924,0.011794927,-0.014623214,131.58366,1.0,1.0
0.8200000000000001,2.2,2.1640549,-0.0077198553,0.015014009,223.20085,1.0,1.0
0.8200000000000001,2.4,2.4900885,0.065855294,-0.22127903,135.27765,1.0,0.25
0.8200000000000001,2.6,2.661347,0.06600179,-0.24882849,516.9519,1.0,0.125
0.8200000000000001,2.8,2.8423426,0.09537646,0.15124172,274.48117,1.0,0.875
0.8200000000000001,3.0,2.8853767,0.055554174,0.11786692,918.06934,1.0,1.0
0.84,0.0,0.03177003,-0.011876869,-0.1009617,9.103218,1.0,1.0
0.84,0.2,0.20026982,0.020829216,-0.017504174,13.024091,1.0,1.0
0.84,0.4,0.40146255,-0.018621814,-0.051328927,12.2960415,1.0,1.0
0.84,0.6,0.59361005,0.0062041823,0.002410682,16.16462,1.0,1.0
0.84,0.8,0.81948334,0.06621528,-0.017024552,21.585915,1.0,1.0
0.84,1.0,1.0558724,0.06815077,-0.067444205,50.086575,1.0,1.0
0.84,1.2,1.2913969,0.080205575,0.07253098,72.36287,1.0,1.0
0.84,1.4,1.3498144,0.03718946,-0.049127616,75.91154,1.0,1.0
0.84,1.6,1.5580364,0.046132572,-0.040795237,87.607895,1.0,1.0
0.84,1.8,1.713021,0.023887135,-0.089724876,97.81227,1.0,1.0
0.84,2.0,2.1199346,0.0031647952,0.08530064,122.237274,1.0,1.0
0.84,2.2,2.1757665,-0.0047617587,-0.0747995,182.44742,1.0,1.0
0.84,2.4,2.462454,0.057041854,-0.1870023,422.35626,1.0,0.75
0.84,2.6,2.5792756,0.07226262,-0.120848075,781.49567,1.0,1.0
0.84,2.8,2.8742418,0.09080191,0.19865745,167.36725,1.0,0.4375
0.84,3.0,2.8295784,0.017637879,0.034593314,520.6726,1.0,1.0
0.86,0.0,0.038120627,-0.016684975,-0.12138526,9.012423,1.0,1.0
0.86,0.2,0.19458419,0.0113586355,-0.053474415,8.370304,1.0,1.0
0.86,0.4,0.4191952,-0.026245983,-0.07695156,13.511425,1.0,1.0
0.86,0.6,0.5818944,0.008004456,0.004440332,18.623682,1.0,1.0
0.86,0.8,0.78865165,0.059442084,-0.08133261,20.401781,1.0,1.0
0.86,1.0,1.0195472,0.0649225,0.0057085245,42.329636,1.0,1.0
0.86,1.2,1.238414,0.08409056,0.025341177,67.26216,1.0,1.0
0.86,1.4,1.3977815,0.040563554,-0.09076524,70.93232,1.0,1.0
0.86,1.6,1.590604,0.04771037,-0.0070063733,92.855255,1.0,1.0
0.86,1.8,1.745927,0.03686914,-0.055560235,114.43791,1.0,1.0
0.86,2.0,2.1346834,0.0010141945,0.124078676,203.21996,1.0,1.0
0.86,2.2,2.2126524,0.01055942,-0.09139106,169.10208,1.0,1.0
0.86,2.4,2.3959632,0.05505317,-0.04865451,638.08826,1.0,1.0
0.86,2.6,2.5740826,0.0780097,0.14689207,381.85516,1.0,1.0
0.86,2.8,2.902769,0.07110922,0.42973974,182.74164,1.0,0.0
0.86,3.0,2.8545885,0.0056742355,0.016805507,281.96786,1.0,1.0
0.88,0.0,0.03924042,-0.012189188,-0.12617853,3.006558,1.0,1.0
0.88,0.2,0.19178712,0.0018379868,-0.05407995,5.7395496,1.0,1.0
0.88,0.4,0.44242883,-0.029904092,-0.11925712,12.40933,1.0,1.0
0.88,0.6,0.5750216,0.0101724295,8.2725484e-05,14.978621,1.0,1.0
0.88,0.8,0.7681227,0.05049731,-0.10988557,25.143616,1.0,1.0
0.88,1.0,0.98830456,0.06822454,0.021266447,39.05966,1.0,1.0
0.88,1.2,1.1895463,0.08020921,-0.05300958,56.817112,1.0,1.0
0.88,1.4,1.4603504,0.039083935,-0.13385296,87.56067,1.0,1.0
0.88,1.6,1.6389204,0.04171112,0.075971514,89.899994,1.0,1.0
0.88,1.8,1.7876495,0.046020627,-0.08922764,106.98544,1.0,1.0
0.88,2.0,2.0702283,0.031017115,0.04254801,332.86127,1.0,1.0
0.88,2.2,2.24507,0.028054986,-0.07053903,165.75986,1.0,1.0
0.88,2.4,2.3696895,0.056447685,0.13070858,354.2911,1.0,1.0
0.88,2.6,2.6240253,0.060166754,0.20128089,285.69116,1.0,0.4375
0.88,2.8,2.838572,0.09541637,0.30089232,479.70483,1.0,0.0
0.88,3.0,2.9041655,0.031934395,-0.024389198,240.4045,1.0,1.0
0.9,0.0,0.038193867,-0.00011124206,-0.13700277,12.47478,1.0,1.0
0.9,0.2,0.19166845,-0.00520937,-0.050537523,8.218454,1.0,1.0
0.9,0.4,0.44404954,-0.023603529,-0.15198213,19.477121,1.0,1.0
0.9,0.6,0.5747312,0.016789675,-0.01304779,15.293284,1.0,1.0
0.9,0.8,0.7611736,0.045763515,-0.10239098,27.153376,1.0,1.0
0.9,1.0,0.967963,0.06846741,0.017243767,39.91802,1.0,1.0
0.9,1.2,1.1591989,0.07218003,-0.10580858,54.166443,1.0,1.0
0.9,1.4,1.4476016,0.044481605,-0.057367522,124.45973,1.0,1.0
0.9,1.6,1.6827065,0.03606901,0.14529562,146.73105,1.0,1.0
0.9,1.8,1.8463957,0.045960415,-0.17275171,104.01988,1.0,0.9375
0.9,2.0,1.9992301,0.014607336,0.016968332,310.4529,1.0,1.0
0.9,2.2,2.279372,0.037520807,-0.124215,143.11964,1.0,1.0
0.9,2.4,2.4063272,0.041753612,0.17066488,271.62134,1.0,0.875
0.9,2.6,2.6754546,0.053668804,0.07989313,251.70691,1.0,1.0
0.9,2.8,2.7594788,0.10940121,0.12431778,808.1096,1.0,0.9375
0.9,3.0,2.9551105,0.061381347,-0.11179154,256.076,1.0,1.0
0.92,0.0,0.035646822,0.01106553,-0.1242843,12.749765,1.0,1.0
0.92,0.2,0.1954346,-0.011628621,-0.05263228,9.729141,1.0,1.0
0.92,0.4,0.42898005,-0.013899041,-0.12450733,21.76263,1.0,1.0
0.92,0.6,0.58372784,0.026265144,-0.024292085,22.732384,1.0,1.0
0.92,0.8,0.7616304,0.04141089,-0.06943679,21.27473,1.0,1.0
0.92,1.0,0.9603147,0.07109034,0.0066967974,25.319012,1.0,1.0
0.92,1.2,1.1470851,0.06577417,-0.09844948,29.97354,1.0,1.0
0.92,1.4,1.3937835,0.03730104,0.034982316,115.07539,1.0,1.0
0.92,1.6,1.6269956,0.050002255,0.103992455,161.1372,1.0,1.0
0.92,1.8,1.840487,0.042365193,-0.041045494,172.07639,1.0,1.0
0.92,2.0,1.9642837,-0.0017744792,-0.039199606,138.32805,1.0,1.0
0.92,2.2,2.3054163,0.036123995,-0.20081666,205.52365,1.0,0.4375
0.92,2.4,2.4561048,0.035351552,0.06026485,220.1139,1.0,1.0
0.92,2.6,2.7052581,0.052848756,0.078592956,180.48647,1.0,1.0
0.92,2.8,2.7019358,0.07066174,0.06873257,414.78345,1.0,1.0
0.92,3.0,2.9831226,0.081047446,-0.17868876,189.3787,1.0,0.8125
0.9400000000000001,0.0,0.03156008,0.016437545,-0.091797575,10.992716,1.0,1.0
0.9400000000000001,0.2,0.20263985,-0.01983,-0.0646503,10.763729,1.0,1.0
0.9400000000000001,0.4,0.41653234,-0.011693537,-0.038106173,14.125329,1.0,1.0
0.9400000000000001,0.6,0.60336596,0.035833932,-0.016046163,25.270996,1.0,1.0
0.9400000000000001,0.8,0.76897824,0.037592337,-0.046365175,24.333572,1.0,1.0
0.9400000000000001,1.0,0.964634,0.07623352,0.0020404183,30.703144,1.0,1.0
0.9400000000000001,1.2,1.1480929,0.06287435,-0.05606229,35.547043,1.0,1.0
0.9400000000000001,1.4,1.351608,0.042493477,0.04342456,105.84366,1.0,1.0
0.9400000000000001,1.6,1.5594469,0.045623653,-0.030511264,133.5404,1.0,1.0
0.9400000000000001,1.8,1.7752607,0.024257489,0.039417572,251.27985,1.0,1.0
0.9400000000000001,2.0,1.9742484,0.0021366333,-0.10721871,131.52359,1.0,1.0
0.9400000000000001,2.2,2.2568948,0.01595883,-0.109381035,494.1479,1.0,1.0
0.9400000000000001,2.4,2.48859,0.03299782,0.035593048,181.54109,1.0,1.0
0.9400000000000001,2.6,2.7269287,0.039403036,0.26844886,112.369896,1.0,0.0
0.9400000000000001,2.8,2.7222288,0.059586532,0.0479856,270.83295,1.0,1.0
0.9400000000000001,3.0,2.9707627,0.09130345,-0.3047791,443.7342,1.0,0.0
0.96,0.0,0.03112708,0.019745883,-0.052291304,5.390922,1.0,1.0
0.96,0.2,0.21362714,-0.029150343,-0.08562529,11.116713,1.0,1.0
0.96,0.4,0.40580308,-0.010663959,0.018283423,12.322035,1.0,1.0
0.96,0.6,0.63413775,0.04295335,0.033314988,18.070438,1.0,1.0
0.96,0.8,0.7884058,0.03293742,-0.039712176,24.448004,1.0,1.0
0.96,1.0,0.9829658,0.08153878,0.0058830236,46.55448,1.0,1.0
0.96,1.2,1.1627158,0.062899515,-0.02439069,45.060898,1.0,1.0
0.96,1.4,1.3295093,0.043786775,0.01802887,71.8734,1.0,1.0
0.96,1.6,1.5127664,0.035298757,-0.1233033,103.68863,1.0,1.0
0.96,1.8,1.7327491,0.02689754,0.06357369,193.79686,1.0,1.0
0.96,2.0,2.005116,0.015468998,-0.09616747,133.15456,1.0,1.0
0.96,2.2,2.1928859,0.022341631,0.0021353313,460.2046,1.0,1.0
0.96,2.4,2.5138035,0.02247483,0.16294253,145.91315,1.0,0.9375
0.96,2.6,2.6827164,0.043841854,0.34590513,371.70462,1.0,0.0
0.96,2.8,2.7691493,0.083690524,-0.005171382,222.35721,1.0,1.0
0.96,3.0,2.904641,0.07468412,-0.32228303,1219.4944,1.0,0.0
0.98,0.0,0.030882344,0.02195301,-0.03493552,2.8767684,1.0,1.0
0.98,0.2,0.22772002,-0.03566198,-0.104513444,11.305588,1.0,1.0
0.98,0.4,0.39537448,-0.00878016,0.016231135,12.174676,1.0,1.0
0.98,0.6,0.6374942,0.04423265,0.0318454,25.265203,1.0,1.0
0.98,0.8,0.8200649,0.029320478,-0.06545237,27.204922,1.0,1.0
0.98,1.0,1.0169358,0.08670222,0.024514258,54.73721,1.0,1.0
0.98,1.2,1.1950457,0.0657676,-0.023303933,54.597736,1.0,1.0
0.98,1.4,1.3270073,0.04391583,-0.023149043,46.902985,1.0,1.0
0.98,1.6,1.4915147,0.027797412,-0.14554068,48.643936,1.0,1.0
0.98,1.8,1.7228249,0.029039383,0.03615941,112.06309,1.0,1.0
0.98,2.0,2.0430722,0.034088433,-0.057654932,139.53952,1.0,1.0
0.98,2.2,2.1788127,0.02150536,0.095094875,242.5675,1.0,1.0
0.98,2.4,2.51334,0.015922282,0.2727789,306.26413,1.0,0.0
0.98,2.6,2.6161592,0.07307556,0.124706715,709.6009,1.0,1.0
0.98,2.8,2.8118181,0.10965648,-0.07815987,233.48825,1.0,0.9375
0.98,3.0,2.831969,0.10071982,-0.15307647,880.49866,1.0,0.8125
1.0,0.0,0.030047331,0.023270495,-0.025129706,3.1353292,1.0,1.0
1.0,0.2,0.22821735,-0.029098298,-0.13506263,8.322549,1.0,1.0
1.0,0.4,0.38748872,-0.006861616,-3.828245e-05,11.737749,1.0,1.0
1.0,0.6,0.611124,0.04047221,-0.021802882,10.796915,1.0,1.0
1.0,0.8,0.85825574,0.029459674,-0.14034049,27.15941,1.0,1.0
1.0,1.0,1.0627565,0.09183935,0.087709144,41.5122,1.0,1.0
1.0,1.2,1.2422802,0.067858726,-0.07253897,52.627342,1.0,1.0
1.0,1.4,1.3412169,0.049437802,-0.0299589,65.80046,1.0,1.0
1.0,1.6,1.4939088,0.029183015,-0.08926275,66.56047,1.0,1.0
1.0,1.8,1.737519,0.030202456,-0.027576808,99.881325,1.0,1.0
1.0,2.0,2.0853395,0.039098702,-0.121984944,120.693596,1.0,1.0
1.0,2.2,2.216504,0.013418216,0.071333274,211.64374,1.0,1.0
1.0,2.4,2.4532363,0.045218028,0.14549384,505.43524,1.0,0.9375
1.0,2.6,2.5451562,0.03969128,0.07817247,538.8545,1.0,1.0
1.0,2.8,2.8335514,0.12534097,-0.13460723,177.59888,1.0,0.9375
1.0,3.0,2.8664382,0.1026588,0.19319424,357.26517,1.0,0.5
1.02,0.0,0.030850802,0.025482401,-0.012945183,4.9622145,1.0,1.0
1.02,0.2,0.22521946,-0.015639517,-0.14356251,17.830654,1.0,1.0
1.02,0.4,0.38372278,-0.0024810177,-0.009117857,9.566389,1.0,1.0
1.02,0.6,0.5882207,0.032505937,-0.084142074,8.385569,1.0,1.0
1.02,0.8,0.847365,0.033429775,-0.119101204,37.508125,1.0,1.0
1.02,1.0,1.0710677,0.09435875,0.051838864,61.94287,1.0,1.0
1.02,1.2,1.2919638,0.07259071,-0.12340828,76.59147,1.0,1.0
1.02,1.4,1.371588,0.051710542,0.0027825604,78.73894,1.0,1.0
1.02,1.6,1.5176451,0.03523633,-0.053415835,89.52813,1.0,1.0
1.02,1.8,1.7681139,0.030021396,-0.056100294,114.835266,1.0,1.0
1.02,2.0,2.1096578,0.04332094,-0.15200427,171.87993,1.0,1.0
1.02,2.2,2.2608614,0.010293232,-0.005183854,187.71773,1.0,1.0
1.02,2.4,2.3792353,0.025278118,0.11700429,521.7386,1.0,1.0
1.02,2.6,2.5454454,0.01850254,0.008280229,292.16916,1.0,1.0
1.02,2.8,2.820678,0.13143079,-0.25688115,388.377,1.0,0.0
1.02,3.0,2.927319,0.08410559,0.22611171,319.64264,1.0,0.25
1.04,0.0,0.032929704,0.028899698,-0.004212763,6.3750095,1.0,1.0
1.04,0.2,0.21575369,-0.008694481,-0.087180845,16.68572,1.0,1.0
1.04,0.4,0.3853079,0.0054881354,-0.016835898,11.413851,1.0,1.0
1.04,0.6,0.57216567,0.02443163,-0.094646215,15.400946,1.0,1.0
1.04,0.8,0.8211148,0.034879584,-0.042525936,14.926389,1.0,1.0
1.04,1.0,1.0250598,0.0946631,0.0128331445,41.48707,1.0,1.0
1.04,1.2,1.2586144,0.06540203,-0.02600506,87.459694,1.0,1.0
1.04,1.4,1.418051,0.050352108,0.06490533,80.58518,1.0,1.0
1.04,1.6,1.5547638,0.04263141,-0.06882242,91.39101,1.0,1.0
1.04,1.8,1.8048928,0.030471291,-0.008426099,109.11803,1.0,1.0
1.04,2.0,2.0529418,0.019990286,-0.031879537,381.5605,1.0,1.0
1.04,2.2,2.2953234,0.0065483786,0.013568964,153.69244,1.0,1.0
1.04,2.4,2.3582554,-0.00089607574,0.053248413,272.69733,1.0,1.0
1.04,2.6,2.587339,0.036824536,-0.05054605,195.97047,1.0,1.0
1.04,2.8,2.7561991,0.10933321,-0.23936573,1073.3293,1.0,0.1875
1.04,3.0,2.9833727,0.07973694,0.16649023,280.09027,1.0,0.9375
1.06,0.0,0.036667474,0.03313744,0.0021455649,8.070727,1.0,1.0
1.06,0.2,0.2093696,-0.0035959547,-0.010739864,10.115971,1.0,1.0
1.06,0.4,0.39463067,0.014753363,-0.019173998,13.223108,1.0,1.0
1.06,0.6,0.5658396,0.019771751,-0.08648168,21.900393,1.0,1.0
1.06,0.8,0.8000018,0.035782233,-0.008497892,14.370305,1.0,1.0
1.06,1.0,0.98657763,0.08677976,-0.054847494,34.1315,1.0,1.0
1.06,1.2,1.210841,0.061261483,0.011357407,73.27565,1.0,1.0
1.06,1.4,1.4650227,0.04955515,0.1274166,121.23906,1.0,1.0
1.06,1.6,1.6079074,0.044531237,-0.12037517,82.517815,1.0,1.0
1.06,1.8,1.8563857,0.021808693,0.10465279,112.97653,1.0,1.0
1.06,2.0,1.9898722,0.024391202,0.05911828,358.80444,1.0,1.0
1.06,2.2,2.332823,-0.0061135995,0.14538416,139.49261,1.0,0.875
1.06,2.4,2.3878894,0.0064298585,-0.028510306,198.4968,1.0,1.0
1.06,2.6,2.6369727,0.060944412,-0.09896542,220.91016,1.0,1.0
1.06,2.8,2.685639,0.1329335,-0.0883668,786.04626,1.0,0.9375
1.06,3.0,3.0129738,0.073004164,0.2745899,160.12433,1.0,0.0625
1.08,0.0,0.039682005,0.03480515,-0.00063573866,9.093214,1.0,1.0
1.08,0.2,0.20366988,-0.0010929587,0.020369168,7.501999,1.0,1.0
1.08,0.4,0.41383874,0.022733487,0.00027960213,14.990109,1.0,1.0
1.08,0.6,0.5666759,0.015655737,-0.062666014,20.146675,1.0,1.0
1.08,0.8,0.77989984,0.03785831,-0.0069054975,18.888124,1.0,1.0
1.08,1.0,0.96417326,0.07765211,-0.10295741,37.048996,1.0,1.0
1.08,1.2,1.1727532,0.06119162,-0.0005470442,64.20865,1.0,1.0
1.08,1.4,1.4303881,0.055506177,0.046656374,116.49519,1.0,1.0
1.08,1.6,1.6511335,0.051035278,-0.11464684,104.180595,1.0,1.0
1.08,1.8,1.8682084,0.024372566,0.068948485,149.10132,1.0,1.0
1.08,2.0,1.9705591,0.022373203,0.10598969,180.99626,1.0,1.0
1.08,2.2,2.3266222,-0.0022172031,0.19346648,275.1764,1.0,0.4375
1.08,2.4,2.4370835,0.02611117,-0.06707801,197.10565,1.0,1.0
1.08,2.6,2.6644697,0.07892959,-0.11176419,203.32172,1.0,1.0
1.08,2.8,2.7141433,0.1302194,0.22127613,338.62903,1.0,0.125
1.08,3.0,3.0350256,0.048547484,0.57597375,320.82166,1.0,0.0
1.1,0.0,0.038841724,0.030824687,0.010980726,8.428003,1.0,1.0
1.1,0.2,0.19772418,0.0008758686,0.009517902,6.2599335,1.0,1.0
1.1,0.4,0.43604434,0.029147565,0.0246423,19.825184,1.0,1.0
1.1,0.6,0.5727996,0.009020261,-0.0450818,18.57346,1.0,1.0
1.1,0.8,0.765471,0.03993606,0.0013941718,23.367361,1.0,1.0
1.1,1.0,0.9579946,0.071427256,-0.099683166,29.03534,1.0,1.0
1.1,1.2,1.1520196,0.058483068,-0.024081063,39.18493,1.0,1.0
1.1,1.4,1.3725271,0.054477043,-0.058698572,93.21263,1.0,1.0
1.1,1.6,1.6111327,0.0373542,-0.017055634,170.50604,1.0,1.0
1.1,1.8,1.7999027,0.04502493,0.037129983,225.83344,1.0,1.0
1.1,2.0,1.9995993,0.017367205,0.062748164,159.10303,1.0,1.0
1.1,2.2,2.2587023,0.021914065,0.08096485,439.7921,1.0,1.0
1.1,2.4,2.4702795,0.04488766,-0.06798713,182.26668,1.0,1.0
1.1,2.6,2.698378,0.07877083,-0.2503875,137.62271,1.0,0.0625
1.1,2.8,2.7718587,0.10836737,0.23802374,301.11127,1.0,0.1875
1.1,3.0,2.9556236,0.08553906,0.31118178,657.09937,1.0,0.0
1.12,0.0,0.036081005,0.025287466,0.0075065894,7.7330847,1.0,1.0
1.12,0.2,0.19426142,0.00431047,0.0014489329,4.742647,1.0,1.0
1.12,0.4,0.42296118,0.024605606,0.018281385,12.365372,1.0,1.0
1.12,0.6,0.58741033,0.0018250747,-0.04097341,18.266956,1.0,1.0
1.12,0.8,0.76017356,0.04382472,0.006963064,18.701439,1.0,1.0
1.12,1.0,0.9599909,0.06774205,-0.06165684,27.395065,1.0,1.0
1.12,1.2,1.1472683,0.061461285,-0.048815794,30.283731,1.0,1.0
1.12,1.4,1.3280158,0.043558784,-0.11681079,89.20349,1.0,1.0
1.12,1.6,1.5553398,0.038645126,0.033599056,162.6025,1.0,1.0
1.12,1.8,1.7381494,0.032479722,-0.041757204,209.7677,1.0,1.0
1.12,2.0,2.0404186,0.014012709,-0.010155277,152.01598,1.0,1.0
1.12,2.2,2.1893048,0.00042098225,0.05208291,382.61798,1.0,1.0
1.12,2.4,2.5050223,0.050446726,-0.16261718,128.63593,1.0,0.9375
1.12,2.6,2.6590345,0.06972861,-0.25389123,531.47656,1.0,0.0
1.12,2.8,2.8267112,0.10298404,0.16091722,261.70874,1.0,0.9375
1.12,3.0,2.8646429,0.082415245,0.19092341,884.66565,1.0,0.625
1.1400000000000001,0.0,0.030565728,0.021493144,-0.0067029446,9.807906,1.0,1.0
1.1400000000000001,0.2,0.19399583,0.0104883015,0.002361571,4.0571175,1.0,1.0
1.1400000000000001,0.4,0.40727127,0.021954702,-0.02203963,12.133042,1.0,1.0
1.1400000000000001,0.6,0.6120106,-0.0046644034,-0.062004842,17.035904,1.0,1.0
1.1400000000000001,0.8,0.7642732,0.05037428,-0.0014633993,26.4306,1.0,1.0
1.1400000000000001,1.0,0.9734763,0.06605017,-0.03215204,31.69339,1.0,1.0
1.1400000000000001,1.2,1.1569221,0.06695825,-0.04492709,46.97171,1.0,1.0
1.1400000000000001,1.4,1.3064042,0.036585905,-0.12458323,48.109947,1.0,1.0
1.1400000000000001,1.6,1.5234903,0.041912153,0.03779375,119.375275,1.0,1.0
1.1400000000000001,1.8,1.7062151,0.01981917,-0.119755104,104.34543,1.0,1.0
1.1400000000000001,2.0,2.078885,0.011888044,-0.013965517,131.82982,1.0,1.0
1.1400000000000001,2.2,2.1670632,-0.016025081,-0.010872399,205.46599,1.0,1.0
1.1400000000000001,2.4,2.4940362,0.04673653,-0.18530324,336.5891,1.0,0.6875
1.1400000000000001,2.6,2.5782843,0.07667186,-0.1195739,779.64514,1.0,0.9375
1.1400000000000001,2.8,2.8552694,0.09508358,0.23913923,165.6377,1.0,0.0
1.1400000000000001,3.0,2.8301175,0.039986514,0.14489777,380.64453,1.0,0.75
1.16,0.0,0.025524933,0.018823605,-0.024119418,12.600419,1.0,1.0
1.16,0.2,0.19768259,0.0181954,0.00091727707,5.685342,1.0,1.0
1.16,0.4,0.3952539,0.01396418,-0.06968883,8.434108,1.0,1.0
1.16,0.6,0.6436668,-0.005870916,-0.1260884,17.23989,1.0,1.0
1.16,0.8,0.78216916,0.057769917,-0.013083203,38.19035,1.0,1.0
1.16,1.0,1.0000863,0.06599763,-0.033946127,38.22762,1.0,1.0
1.16,1.2,1.1817306,0.07025998,-0.014579644,61.424564,1.0,1.0
1.16,1.4,1.3025528,0.031358052,-0.08927543,45.05713,1.0,1.0
1.16,1.6,1.5192357,0.042421676,-0.00013406691,67.92703,1.0,1.0
1.16,1.8,1.7034681,0.016332537,-0.13124543,86.97388,1.0,1.0
1.16,2.0,2.1198726,0.0031851446,0.085353844,123.11421,1.0,1.0
1.16,2.2,2.1916075,-0.0069991243,-0.08484069,164.18533,1.0,1.0
1.16,2.4,2.4231882,0.0292749,-0.088863924,645.85474,1.0,1.0
1.16,2.6,2.5726209,0.08178645,0.15071732,387.63324,1.0,1.0
1.16,2.8,2.8853033,0.07343525,0.47906584,229.16745,1.0,0.0
1.16,3.0,2.8578935,0.033238575,0.14848633,243.27417,1.0,0.8125
1.18,0.0,0.021440774,0.014108533,-0.04817587,6.668195,1.0,1.0
1.18,0.2,0.20709318,0.02631589,0.005539969,9.31068,1.0,1.0
1.18,0.4,0.38731924,0.0057526417,-0.07361923,11.041321,1.0,1.0
1.18,0.6,0.64611506,-9.379536e-05,-0.17076772,27.440533,1.0,1.0
1.18,0.8,0.8136641,0.06562846,0.0046606953,39.135864,1.0,1.0
1.18,1.0,1.042382,0.06576754,-0.077106595,39.36573,1.0,1.0
1.18,1.2,1.2233224,0.072415724,0.036744036,63.39583,1.0,1.0
1.18,1.4,1.3165174,0.0321917,-0.053798337,61.836662,1.0,1.0
1.18,1.6,1.5383214,0.043515448,-0.047798716,81.64103,1.0,1.0
1.18,1.8,1.7265795,0.026596183,-0.07284008,101.13838,1.0,1.0
1.18,2.0,2.1341906,0.0007765638,0.11975594,203.23108,1.0,1.0
1.18,2.2,2.229738,0.009835166,-0.079110615,166.81944,1.0,1.0
1.18,2.4,2.3728867,0.03666056,0.05980592,415.0449,1.0,1.0
1.18,2.6,2.6216838,0.06380586,0.20786037,288.03766,1.0,0.3125
1.18,2.8,2.8158257,0.10363135,0.29572842,518.6916,1.0,0.0
1.18,3.0,2.9069676,0.058413327,0.07417827,249.30872,1.0,1.0
1.2,0.0,0.019620718,0.008170789,-0.06242525,3.9768724,1.0,1.0
1.2,0.2,0.21722342,0.031019334,0.014255044,10.613367,1.0,1.0
1.2,0.4,0.3842988,0.0010766992,-0.061380558,16.126108,1.0,1.0
1.2,0.6,0.62746906,0.005319344,-0.114469156,17.439005,1.0,1.0
1.2,0.8,0.85339963,0.07171345,0.06722906,25.127937,1.0,1.0
1.2,1.0,1.0862429,0.069676705,-0.14284527,55.637733,1.0,1.0
1.2,1.2,1.2685586,0.073020145,0.10500096,77.522026,1.0,1.0
1.2,1.4,1.348645,0.037394267,-0.048989005,75.39244,1.0,1.0
1.2,1.6,1.5698041,0.047232978,-0.04378869,94.35619,1.0,1.0
1.2,1.8,1.7647084,0.040119976,-0.05377068,114.56589,1.0,1.0
1.2,2.0,2.0697644,0.031555757,0.04029879,331.6543,1.0,1.0
1.2,2.2,2.2647114,0.026990032,-0.060713693,160.52646,1.0,1.0
1.2,2.4,2.391431,0.027081458,0.14461246,277.1341,1.0,0.9375
1.2,2.6,2.6721945,0.057038337,0.08529392,254.49857,1.0,1.0
1.2,2.8,2.7287543,0.10119145,0.15092103,756.4186,1.0,0.8125
1.2,3.0,2.9469142,0.082046874,-0.04200206,253.62888,1.0,1.0
1.22,0.0,0.01939809,0.0037142495,-0.06777464,6.2351727,1.0,1.0
1.22,0.2,0.21692543,0.026335921,0.031981528,12.172933,1.0,1.0
1.22,0.4,0.3871604,-0.0041896845,-0.053127654,13.681543,1.0,1.0
1.22,0.6,0.61372745,0.0075784726,-0.02851887,10.397211,1.0,1.0
1.22,0.8,0.84345585,0.07156286,0.0376191,34.05484,1.0,1.0
1.22,1.0,1.0557507,0.06762211,-0.06815798,50.121796,1.0,1.0
1.22,1.2,1.2425046,0.079087265,0.041643776,73.0241,1.0,1.0
1.22,1.4,1.3966236,0.04071355,-0.09063168,70.275055,1.0,1.0
1.22,1.6,1.6134061,0.046138495,0.021474555,93.04975,1.0,1.0
1.22,1.8,1.8104138,0.047015145,-0.103027865,105.13095,1.0,1.0
1.22,2.0,1.9989929,0.015158976,0.013939891,310.7285,1.0,1.0
1.22,2.2,2.3048468,0.027841266,-0.17184573,128.88263,1.0,0.6875
1.22,2.4,2.4369335,0.017233642,0.04689067,230.71164,1.0,1.0
1.22,2.6,2.701336,0.056400243,0.08102238,183.58882,1.0,1.0
1.22,2.8,2.6837692,0.061088003,0.08966586,351.43973,1.0,1.0
1.22,3.0,2.9706757,0.094118334,-0.17138454,161.1037,1.0,0.875
1.24,0.0,0.02143839,-0.0013242442,-0.07059563,7.598919,1.0,1.0
1.24,0.2,0.20845973,0.023591988,0.011598255,12.050179,1.0,1.0
1.24,0.4,0.3947248,-0.0118532665,-0.05501997,13.796834,1.0,1.0
1.24,0.6,0.5999043,0.010228201,-0.0048748194,14.489534,1.0,1.0
1.24,0.8,0.8062516,0.06529677,-0.03086733,15.987316,1.0,1.0
1.24,1.0,1.0195382,0.064515896,0.00470184,42.310738,1.0,1.0
1.24,1.2,1.1902553,0.07776244,-0.03133685,65.54354,1.0,1.0
1.24,1.4,1.4593475,0.03960249,-0.13944131,88.7735,1.0,1.0
1.24,1.6,1.671225,0.041674126,0.13264105,117.42456,1.0,1.0
1.24,1.8,1.8686934,0.048116073,-0.17051555,134.10521,1.0,1.0
1.24,2.0,1.9639065,-0.0012671524,-0.042041436,138.36877,1.0,1.0
1.24,2.2,2.2961688,0.024867397,-0.14651485,295.7412,1.0,1.0
1.24,2.4,2.4741101,0.017668275,0.00093620544,194.50183,1.0,1.0
1.24,2.6,2.7225814,0.043175787,0.2647062,114.030106,1.0,0.0625
1.24,2.8,2.7069812,0.055245765,0.07275669,242.20985,1.0,1.0
1.24,3.0,2.9391036,0.10084167,-0.29878557,525.44086,1.0,0.0
1.26,0.0,0.025754917,-0.0063520335,-0.08078811,8.449207,1.0,1.0
1.26,0.2,0.20033172,0.020759266,-0.016642045,13.066498,1.0,1.0
1.26,0.4,0.40890813,-0.020676345,-0.061263062,14.011943,1.0,1.0
1.26,0.6,0.5865922,0.013322068,-0.0013037268,17.859713,1.0,1.0
1.26,0.8,0.7769309,0.05815853,-0.09206198,16.372124,1.0,1.0
1.26,1.0,0.9883501,0.067905374,0.020435493,39.037193,1.0,1.0
1.26,1.2,1.1506639,0.067345634,-0.08824229,62.786148,1.0,1.0
1.26,1.4,1.446544,0.04400333,-0.053698864,126.2866,1.0,1.0
1.26,1.6,1.657165,0.04752264,0.0516589,156.46477,1.0,1.0
1.26,1.8,1.8418276,0.035115264,-0.04984753,232.349,1.0,1.0
1.26,2.0,1.9736581,0.002761039,-0.109364666,131.3855,1.0,1.0
1.26,2.2,2.2262776,0.008316873,-0.048223563,539.33966,1.0,1.0
1.26,2.4,2.4981437,0.010748139,0.10946813,157.45642,1.0,1.0
1.26,2.6,2.6796417,0.045975436,0.35552323,381.1183,1.0,0.0
1.26,2.8,2.7547693,0.07870296,0.00865513,226.51132,1.0,1.0
1.26,3.0,2.8595908,0.08632863,-0.27194816,1056.5739,1.0,0.25
1.28,0.0,0.031721078,-0.011862323,-0.1009496,9.091478,1.0,1.0
1.28,0.2,0.19471963,0.011356562,-0.053332597,8.40925,1.0,1.0
1.28,0.4,0.42919332,-0.027258541,-0.0913782,15.162519,1.0,1.0
1.28,0.6,0.5782641,0.015980337,-0.0036674617,16.694515,1.0,1.0
1.28,0.8,0.7610209,0.051174026,-0.103680015,27.29974,1.0,1.0
1.28,1.0,0.96804,0.06824018,0.016818743,39.97536,1.0,1.0
1.28,1.2,1.1310422,0.061037816,-0.11377208,44.856953,1.0,1.0
1.28,1.4,1.3924103,0.036264233,0.037567478,116.365036,1.0,1.0
1.28,1.6,1.589221,0.05616764,-0.017074337,147.17923,1.0,1.0
1.28,1.8,1.7759328,0.028112555,0.024656,242.3338,1.0,1.0
1.28,2.0,2.004349,0.016257253,-0.097755775,133.34259,1.0,1.0
1.28,2.2,2.1775298,0.01275758,0.05228555,363.28415,1.0,1.0
1.28,2.4,2.5261846,-0.0055956375,0.31073427,227.35959,1.0,0.0625
1.28,2.6,2.6167247,0.07641768,0.14066511,711.58154,1.0,1.0
1.28,2.8,2.7930484,0.10249384,-0.06693654,229.45663,1.0,1.0
1.28,3.0,2.8247924,0.105638996,-0.007673952,634.06885,1.0,0.9375
1.3,0.0,0.03817851,-0.016615221,-0.12089686,9.034122,1.0,1.0
1.3,0.2,0.19201577,0.0018201077,-0.054246828,5.698582,1.0,1.0
1.3,0.4,0.44496757,-0.02674588,-0.13641025,11.904999,1.0,1.0
1.3,0.6,0.57662004,0.022276923,-0.013003585,14.627652,1.0,1.0
1.3,0.8,0.7570187,0.047746178,-0.08874184,26.504684,1.0,1.0
1.3,1.0,0.96042585,0.07094306,0.0065322435,25.370916,1.0,1.0
1.3,1.2,1.1280172,0.056317218,-0.09033553,34.976784,1.0,1.0
1.3,1.4,1.350251,0.04113166,0.0447824,107.274536,1.0,1.0
1.3,1.6,1.5365283,0.047969107,-0.097970545,138.00537,1.0,1.0
1.3,1.8,1.739327,0.02860783,0.04243119,158.4537,1.0,1.0
1.3,2.0,2.0420895,0.035023954,-0.059261315,139.6709,1.0,1.0
1.3,2.2,2.1841922,0.0078070806,0.0933236,238.15637,1.0,1.0
1.3,2.4,2.472683,0.022290636,0.18688248,373.43512,1.0,0.6875
1.3,2.6,2.5457497,0.04396233,0.09907368,555.91,1.0,1.0
1.3,2.8,2.8150353,0.11464546,-0.1495107,155.8248,1.0,1.0
1.3,3.0,2.874238,0.091828845,0.23920363,306.81992,1.0,0.4375
1.32,0.0,0.039190385,-0.012155822,-0.12600248,2.9780812,1.0,1.0
1.32,0.2,0.19189641,-0.005214843,-0.05065973,8.185127,1.0,1.0
1.32,0.4,0.43923107,-0.01599755,-0.15651727,21.010555,1.0,1.0
1.32,0.6,0.5835898,0.031837247,-0.024636554,22.472542,1.0,1.0
1.32,0.8,0.7596412,0.042847883,-0.05668514,22.906202,1.0,1.0
1.32,1.0,0.964775,0.076149605,0.0018526623,30.717428,1.0,1.0
1.32,1.2,1.1375974,0.05544593,-0.05361511,43.2166,1.0,1.0
1.32,1.4,1.3283184,0.04230695,0.019176409,72.17569,1.0,1.0
1.32,1.6,1.507946,0.035403006,-0.12628806,69.60811,1.0,1.0
1.32,1.8,1.7345512,0.028153526,0.00445472,98.59981,1.0,1.0
1.32,2.0,2.0841346,0.04024648,-0.12287135,120.79753,1.0,1.0
1.32,2.2,2.2253282,0.0030271728,0.018438231,203.57437,1.0,1.0
1.32,2.4,2.3997507,0.016360248,0.1114769,544.10486,1.0,1.0
1.32,2.6,2.5454247,0.020791281,0.027151043,296.84912,1.0,1.0
1.32,2.8,2.7935243,0.11855831,-0.25419408,414.05872,1.0,0.0
1.32,3.0,2.9327626,0.07357745,0.19349697,317.77106,1.0,0.5625
1.34,0.0,0.03813477,-8.773472e-05,-0.13685864,12.462034,1.0,1.0
1.34,0.2,0.1956222,-0.011637961,-0.05261562,9.708401,1.0,1.0
1.34,0.4,0.42488784,-0.010960994,-0.09103231,21.336803,1.0,1.0
1.34,0.6,0.601587,0.042186603,-0.020668022,26.352972,1.0,1.0
1.34,0.8,0.7693158,0.038122423,-0.035300825,23.593868,1.0,1.0
1.34,1.0,0.98312414,0.08152339,0.0056347065,46.565166,1.0,1.0
1.34,1.2,1.1643825,0.058510434,-0.034520052,54.37266,1.0,1.0
1.34,1.4,1.3261096,0.042497247,-0.022303399,47.43354,1.0,1.0
1.34,1.6,1.5071889,0.03387098,-0.080782816,65.45408,1.0,1.0
1.34,1.8,1.7531319,0.028952524,-0.057812613,111.890396,1.0,1.0
1.34,2.0,2.1080642,0.04476192,-0.15226772,167.82683,1.0,1.0
1.34,2.2,2.2629344,-1.546368e-05,-0.025284795,176.47546,1.0,1.0
1.34,2.4,2.364625,-0.01090558,0.056292363,290.14825,1.0,1.0
1.34,2.6,2.587191,0.037586823,-0.03550145,197.24292,1.0,1.0
1.34,2.8,2.7278156,0.099369556,-0.20844191,978.81506,1.0,0.375
1.34,3.0,2.977216,0.070712745,0.1649675,238.7812,1.0,0.8125
1.36,0.0,0.035563942,0.011118807,-0.12454955,12.765617,1.0,1.0
1.36,0.2,0.20278402,-0.01983547,-0.0647166,10.768451,1.0,1.0
1.36,0.4,0.4149716,-0.0073783253,-0.0035857032,13.32141,1.0,1.0
1.36,0.6,0.631209,0.050091222,0.019021973,20.984486,1.0,1.0
1.36,0.8,0.7914801,0.032628544,-0.034670625,23.782784,1.0,1.0
1.36,1.0,1.0171076,0.08675633,0.024301654,54.791534,1.0,1.0
1.36,1.2,1.2046173,0.0622285,-0.06332108,55.694157,1.0,1.0
1.36,1.4,1.3405467,0.048021898,-0.029624607,65.58586,1.0,1.0
1.36,1.6,1.5271447,0.03894285,-0.03452137,81.766815,1.0,1.0
1.36,1.8,1.7857966,0.029145408,-0.06783712,121.082466,1.0,1.0
1.36,2.0,2.0535035,0.02085552,-0.03318526,378.35086,1.0,1.0
1.36,2.2,2.2933626,-0.0055637266,0.04421448,146.29936,1.0,1.0
1.36,2.4,2.3845217,-0.007806522,-0.026433293,217.88309,1.0,1.0
1.36,2.6,2.6370857,0.06071339,-0.08638611,221.00075,1.0,1.0
1.36,2.8,2.6770525,0.11683622,-0.012795785,646.77216,1.0,1.0
1.36,3.0,2.997512,0.056893773,0.36140656,141.33917,1.0,0.0
1.3800000000000001,0.0,0.031452492,0.016529541,-0.09202668,10.970898,1.0,1.0
1.3800000000000001,0.2,0.21374635,-0.029180784,-0.08559564,11.113306,1.0,1.0
1.3800000000000001,0.4,0.40620473,-0.0045652455,0.01010263,11.736351,1.0,1.0
1.3800000000000001,0.6,0.64790994,0.053851787,0.04608989,28.744644,1.0,1.0
1.3800000000000001,0.8,0.8249351,0.02871859,-0.072711125,26.616716,1.0,1.0
1.3800000000000001,1.0,1.062928,0.091959834,0.087572895,41.582832,1.0,1.0
1.3800000000000001,1.2,1.259855,0.06444687,-0.14183682,51.11495,1.0,1.0
1.3800000000000001,1.4,1.371093,0.05010299,0.0025200062,78.843605,1.0,1.0
1.3800000000000001,1.6,1.5633609,0.049066573,-0.037578225,93.45738,1.0,1.0
1.3800000000000001,1.8,1.8249159,0.028955046,0.00026847492,106.80521,1.0,1.0
1.3800000000000001,2.0,1.9908235,0.025624583,0.058854118,357.24286,1.0,1.0
1.3800000000000001,2.2,2.3321395,-0.022928044,0.22603707,172.85933,1.0,0.1875
1.3800000000000001,2.4,2.4314094,0.011609769,-0.08456595,197.3292,1.0,1.0
1.3800000000000001,2.6,2.6649082,0.078552276,-0.10035593,205.12856,1.0,1.0
1.3800000000000001,2.8,2.7169323,0.10776709,0.22644776,326.27466,1.0,0.25
1.3800000000000001,3.0,2.9732475,0.04279431,0.5991285,468.81348,1.0,0.0
1.4000000000000001,0.0,0.031019907,0.01982838,-0.05240109,5.397561,1.0,1.0
1.4000000000000001,0.2,0.22796112,-0.035755623,-0.10442577,11.293966,1.0,1.0
1.4000000000000001,0.4,0.3976857,-0.0019137184,-0.00772685,11.705322,1.0,1.0
1.4000000000000001,0.6,0.62367344,0.049544584,0.010319584,13.676376,1.0,1.0
1.4000000000000001,0.8,0.8665552,0.029481024,-0.11905512,35.997803,1.0,1.0
1.4000000000000001,1.0,1.071441,0.094601005,0.052369766,60.998634,1.0,1.0
1.4000000000000001,1.2,1.2642343,0.06839307,-0.05129283,84.53202,1.0,1.0
1.4000000000000001,1.4,1.4175758,0.04856538,0.063659966,80.751175,1.0,1.0
1.4000000000000001,1.6,1.6130452,0.05323203,-0.083678946,85.31571,1.0,1.0
1.4000000000000001,1.8,1.8796351,0.0176488,0.15545377,127.53459,1.0,1.0
1.4000000000000001,2.0,1.9715254,0.023883838,0.10604854,180.14917,1.0,1.0
1.4000000000000001,2.2,2.288813,0.0014557521,0.120683156,273.01202,1.0,0.9375
1.4000000000000001,2.4,2.465339,0.031035373,-0.091252565,187.66382,1.0,1.0
1.4000000000000001,2.6,2.6988559,0.077934295,-0.23515618,130.02765,1.0,0.0625
1.4000000000000001,2.8,2.7746954,0.0883496,0.18128844,292.85025,1.0,0.6875
1.4000000000000001,3.0,2.9101436,0.08388047,0.2878519,822.38385,1.0,0.1875
1.42,0.0,0.030802201,0.022007825,-0.034977246,2.8347416,1.0,1.0
1.42,0.2,0.22848153,-0.029215388,-0.134805,8.238758,1.0,1.0
1.42,0.4,0.39130515,0.0020588157,-0.017321892,10.985136,1.0,1.0
1.42,0.6,0.5993228,0.04187844,-0.0610066,6.8919606,1.0,1.0
1.42,0.8,0.84289074,0.0339752,-0.12679467,29.617863,1.0,1.0
1.42,1.0,1.0253557,0.09474424,0.013075314,40.479607,1.0,1.0
1.42,1.2,1.2202237,0.05912717,0.018326834,78.393585,1.0,1.0
1.42,1.4,1.4645455,0.047637425,0.12596469,123.37318,1.0,1.0
1.42,1.6,1.674372,0.055675168,-0.14945008,120.604355,1.0,1.0
1.42,1.8,1.8644505,0.028454877,0.08989532,178.78932,1.0,1.0
1.42,2.0,2.00049,0.018976735,0.063404396,157.77322,1.0,1.0
1.42,2.2,2.213775,0.009811339,0.03679144,462.00974,1.0,1.0
1.42,2.4,2.4950886,0.04204029,-0.14833097,153.54993,1.0,1.0
1.42,2.6,2.6591132,0.068534724,-0.25667295,487.18146,1.0,0.0625
1.42,2.8,2.8224554,0.08648023,0.11964807,239.8371,1.0,1.0
1.42,3.0,2.824323,0.05090183,0.21573797,828.72925,1.0,0.3125
1.44,0.0,0.029986762,0.023318473,-0.025180407,3.1096067,1.0,1.0
1.44,0.2,0.22555476,-0.015811898,-0.14378609,18.049097,1.0,1.0
1.44,0.4,0.3888045,0.00988313,-0.01912776,9.58584,1.0,1.0
1.44,0.6,0.5808896,0.033685118,-0.08308238,13.057081,1.0,1.0
1.44,0.8,0.81948066,0.034942087,-0.043302543,11.098442,1.0,1.0
1.44,1.0,0.9868927,0.08671807,-0.055162273,33.626415,1.0,1.0
1.44,1.2,1.1832936,0.061304886,0.045535643,69.047874,1.0,1.0
1.44,1.4,1.428895,0.053733755,0.044834565,115.37154,1.0,1.0
1.44,1.6,1.6495748,0.04613442,-0.041658208,184.45212,1.0,1.0
1.44,1.8,1.7905031,0.043907307,0.037863616,223.63506,1.0,1.0
1.44,2.0,2.041359,0.015689928,-0.009253781,152.1373,1.0,1.0
1.44,2.2,2.1621702,-0.01425641,-0.0138481455,289.8119,1.0,1.0
1.44,2.4,2.497795,0.04451473,-0.22401905,307.12994,1.0,0.125
1.44,2.6,2.5781326,0.07302263,-0.11915872,782.82275,1.0,0.9375
1.44,2.8,2.8456545,0.077095106,0.25960103,157.15485,1.0,0.0
1.44,3.0,2.8207116,0.013802856,0.18296261,315.4287,1.0,0.4375
1.46,0.0,0.030803736,0.025526417,-0.013009744,4.9668617,1.0,1.0
1.46,0.2,0.21604607,-0.008745984,-0.08753881,16.752659,1.0,1.0
1.46,0.4,0.3925138,0.020512119,-0.023522612,12.311619,1.0,1.0
1.46,0.6,0.5720781,0.028737057,-0.080354124,21.330961,1.0,1.0
1.46,0.8,0.8008096,0.038271304,-0.0145951295,14.287979,1.0,1.0
1.46,1.0,0.964519,0.077497706,-0.10346095,37.045826,1.0,1.0
1.46,1.2,1.1603749,0.06139143,0.03799035,65.60567,1.0,1.0
1.46,1.4,1.3707674,0.052051373,-0.06172073,92.06461,1.0,1.0
1.46,1.6,1.5860507,0.037839748,0.021997731,169.31346,1.0,1.0
1.46,1.8,1.7329094,0.030353475,-0.039700016,190.09131,1.0,1.0
1.46,2.0,2.0799758,0.013626883,-0.012986431,131.59691,1.0,1.0
1.46,2.2,2.1570575,-0.01689969,-0.08033095,198.32626,1.0,1.0
1.46,2.4,2.4357796,0.023917848,-0.14187157,668.2651,1.0,1.0
1.46,2.6,2.5701933,0.07836194,0.14448644,390.87787,1.0,0.9375
1.46,2.8,2.8623426,0.057282686,0.5185003,334.96033,1.0,0.0
1.46,3.0,2.8634493,0.01841671,0.15715435,203.33316,1.0,0.625
1.48,0.0,0.03289698,0.028937649,-0.004234356,6.349246,1.0,1.0
1.48,0.2,0.20960005,-0.003661558,-0.010747118,10.179375,1.0,1.0
1.48,0.4,0.40555248,0.031628877,-0.017978199,14.3391075,1.0,1.0
1.48,0.6,0.57115805,0.025187455,-0.061030775,20.727009,1.0,1.0
1.48,0.8,0.7828578,0.04138361,-0.008982984,21.070917,1.0,1.0
1.48,1.0,0.95836604,0.07116071,-0.10024268,29.12828,1.0,1.0
1.48,1.2,1.1527168,0.061317313,0.01098367,38.377384,1.0,1.0
1.48,1.4,1.3260837,0.041094348,-0.1198822,88.859406,1.0,1.0
1.48,1.6,1.5450935,0.03852567,0.03334741,136.2793,1.0,1.0
1.48,1.8,1.7066835,0.017398832,-0.10470855,88.62692,1.0,1.0
1.48,2.0,2.1211,0.005033808,0.086853474,121.23711,1.0,1.0
1.48,2.2,2.1894004,-0.00088103046,-0.123705134,167.15985,1.0,1.0
1.48,2.4,2.3729174,0.036872357,-0.0044282596,554.72485,1.0,1.0
1.48,2.6,2.6178906,0.0606154,0.20087147,290.8088,1.0,0.375
1.48,2.8,2.7934327,0.09522611,0.29444942,566.1765,1.0,0.0
1.48,3.0,2.9203782,0.04267457,0.059470616,265.40726,1.0,1.0
1.5,0.0,0.036654353,0.033169582,0.0022024554,8.093311,1.0,1.0
1.5,0.2,0.20385024,-0.001239687,0.020603903,7.564023,1.0,1.0
1.5,0.4,0.4271521,0.040427253,0.0144987125,14.511692,1.0,1.0
1.5,0.6,0.57521886,0.019182317,-0.041872382,17.8987,1.0,1.0
1.5,0.8,0.77187717,0.04432143,-0.0007303175,22.259792,1.0,1.0
1.5,1.0,0.9603952,0.06736326,-0.06209968,27.43224,1.0,1.0
1.5,1.2,1.1584109,0.06598574,-0.0026312436,40.521782,1.0,1.0
1.5,1.4,1.3044175,0.034624353,-0.12693897,47.692223,1.0,1.0
1.5,1.6,1.5280936,0.038233627,-0.00074553955,73.85625,1.0,1.0
1.5,1.8,1.7104578,0.016874932,-0.0952314,89.3356,1.0,1.0
1.5,2.0,2.136023,0.002862126,0.12843116,205.06036,1.0,1.0
1.5,2.2,2.22197,0.017738327,-0.11199004,171.5083,1.0,1.0
1.5,2.4,2.377102,0.034354,0.15904588,303.7078,1.0,0.875
1.5,2.6,2.667543,0.053689882,0.07386477,255.5039,1.0,1.0
1.5,2.8,2.708371,0.07376371,0.19800736,751.5266,1.0,0.3125
1.5,3.0,2.9606533,0.06281966,-0.04068408,229.78534,1.0,0.9375
1.52,0.0,0.039699167,0.0348602,-0.0006141447,9.087296,1.0,1.0
1.52,0.2,0.19784737,0.0007038028,0.00953826,6.305273,1.0,1.0
1.52,0.4,0.43290168,0.038122125,0.028109174,15.840443,1.0,1.0
1.52,0.6,0.5870409,0.011577903,-0.034942802,17.922977,1.0,1.0
1.52,0.8,0.77020335,0.04921493,0.002717693,18.506603,1.0,1.0
1.52,1.0,0.9739046,0.06556087,-0.032357514,31.74406,1.0,1.0
1.52,1.2,1.1783528,0.07007533,0.0019106374,55.342987,1.0,1.0
1.52,1.4,1.3006266,0.029761761,-0.091412425,45.830727,1.0,1.0
1.52,1.6,1.5348504,0.03909999,-0.061272506,74.30071,1.0,1.0
1.52,1.8,1.7380974,0.026742632,-0.042903922,105.746506,1.0,1.0
1.52,2.0,2.070262,0.032110594,0.045748714,331.66418,1.0,1.0
1.52,2.2,2.2544127,0.033178773,-0.12188365,157.67108,1.0,1.0
1.52,2.4,2.4263866,0.020039633,0.13018885,247.09421,1.0,1.0
1.52,2.6,2.6957355,0.053597093,0.06761839,186.17172,1.0,1.0
1.52,2.8,2.6860795,0.0358607,0.14006406,317.09,1.0,0.875
1.52,3.0,2.991313,0.069298714,-0.20505464,195.5912,1.0,0.5625
1.54,0.0,0.038871188,0.030890573,0.01093067,8.40916,1.0,1.0
1.54,0.2,0.19433193,0.0041240035,0.0013177115,4.7598667,1.0,1.0
1.54,0.4,0.4157701,0.030946117,-0.0006953161,13.864302,1.0,1.0
1.54,0.6,0.6091311,0.004793727,-0.049301777,18.21599,1.0,1.0
1.54,0.8,0.7788236,0.055983856,-0.0040488285,31.001572,1.0,1.0
1.54,1.0,1.0005622,0.065405115,-0.034209363,38.36645,1.0,1.0
1.54,1.2,1.2146263,0.071654364,0.031438515,66.83,1.0,1.0
1.54,1.4,1.3146253,0.030785682,-0.055932887,62.591347,1.0,1.0
1.54,1.6,1.5589879,0.04216388,-0.069431484,98.073715,1.0,1.0
1.54,1.8,1.7775458,0.038764305,-0.03971462,112.880905,1.0,1.0
1.54,2.0,1.9988933,0.015193895,0.0181893,309.81903,1.0,1.0
1.54,2.2,2.2960424,0.02774482,-0.23872156,146.05304,1.0,0.125
1.54,2.4,2.4759479,0.017274756,0.055250615,211.58755,1.0,1.0
1.54,2.6,2.7155275,0.04078386,0.2528414,116.695694,1.0,0.0
1.54,2.8,2.7182887,0.036295414,0.11050616,208.14691,1.0,1.0
1.54,3.0,2.9568052,0.06965714,-0.2896413,779.16583,1.0,0.0
1.56,0.0,0.036126755,0.025345933,0.007494702,7.731301,1.0,1.0
1.56,0.2,0.19400875,0.010292508,0.0021070405,4.106722,1.0,1.0
1.56,0.4,0.39915568,0.023565944,-0.061149977,8.635571,1.0,1.0
1.56,0.6,0.6383456,0.0017492902,-0.10636728,18.069777,1.0,1.0
1.56,0.8,0.80156267,0.064265095,-0.0057374323,40.374752,1.0,1.0
1.56,1.0,1.0429131,0.06507513,-0.07731696,39.521736,1.0,1.0
1.56,1.2,1.2629161,0.07516684,0.094080664,54.189327,1.0,1.0
1.56,1.4,1.3468666,0.036095433,-0.051001396,76.02794,1.0,1.0
1.56,1.6,1.5958723,0.04332854,-0.02046929,97.06874,1.0,1.0
1.56,1.8,1.8265805,0.04181239,-0.10886427,107.2867,1.0,1.0
1.56,2.0,1.9635079,-0.0012769373,-0.038332045,137.12027,1.0,1.0
1.56,2.2,2.2661932,0.017175935,-0.14591345,417.03265,1.0,1.0
1.56,2.4,2.5075474,0.011966211,0.092852674,163.5752,1.0,1.0
1.56,2.6,2.6748943,0.0411658,0.359951,383.32935,1.0,0.0
1.56,2.8,2.770306,0.05873837,0.025745096,241.17047,1.0,1.0
1.56,3.0,2.8578062,0.06721022,-0.20472315,968.50073,1.0,0.4375
1.58,0.0,0.030628528,0.021536274,-0.006620173,9.817089,1.0,1.0
1.58,0.2,0.19763598,0.01799162,0.00074289745,5.657255,1.0,1.0
1.58,0.4,0.3872842,0.015122322,-0.08157186,8.696899,1.0,1.0
1.58,0.6,0.64755225,0.007606514,-0.1687368,27.46658,1.0,1.0
1.58,0.8,0.8367499,0.07134539,0.025383264,36.04563,1.0,1.0
1.58,1.0,1.0868556,0.068857566,-0.14259483,55.996315,1.0,1.0
1.58,1.2,1.2817707,0.07568252,0.05043707,68.77937,1.0,1.0
1.58,1.4,1.394872,0.03954838,-0.09298043,70.6375,1.0,1.0
1.58,1.6,1.6483974,0.03739522,0.07384804,93.78822,1.0,1.0
1.58,1.8,1.8705418,0.046053726,-0.1181456,134.16988,1.0,1.0
1.58,2.0,1.973106,0.002719591,-0.10630639,130.98993,1.0,1.0
1.58,2.2,2.195478,0.019121286,-0.022477273,514.4967,1.0,1.0
1.58,2.4,2.5434995,-0.0042184573,0.25289974,153.2363,1.0,0.0625
1.58,2.6,2.6076107,0.07025396,0.1477651,705.2263,1.0,1.0
1.58,2.8,2.8080783,0.079034336,-0.051466964,224.37195,1.0,1.0
1.58,3.0,2.8583267,0.07692682,0.15495324,450.95078,1.0,1.0
1.6,0.0,0.025600769,0.018855393,-0.024018211,12.62688,1.0,1.0
1.6,0.2,0.2070336,0.02611314,0.005352352,9.315973,1.0,1.0
1.6,0.4,0.37974173,0.008904625,-0.07092039,12.75456,1.0,1.0
1.6,0.6,0.6286963,0.013117084,-0.12134474,18.85535,1.0,1.0
1.6,0.8,0.8740057,0.07406141,0.07288505,42.920937,1.0,1.0
1.6,1.0,1.056225,0.06689194,-0.06889653,49.58741,1.0,1.0
1.6,1.2,1.2284713,0.08119273,0.0012620806,65.7664,1.0,1.0
1.6,1.4,1.4576309,0.0389991,-0.14543527,88.05003,1.0,1.0
1.6,1.6,1.6665149,0.038673438,0.0471435,122.73636,1.0,1.0
1.6,1.8,1.8238183,0.024471868,-0.02366839,245.35037,1.0,1.0
1.6,2.0,2.003821,0.016041854,-0.09555128,133.56407,1.0,1.0
1.6,2.2,2.1680841,0.021330468,0.09066707,279.22772,1.0,1.0
1.6,2.4,2.4978755,0.015859812,0.19477361,324.78467,1.0,0.625
1.6,2.6,2.5362937,0.03585587,0.100385696,562.44684,1.0,1.0
1.6,2.8,2.8358757,0.08831613,-0.17040552,133.44054,1.0,0.875
1.6,3.0,2.9091134,0.055772297,0.26547912,296.87378,1.0,0.125
1.62,0.0,0.021523688,0.0141384285,-0.04809667,6.7054996,1.0,1.0
1.62,0.2,0.21722054,0.030965962,0.014472638,10.593423,1.0,1.0
1.62,0.4,0.37809741,0.0047230194,-0.060504735,14.898837,1.0,1.0
1.62,0.6,0.61350906,0.015710624,-0.030751467,10.06896,1.0,1.0
1.62,0.8,0.84316516,0.07145958,0.043428905,28.517136,1.0,1.0
1.62,1.0,1.0199889,0.06394425,0.0036521584,42.18125,1.0,1.0
1.62,1.2,1.1824877,0.07420351,-0.06858467,58.75795,1.0,1.0
1.62,1.4,1.4450021,0.043592837,-0.055085123,125.914604,1.0,1.0
1.62,1.6,1.603965,0.059187867,0.03480606,150.60812,1.0,1.0
1.62,1.8,1.7625107,0.02343414,0.037387118,245.87607,1.0,1.0
1.62,2.0,2.0416784,0.034584805,-0.057528146,139.13536,1.0,1.0
1.62,2.2,2.1945693,0.013460774,0.09198936,228.6734,1.0,1.0
1.62,2.4,2.4191675,0.031016855,0.057867695,553.13257,1.0,1.0
1.62,2.6,2.5355277,0.012308821,0.024193954,292.87653,1.0,1.0
1.62,2.8,2.8091621,0.08937822,-0.26638573,510.88553,1.0,0.0
1.62,3.0,2.964572,0.042293668,0.17591307,292.18158,1.0,0.8125
1.6400000000000001,0.0,0.01969423,0.00819736,-0.06224881,3.9943209,1.0,1.0
1.6400000000000001,0.2,0.21697581,0.026294678,0.03219016,12.119343,1.0,1.0
1.6400000000000001,0.4,0.38249034,-0.002259524,-0.051426817,13.168407,1.0,1.0
1.6400000000000001,0.6,0.599903,0.018052094,-0.007936636,13.024296,1.0,1.0
1.6400000000000001,0.8,0.80803084,0.0636241,-0.028967518,17.725866,1.0,1.0
1.6400000000000001,1.0,0.98875415,0.067433804,0.019605447,38.90346,1.0,1.0
1.6400000000000001,1.2,1.1571939,0.063699245,-0.115477555,55.184845,1.0,1.0
1.6400000000000001,1.4,1.3908355,0.036028013,0.037189275,115.16888,1.0,1.0
1.6400000000000001,1.6,1.5457261,0.05098568,-0.0651318,135.5322,1.0,1.0
1.6400000000000001,1.8,1.7349718,0.022975894,0.057351872,143.25986,1.0,1.0
1.6400000000000001,2.0,2.0838528,0.03959474,-0.12255722,119.87625,1.0,1.0
1.6400000000000001,2.2,2.2362132,0.011677345,-0.0020593908,199.93468,1.0,1.0
1.6400000000000001,2.4,2.3602247,0.0032171737,0.0056182146,364.01752,1.0,1.0
1.6400000000000001,2.6,2.5773964,0.028902795,-0.038599633,197.91837,1.0,1.0
1.6400000000000001,2.8,2.734529,0.073329784,-0.1622138,911.86176,1.0,0.8125
1.6400000000000001,3.0,2.9971905,0.03891413,0.19161811,194.61145,1.0,0.6875
1.6600000000000001,0.0,0.019455098,0.003755608,-0.067532256,6.217473,1.0,1.0
1.6600000000000001,0.2,0.20854358,0.023608897,0.011752013,11.993931,1.0,1.0
1.6600000000000001,0.4,0.39097002,-0.011485604,-0.05237589,12.642282,1.0,1.0
1.6600000000000001,0.6,0.5864026,0.020127371,-0.003585327,16.599619,1.0,1.0
1.6600000000000001,0.8,0.7789173,0.054843385,-0.07897556,19.112175,1.0,1.0
1.6600000000000001,1.0,0.9684309,0.06786093,0.016427502,39.872425,1.0,1.0
1.6600000000000001,1.2,1.1496744,0.056330215,-0.10100964,30.731895,1.0,1.0
1.6600000000000001,1.4,1.3485982,0.04096037,0.04545046,106.39444,1.0,1.0
1.6600000000000001,1.6,1.5110676,0.038668595,-0.1365793,94.108284,1.0,1.0
1.6600000000000001,1.8,1.7390008,0.020520892,0.011602423,101.20068,1.0,1.0
1.6600000000000001,2.0,2.1076393,0.04396272,-0.150819,173.94598,1.0,1.0
1.6600000000000001,2.2,2.2684963,0.009957306,-0.01987563,171.39005,1.0,1.0
1.6600000000000001,2.4,2.360651,-0.0023116842,-0.05841802,247.2419,1.0,1.0
1.6600000000000001,2.6,2.6283858,0.052270975,-0.090355024,220.77737,1.0,1.0
1.6600000000000001,2.8,2.7034545,0.08414051,0.100161,526.17267,1.0,1.0
1.6600000000000001,3.0,3.0141768,0.020180546,0.45242453,165.49155,1.0,0.0
1.68,0.0,0.021481209,-0.0012783478,-0.07040608,7.5877805,1.0,1.0
1.68,0.2,0.20041284,0.020813428,-0.016413355,13.070248,1.0,1.0
1.68,0.4,0.4069835,-0.019912137,-0.06518531,13.626481,1.0,1.0
1.68,0.6,0.5774901,0.021789376,-0.0016310721,16.929895,1.0,1.0
1.68,0.8,0.76487994,0.048783217,-0.090344176,27.226324,1.0,1.0
1.68,1.0,0.96082866,0.07069586,0.006428131,25.336975,1.0,1.0
1.68,1.2,1.1546164,0.053674243,-0.059052315,37.881332,1.0,1.0
1.68,1.4,1.3265679,0.042224422,0.020200029,72.19012,1.0,1.0
1.68,1.6,1.5017004,0.034572233,-0.1330208,56.323776,1.0,1.0
1.68,1.8,1.7649848,0.019611076,-0.049539357,116.90584,1.0,1.0
1.68,2.0,2.0535944,0.02080047,-0.025115386,388.2154,1.0,1.0
1.68,2.2,2.3007321,0.0027529197,0.07478045,145.32825,1.0,1.0
1.68,2.4,2.3993967,0.018342657,-0.120047696,185.74881,1.0,1.0
1.68,2.6,2.6572614,0.0703952,-0.10555073,204.0827,1.0,1.0
1.68,2.8,2.7458107,0.06717062,0.24943705,306.62503,1.0,0.125
1.68,3.0,2.9502249,0.03266801,0.42905387,473.23447,1.0,0.0
1.7,0.0,0.025789458,-0.006301359,-0.08066832,8.44351,1.0,1.0
1.7,0.2,0.19477561,0.011443682,-0.053236216,8.410707,1.0,1.0
1.7,0.4,0.42845386,-0.025780205,-0.106590405,16.263517,1.0,1.0
1.7,0.6,0.57492065,0.026519515,-0.0032210806,13.29222,1.0,1.0
1.7,0.8,0.76100785,0.04348565,-0.07138582,21.946651,1.0,1.0
1.7,1.0,0.96520275,0.07599686,0.0018031688,30.7919,1.0,1.0
1.7,1.2,1.1733332,0.05416059,-0.0347482,46.915703,1.0,1.0
1.7,1.4,1.3241286,0.042469658,-0.020853218,47.07514,1.0,1.0
1.7,1.6,1.5133328,0.03847343,-0.08138027,75.937225,1.0,1.0
1.7,1.8,1.8004782,0.018682629,-0.04914488,120.18483,1.0,1.0
1.7,2.0,1.9903965,0.02479897,0.06280085,361.58807,1.0,1.0
1.7,2.2,2.328251,-0.009427614,0.21858773,228.91705,1.0,0.1875
1.7,2.4,2.4365382,0.042030584,-0.12502375,192.22864,1.0,1.0
1.7,2.6,2.6921425,0.07087448,-0.24717411,123.93199,1.0,0.0
1.7,2.8,2.7990258,0.04999164,0.15643367,280.9057,1.0,0.9375
1.7,3.0,2.8862076,0.05589167,0.13345021,936.08746,1.0,0.875
1.72,0.0,0.031746138,-0.011805057,-0.10083008,9.07493,1.0,1.0
1.72,0.2,0.19206472,0.001938046,-0.0542302,5.7053623,1.0,1.0
1.72,0.4,0.43733555,-0.020025909,-0.15176451,12.5423565,1.0,1.0
1.72,0.6,0.5805551,0.035268858,-0.013283199,20.319912,1.0,1.0
1.72,0.8,0.76523614,0.037166685,-0.041113306,25.860405,1.0,1.0
1.72,1.0,0.9835925,0.08144955,0.0055743875,46.673286,1.0,1.0
1.72,1.2,1.2087529,0.056664735,-0.044394568,55.122845,1.0,1.0
1.72,1.4,1.3383347,0.047991507,-0.027516522,65.38542,1.0,1.0
1.72,1.6,1.5437546,0.04782094,-0.054264,91.75008,1.0,1.0
1.72,1.8,1.8430793,0.015006921,0.021291088,106.93518,1.0,1.0
1.72,2.0,1.9714255,0.022673428,0.109087594,183.59296,1.0,1.0
1.72,2.2,2.2760124,0.019649219,0.10618578,365.91458,1.0,1.0
1.72,2.4,2.4626124,0.059107915,-0.1348102,177.42154,1.0,1.0
1.72,2.6,2.6569738,0.063731484,-0.26345342,484.23047,1.0,0.0625
1.72,2.8,2.8358288,0.048753314,0.11725242,215.9187,1.0,1.0
1.72,3.0,2.8245158,0.01778347,0.05089448,586.3556,1.0,1.0
1.74,0.0,0.03821209,-0.016550347,-0.12076482,9.03003,1.0,1.0
1.74,0.2,0.19193387,-0.0050564907,-0.05062677,8.19274,1.0,1.0
1.74,0.4,0.42623115,-0.010386765,-0.121247694,20.406319,1.0,1.0
1.74,0.6,0.5967003,0.045257498,-0.017381135,25.564861,1.0,1.0
1.74,0.8,0.77979106,0.031938285,-0.028009687,26.196991,1.0,1.0
1.74,1.0,1.0176321,0.08674886,0.024383975,54.869003,1.0,1.0
1.74,1.2,1.2588844,0.0571623,-0.09961738,50.617237,1.0,1.0
1.74,1.4,1.3686343,0.05017553,0.004280692,78.410446,1.0,1.0
1.74,1.6,1.586561,0.055313963,-0.0762185,89.64072,1.0,1.0
1.74,1.8,1.891392,0.0032535223,0.14508206,174.2962,1.0,1.0
1.74,2.0,2.0007808,0.017607905,0.06552618,159.81778,1.0,1.0
1.74,2.2,2.2031012,0.011757045,0.068871036,430.68982,1.0,1.0
1.74,2.4,2.4894083,0.0594886,-0.23992693,175.41454,1.0,0.0625
1.74,2.6,2.5744333,0.065269716,-0.12533672,778.01514,1.0,1.0
1.74,2.8,2.853859,0.036018692,0.30021662,137.246,1.0,0.0
1.74,3.0,2.8471303,0.0017098263,0.018442772,292.02014,1.0,1.0
1.76,0.0,0.03935889,-0.012077171,-0.12573293,2.9689984,1.0,1.0
1.76,0.2,0.19563174,-0.011446502,-0.052563734,9.710051,1.0,1.0
1.76,0.4,0.41486543,-0.0076008025,-0.054882295,19.20804,1.0,1.0
1.76,0.6,0.62463915,0.05344401,0.009778196,22.578827,1.0,1.0
1.76,0.8,0.80847454,0.02681658,-0.036001623,27.951927,1.0,1.0
1.76,1.0,1.0635079,0.09203158,0.08777796,41.589485,1.0,1.0
1.76,1.2,1.3049886,0.062015675,-0.13021229,74.70336,1.0,1.0
1.76,1.4,1.4150143,0.04872393,0.06496167,80.22185,1.0,1.0
1.76,1.6,1.6458466,0.057987243,-0.14429858,83.728905,1.0,1.0
1.76,1.8,1.8539343,0.023524556,0.07307096,223.00565,1.0,1.0
1.76,2.0,2.0417795,0.014094374,-0.0073476997,150.89883,1.0,1.0
1.76,2.2,2.1668773,-0.010426034,0.006129494,222.86014,1.0,1.0
1.76,2.4,2.4471624,0.045257617,-0.18960941,538.6249,1.0,0.6875
1.76,2.6,2.5638309,0.071105815,0.1388855,388.4909,1.0,1.0
1.76,2.8,2.8382535,0.022805762,0.50065565,430.03574,1.0,0.0
1.76,3.0,2.896958,0.025012456,-0.01901612,231.70718,1.0,1.0
1.78,0.0,0.038337745,5.5081327e-06,-0.13676235,12.387833,1.0,1.0
1.78,0.2,0.20275795,-0.019610656,-0.06458848,10.768711,1.0,1.0
1.78,0.4,0.4080682,-0.0059026037,0.00624684,12.815189,1.0,1.0
1.78,0.6,0.652883,0.058625415,0.05648338,29.390202,1.0,1.0
1.78,0.8,0.84557664,0.023804808,-0.101527914,27.89486,1.0,1.0
1.78,1.0,1.0721998,0.09482534,0.052650027,60.89171,1.0,1.0
1.78,1.2,1.2628376,0.056277163,-0.049081158,86.21719,1.0,1.0
1.78,1.4,1.4618828,0.04789861,0.12698737,121.797264,1.0,1.0
1.78,1.6,1.6595147,0.061447084,-0.058760025,107.52836,1.0,1.0
1.78,1.8,1.7793925,0.03032884,0.002454427,211.16972,1.0,1.0
1.78,2.0,2.0803027,0.011788411,-0.011179297,131.31778,1.0,1.0
1.78,2.2,2.1781306,-0.0065822415,-0.0809678,180.55034,1.0,1.0
1.78,2.4,2.3805335,0.055315964,-0.058671325,623.1282,1.0,1.0
1.78,2.6,2.6111977,0.05414979,0.19924018,288.4541,1.0,0.375
1.78,2.8,2.7757552,0.058449637,0.26146764,682.8048,1.0,0.125
1.78,3.0,2.951812,0.055922896,-0.10334114,258.55878,1.0,1.0
1.8,0.0,0.035785787,0.0112215355,-0.12454952,12.767639,1.0,1.0
1.8,0.2,0.21367595,-0.028924854,-0.085390456,11.119746,1.0,1.0
1.8,0.4,0.40038258,-0.004223633,0.0073157875,11.396877,1.0,1.0
1.8,0.6,0.6313788,0.053628065,0.035459563,19.6093,1.0,1.0
1.8,0.8,0.86170805,0.027094483,-0.14576031,43.890965,1.0,1.0
1.8,1.0,1.0260643,0.09511505,0.013714476,40.756233,1.0,1.0
1.8,1.2,1.2161629,0.055531655,-0.0075180596,71.36185,1.0,1.0
1.8,1.4,1.4284853,0.054236036,0.042592444,115.152985,1.0,1.0
1.8,1.6,1.6020918,0.04266365,0.022628497,170.77658,1.0,1.0
1.8,1.8,1.7274301,0.01838559,-0.08683203,154.64066,1.0,1.0
1.8,2.0,2.1214237,0.002942678,0.08745099,124.41989,1.0,1.0
1.8,2.2,2.2141895,0.009314856,-0.09658004,168.97137,1.0,1.0
1.8,2.4,2.3677838,0.057763387,0.122260466,334.27094,1.0,1.0
1.8,2.6,2.6609235,0.04776071,0.07171982,252.07721,1.0,1.0
1.8,2.8,2.6958704,0.028626591,0.18920626,712.3137,1.0,0.4375
1.8,3.0,2.9834437,0.07684286,-0.1622504,201.29053,1.0,1.0
1.82,0.0,0.03164649,0.016657582,-0.0920872,10.955723,1.0,1.0
1.82,0.2,0.22789347,-0.035580955,-0.10485946,10.883507,1.0,1.0
1.82,0.4,0.3927937,-0.0024407404,-0.008779727,11.079595,1.0,1.0
1.82,0.6,0.6052252,0.04443182,-0.04362064,7.145977,1.0,1.0
1.82,0.8,0.83542496,0.030564357,-0.09619316,18.188393,1.0,1.0
1.82,1.0,0.9875177,0.08710289,-0.05421961,33.794136,1.0,1.0
1.82,1.2,1.1814247,0.056897677,-0.012146568,62.54495,1.0,1.0
1.82,1.4,1.3709389,0.053098246,-0.06226522,93.67149,1.0,1.0
1.82,1.6,1.5555118,0.04562306,0.050528146,159.17966,1.0,1.0
1.82,1.8,1.7047895,0.010207831,-0.13428222,78.93469,1.0,1.0
1.82,2.0,2.136944,0.00012142025,0.12086279,202.46402,1.0,1.0
1.82,2.2,2.2457995,0.026973989,-0.076465316,165.83354,1.0,1.0
1.82,2.4,2.411903,0.044412486,0.14303927,263.84808,1.0,0.9375
1.82,2.6,2.6898987,0.047916625,0.06217407,186.05983,1.0,1.0
1.82,2.8,2.689566,-0.005618494,0.13269529,315.04852,1.0,0.9375
1.82,3.0,2.9828496,0.08277448,-0.27135992,383.96387,1.0,0.125
1.84,0.0,0.031168621,0.019923048,-0.0524846,5.390245,1.0,1.0
1.84,0.2,0.22864641,-0.02913177,-0.13460003,8.142682,1.0,1.0
1.84,0.4,0.3873635,0.001227634,-0.013654054,9.89741,1.0,1.0
1.84,0.6,0.5853416,0.034534436,-0.07801089,11.924836,1.0,1.0
1.84,0.8,0.8140714,0.029756548,-0.023086114,11.685747,1.0,1.0
1.84,1.0,0.96509254,0.077805325,-0.102721654,36.941113,1.0,1.0
1.84,1.2,1.163324,0.056526635,-0.03479568,37.354923,1.0,1.0
1.84,1.4,1.3267329,0.042094395,-0.11928032,90.66982,1.0,1.0
1.84,1.6,1.5333383,0.048785754,0.03610487,101.165955,1.0,1.0
1.84,1.8,1.713239,0.015496518,-0.09987345,90.797264,1.0,1.0
1.84,2.0,2.0694828,0.030410182,0.042917036,329.77557,1.0,1.0
1.84,2.2,2.2796702,0.03643777,-0.13073665,142.47748,1.0,1.0
1.84,2.4,2.4637828,0.040668797,0.047147814,227.56929,1.0,1.0
1.84,2.6,2.709607,0.035701603,0.24585032,116.94696,1.0,0.0
1.84,2.8,2.7305782,0.0020817332,0.082764685,205.19342,1.0,1.0
1.84,3.0,2.9243302,0.06944368,-0.30163634,1132.1882,1.0,0.0625
1.86,0.0,0.03090896,0.022084972,-0.03497964,2.8015132,1.0,1.0
1.86,0.2,0.22582945,-0.015712097,-0.14391473,17.902676,1.0,1.0
1.86,0.4,0.38588393,0.008856608,-0.018131034,9.105605,1.0,1.0
1.86,0.6,0.57410383,0.027799947,-0.07987736,20.250444,1.0,1.0
1.86,0.8,0.79293174,0.03221875,-0.0016126297,16.707352,1.0,1.0
1.86,1.0,0.9589298,0.07137443,-0.099773586,28.879147,1.0,1.0
1.86,1.2,1.1603388,0.062196888,-0.056988273,31.746677,1.0,1.0
1.86,1.4,1.305331,0.0352632,-0.12593067,49.48078,1.0,1.0
1.86,1.6,1.5368903,0.04919234,-0.014477099,67.64082,1.0,1.0
1.86,1.8,1.7422491,0.026958339,-0.055362307,111.52115,1.0,1.0
1.86,2.0,1.998491,0.013931479,0.014161915,309.45798,1.0,1.0
1.86,2.2,2.3043797,0.03563925,-0.2027896,206.36597,1.0,0.4375
1.86,2.4,2.4968657,0.03845228,0.04331419,177.02504,1.0,1.0
1.86,2.6,2.6708868,0.036188465,0.3610945,382.6059,1.0,0.0
1.86,2.8,2.7865098,0.025848616,-0.010716701,242.65149,1.0,1.0
1.86,3.0,2.8385832,0.09296892,-0.16115576,927.8572,1.0,0.8125
1.8800000000000001,0.0,0.030067757,0.023405096,-0.025216985,3.0953236,1.0,1.0
1.8800000000000001,0.2,0.21637887,-0.008651499,-0.08787364,16.841726,1.0,1.0
1.8800000000000001,0.4,0.39136484,0.018752268,-0.022513881,12.092878,1.0,1.0
1.8800000000000001,0.6,0.5713843,0.02357031,-0.06448269,22.034897,1.0,1.0
1.8800000000000001,0.8,0.77569306,0.033655506,0.0062878057,24.332481,1.0,1.0
1.8800000000000001,1.0,0.9609792,0.067519255,-0.06167255,27.326248,1.0,1.0
1.8800000000000001,1.2,1.1720694,0.069423676,-0.048939917,49.65886,1.0,1.0
1.8800000000000001,1.4,1.3016822,0.030205444,-0.08994925,45.35389,1.0,1.0
1.8800000000000001,1.6,1.559597,0.04996645,-0.03838097,86.018234,1.0,1.0
1.8800000000000001,1.8,1.7815951,0.03824458,-0.0708158,110.79103,1.0,1.0
1.8800000000000001,2.0,1.9628448,-0.002451994,-0.04238446,137.13304,1.0,1.0
1.8800000000000001,2.2,2.2537813,0.015353131,-0.1115116,493.38416,1.0,1.0
1.8800000000000001,2.4,2.5265784,0.027433556,0.18022156,134.90497,1.0,0.75
1.8800000000000001,2.6,2.6064258,0.06643592,0.1516342,699.77637,1.0,1.0
1.8800000000000001,2.8,2.8227088,0.045016237,-0.06978623,222.8559,1.0,1.0
1.8800000000000001,3.0,2.865923,0.09689449,0.19136676,375.79504,1.0,0.5625
1.9000000000000001,0.0,0.030874776,0.025617843,-0.013026575,4.9878216,1.0,1.0
1.9000000000000001,0.2,0.20998073,-0.0036142766,-0.011353988,10.231549,1.0,1.0
1.9000000000000001,0.4,0.40657946,0.028828349,-0.013226812,14.835111,1.0,1.0
1.9000000000000001,0.6,0.5741532,0.017925922,-0.04929795,18.762373,1.0,1.0
1.9000000000000001,0.8,0.7677456,0.036376793,0.010067102,19.858723,1.0,1.0
1.9000000000000001,1.0,0.9745603,0.065722495,-0.032006696,31.90131,1.0,1.0
1.9000000000000001,1.2,1.2001605,0.07320087,-0.014066934,67.283905,1.0,1.0
1.9000000000000001,1.4,1.3157456,0.031118922,-0.054979235,62.110725,1.0,1.0
1.9000000000000001,1.6,1.592699,0.052055076,-0.007523983,91.75307,1.0,1.0
1.9000000000000001,1.8,1.8347912,0.039287597,-0.15116298,103.26651,1.0,1.0
1.9000000000000001,2.0,1.9721708,0.0015707891,-0.10990554,131.20337,1.0,1.0
1.9000000000000001,2.2,2.190364,0.022468697,0.0015471419,457.37833,1.0,1.0
1.9000000000000001,2.4,2.509974,0.029506158,0.25979543,340.3591,1.0,0.1875
1.9000000000000001,2.6,2.5353713,0.03400539,0.11197707,563.19653,1.0,1.0
1.9000000000000001,2.8,2.8544939,0.04913219,-0.21191835,152.48576,1.0,0.4375
1.9000000000000001,3.0,2.9247375,0.07817914,0.23859207,312.03662,1.0,0.125
1.92,0.0,0.032957643,0.0290377,-0.0042653317,6.344511,1.0,1.0
1.92,0.2,0.20429325,-0.0012274322,0.02017894,7.6171365,1.0,1.0
1.92,0.4,0.42940575,0.03622902,0.02740241,13.682663,1.0,1.0
1.92,0.6,0.5841657,0.009840829,-0.040926687,19.078354,1.0,1.0
1.92,0.8,0.7689234,0.042452957,-0.0013082507,22.50502,1.0,1.0
1.92,1.0,1.0013013,0.065605775,-0.03395866,38.496883,1.0,1.0
1.92,1.2,1.2447693,0.07646608,0.04996324,64.61015,1.0,1.0
1.92,1.4,1.3479984,0.036380142,-0.050263386,75.92009,1.0,1.0
1.92,1.6,1.6407821,0.04681655,0.073599875,90.64821,1.0,1.0
1.92,1.8,1.8526478,0.04513794,-0.07608876,133.20901,1.0,1.0
1.92,2.0,2.0025315,0.015138999,-0.09833985,133.97305,1.0,1.0
1.92,2.2,2.177241,0.021777406,0.09663084,241.88702,1.0,1.0
1.92,2.4,2.4457262,0.058107346,0.11301853,530.85046,1.0,1.0
1.92,2.6,2.5344234,0.009791587,0.036990087,294.3424,1.0,1.0
1.92,2.8,2.8184104,0.045814667,-0.28073508,599.7627,1.0,0.0
1.92,3.0,2.980716,0.072560035,0.16922072,286.91434,1.0,0.8125
1.94,0.0,0.036707353,0.033275325,0.0021584444,8.081509,1.0,1.0
1.94,0.2,0.19830362,0.0006857065,0.009136258,6.3366594,1.0,1.0
1.94,0.4,0.430298,0.033661738,0.024750194,13.683767,1.0,1.0
1.94,0.6,0.604387,0.0017496292,-0.04728899,19.313465,1.0,1.0
1.94,0.8,0.7827077,0.049319446,-0.013841522,35.391823,1.0,1.0
1.94,1.0,1.0437094,0.06531957,-0.07723065,39.631508,1.0,1.0
1.94,1.2,1.2894689,0.07980274,0.10728656,81.975006,1.0,1.0
1.94,1.4,1.3960227,0.039733455,-0.092075124,70.77115,1.0,1.0
1.94,1.6,1.6883966,0.04137558,0.15488873,148.20088,1.0,1.0
1.94,1.8,1.7952656,0.021975692,0.014905641,245.40323,1.0,1.0
1.94,2.0,2.0400896,0.033959635,-0.05968698,140.22359,1.0,1.0
1.94,2.2,2.2156744,0.013553532,0.07428904,211.70044,1.0,1.0
1.94,2.4,2.3723006,0.034942865,0.09142344,487.20422,1.0,1.0
1.94,2.6,2.576849,0.025829684,-0.02820113,198.58875,1.0,1.0
1.94,2.8,2.724391,0.040582847,-0.17517191,890.87085,1.0,0.75
1.94,3.0,3.0113788,0.066868916,0.25689453,169.34413,1.0,0.0625
1.96,0.0,0.039805926,0.035013296,-0.00065591524,9.126085,1.0,1.0
1.96,0.2,0.19476776,0.0040789964,0.0008935773,4.78086,1.0,1.0
1.96,0.4,0.4130467,0.027107392,-0.008661002,15.402447,1.0,1.0
1.96,0.6,0.6326541,-0.0028747441,-0.09170237,17.677834,1.0,1.0
1.96,0.8,0.81038857,0.057165693,-0.0053773858,40.673172,1.0,1.0
1.96,1.0,1.0876043,0.06919155,-0.14235146,55.482548,1.0,1.0
1.96,1.2,1.2367933,0.08153623,0.04775749,76.66696,1.0,1.0
1.96,1.4,1.4588923,0.039050013,-0.14571343,89.028114,1.0,1.0
1.96,1.6,1.6350102,0.05422439,0.10718912,164.6083,1.0,1.0
1.96,1.8,1.7426035,0.025644477,0.06212513,235.37138,1.0,1.0
1.96,2.0,2.0820303,0.03923022,-0.12281688,120.92749,1.0,1.0
1.96,2.2,2.2604728,0.010215899,-0.0017265904,187.00879,1.0,1.0
1.96,2.4,2.3569062,0.012400157,0.035756014,269.58063,1.0,1.0
1.96,2.6,2.6287258,0.048855487,-0.08326137,218.2065,1.0,1.0
1.96,2.8,2.7168677,0.049412798,0.12970768,450.50858,1.0,1.0
1.96,3.0,3.0341728,0.043256857,0.5464139,285.1385,1.0,0.0
1.98,0.0,0.038958825,0.031036928,0.010783528,8.434373,1.0,1.0
1.98,0.2,0.19440475,0.010219884,0.0016954169,4.1055527,1.0,1.0
1.98,0.4,0.39775223,0.018190388,-0.071329646,10.042374,1.0,1.0
1.98,0.6,0.6525677,-0.002130203,-0.1567887,21.80515,1.0,1.0
1.98,0.8,0.84815085,0.06310791,0.04594705,29.923584,1.0,1.0
1.98,1.0,1.0567579,0.067163385,-0.06801939,49.240265,1.0,1.0
1.98,1.2,1.1836725,0.07648461,-0.04195291,58.46937,1.0,1.0
1.98,1.4,1.4462355,0.043725707,-0.054479316,124.29922,1.0,1.0
1.98,1.6,1.566747,0.051593862,-0.027345927,136.02345,1.0,1.0
1.98,1.8,1.7243457,0.027604312,0.068321235,134.70522,1.0,1.0
1.98,2.0,2.106927,0.043710306,-0.1544534,167.01688,1.0,1.0
1.98,2.2,2.295255,0.0062214853,0.016729835,153.18745,1.0,1.0
1.98,2.4,2.389719,0.022732642,-0.04115505,192.5206,1.0,1.0
1.98,2.6,2.657947,0.06700316,-0.09885972,203.52745,1.0,1.0
1.98,2.8,2.7649798,0.03174473,0.21929993,299.9475,1.0,0.375
1.98,3.0,2.9575076,0.07460669,0.3187621,627.273,1.0,0.0
2.0,0.0,0.036197536,0.025460467,0.007214046,7.752225,1.0,1.0
2.0,0.2,0.19798176,0.017900659,0.0004840574,5.6083217,1.0,1.0
2.0,0.4,0.3877769,0.008870151,-0.07850003,8.180161,1.0,1.0
2.0,0.6,0.6351092,0.0063938797,-0.1351809,20.724138,1.0,1.0
2.0,0.8,0.8574469,0.06651552,0.036244463,40.454956,1.0,1.0
2.0,1.0,1.0202985,0.064108975,0.004784208,42.40525,1.0,1.0
2.0,1.2,1.1458604,0.06801587,-0.10678675,53.450798,1.0,1.0
2.0,1.4,1.3923929,0.036340594,0.03767989,114.82788,1.0,1.0
2.0,1.6,1.5181614,0.04167879,-0.12166135,108.47955,1.0,1.0
2.0,1.8,1.7355015,0.026983341,0.015089556,101.15988,1.0,1.0
2.0,2.0,2.0548658,0.020255717,-0.029605668,379.70486,1.0,1.0
2.0,2.2,2.3329272,-0.0066995914,0.14933416,141.18048,1.0,0.8125
2.0,2.4,2.4360385,0.043401062,-0.068961956,192.11926,1.0,1.0
2.0,2.6,2.6925652,0.06848353,-0.24198492,127.550354,1.0,0.125
2.0,2.8,2.8156261,0.021866512,0.103987806,280.47668,1.0,0.9375
2.0,3.0,2.8705578,0.07750378,0.15333256,899.7031,1.0,0.8125
2.02,0.0,0.030677173,0.021607067,-0.006866201,9.774274,1.0,1.0
2.02,0.2,0.20730886,0.026027499,0.005148392,9.260448,1.0,1.0
2.02,0.4,0.38205045,0.0027325614,-0.06396143,13.493061,1.0,1.0
2.02,0.6,0.61853373,0.007743055,-0.04980447,11.282696,1.0,1.0
2.02,0.8,0.8194587,0.06553042,-0.016782707,21.080956,1.0,1.0
2.02,1.0,0.9889082,0.06748049,0.020380309,39.149704,1.0,1.0
2.02,1.2,1.1270103,0.06362505,-0.1214595,32.027893,1.0,1.0
2.02,1.4,1.3502624,0.041337058,0.04594671,106.70628,1.0,1.0
2.02,1.6,1.4948106,0.033580214,-0.1447711,48.31237,1.0,1.0
2.02,1.8,1.7667341,0.026077319,-0.034302477,113.24776,1.0,1.0
2.02,2.0,1.9921854,0.024166226,0.06073185,359.1808,1.0,1.0
2.02,2.2,2.3235626,-0.0019860743,0.19384493,268.57388,1.0,0.3125
2.02,2.4,2.466424,0.061556973,-0.07460326,180.74675,1.0,1.0
2.02,2.6,2.6564193,0.060766835,-0.25790426,499.95758,1.0,0.0625
2.02,2.8,2.8462434,0.022115014,0.10118857,198.21925,1.0,1.0
2.02,3.0,2.828206,0.03672851,0.09242754,415.51776,1.0,0.9375
2.04,0.0,0.025617085,0.018908942,-0.024151688,12.586758,1.0,1.0
2.04,0.2,0.21755363,0.031013753,0.014730729,10.602734,1.0,1.0
2.04,0.4,0.38152117,-0.002094659,-0.052556477,14.437378,1.0,1.0
2.04,0.6,0.6051048,0.0092135,-0.0023004697,13.039148,1.0,1.0
2.04,0.8,0.7881829,0.058851227,-0.08218205,19.96338,1.0,1.0
2.04,1.0,0.9685357,0.06780492,0.0168394,39.900105,1.0,1.0
2.04,1.2,1.123867,0.060166948,-0.08982276,33.320015,1.0,1.0
2.04,1.4,1.3282007,0.042679135,0.021132313,72.61217,1.0,1.0
2.04,1.6,1.496274,0.034467526,-0.087955296,66.116295,1.0,1.0
2.04,1.8,1.803961,0.025934638,-0.017317995,112.67847,1.0,1.0
2.04,2.0,1.9727898,0.022278689,0.10681978,181.75613,1.0,1.0
2.04,2.2,2.2583756,0.022018544,0.07906721,438.15872,1.0,1.0
2.04,2.4,2.500768,0.064866155,-0.1805196,128.29501,1.0,0.6875
2.04,2.6,2.5732188,0.06152723,-0.12749623,776.5051,1.0,1.0
2.04,2.8,2.8638167,0.007541403,0.3154899,125.97208,1.0,0.0
2.04,3.0,2.853984,0.029489644,0.100393854,264.17657,1.0,0.9375
2.06,0.0,0.021512937,0.014177223,-0.048146114,6.6377287,1.0,1.0
2.06,0.2,0.21737733,0.026235107,0.03357913,12.243164,1.0,1.0
2.06,0.4,0.3868485,-0.009474343,-0.04715027,13.038155,1.0,1.0
2.06,0.6,0.5915086,0.012091108,0.0036839838,16.497746,1.0,1.0
2.06,0.8,0.7672937,0.049914807,-0.110817984,25.084631,1.0,1.0
2.06,1.0,0.9609579,0.07055983,0.006373781,25.32309,1.0,1.0
2.06,1.2,1.133408,0.059346363,-0.050965603,43.256508,1.0,1.0
2.06,1.4,1.3257217,0.042962156,-0.019891512,47.136906,1.0,1.0
2.06,1.6,1.5191592,0.040432565,-0.048357684,89.00467,1.0,1.0
2.06,1.8,1.8504229,0.020320572,0.061156355,108.1656,1.0,1.0
2.06,2.0,2.0016646,0.017402818,0.06413098,158.05933,1.0,1.0
2.06,2.2,2.1900728,0.0016466973,0.0511225,375.85776,1.0,1.0
2.06,2.4,2.4848938,0.05730824,-0.17922822,394.84378,1.0,0.875
2.06,2.6,2.561792,0.06733079,0.1363824,391.6148,1.0,1.0
2.06,2.8,2.8156087,0.011097476,0.3937453,432.39224,1.0,0.0
2.06,3.0,2.9015064,0.056081437,0.038413625,247.20226,1.0,1.0
2.08,0.0,0.019655004,0.008227396,-0.062198885,3.9758124,1.0,1.0
2.08,0.2,0.20888138,0.023516202,0.012724121,11.924656,1.0,1.0
2.08,0.4,0.39679903,-0.018628024,-0.052450664,12.184593,1.0,1.0
2.08,0.6,0.58105296,0.014135478,0.0026002864,18.91157,1.0,1.0
2.08,0.8,0.7600758,0.045291804,-0.10401213,27.38784,1.0,1.0
2.08,1.0,0.9653692,0.075809516,0.0013257783,30.801105,1.0,1.0
2.08,1.2,1.1608562,0.062182017,-0.029640725,53.746445,1.0,1.0
2.08,1.4,1.339871,0.048552305,-0.027068894,65.47062,1.0,1.0
2.08,1.6,1.5558676,0.04830556,-0.062948875,92.40717,1.0,1.0
2.08,1.8,1.8875107,0.0138307875,0.11786288,171.38303,1.0,1.0
2.08,2.0,2.0424771,0.014076181,-0.009023625,151.94197,1.0,1.0
2.08,2.2,2.168583,-0.014430858,-0.009488938,204.92767,1.0,1.0
2.08,2.4,2.4080384,0.046657808,-0.07515859,652.5651,1.0,0.9375
2.08,2.6,2.608982,0.050049234,0.1988196,288.30774,1.0,0.4375
2.08,2.8,2.759685,0.043057144,0.13092977,769.35474,1.0,0.8125
2.08,3.0,2.9423432,0.08136216,-0.06997325,255.96375,1.0,1.0
2.1,0.0,0.01939654,0.0037853494,-0.067478195,6.223427,1.0,1.0
2.1,0.2,0.200665,0.020715225,-0.015686218,13.115618,1.0,1.0
2.1,0.4,0.41411275,-0.026670557,-0.07427369,13.165331,1.0,1.0
2.1,0.6,0.575877,0.017887719,0.0011708641,14.198473,1.0,1.0
2.1,0.8,0.76040816,0.04094384,-0.07149546,21.421291,1.0,1.0
2.1,1.0,0.9837936,0.0811934,0.0048431316,46.759552,1.0,1.0
2.1,1.2,1.2021747,0.065100126,-0.06371866,53.73907,1.0,1.0
2.1,1.4,1.3701476,0.050808545,0.004728313,78.67972,1.0,1.0
2.1,1.6,1.6085446,0.05048545,-0.11482085,83.41586,1.0,1.0
2.1,1.8,1.8301913,0.03519924,0.08012601,225.66714,1.0,1.0
2.1,2.0,2.0810614,0.011948224,-0.013672259,131.85156,1.0,1.0
2.1,2.2,2.1934543,-0.0054940777,-0.08194525,163.76869,1.0,1.0
2.1,2.4,2.369857,0.051446654,0.097054,379.86044,1.0,1.0
2.1,2.6,2.6586773,0.04318744,0.07184312,251.97192,1.0,1.0
2.1,2.8,2.687269,0.013583608,0.083265364,627.68176,1.0,0.875
2.1,3.0,2.9645665,0.09619907,-0.18199685,179.5274,1.0,0.75
2.12,0.0,0.021408945,-0.0012432248,-0.070359826,7.581005,1.0,1.0
2.12,0.2,0.19493362,0.01136466,-0.053000726,8.400488,1.0,1.0
2.12,0.4,0.43880758,-0.030589726,-0.112269804,13.577007,1.0,1.0
2.12,0.6,0.5781654,0.026214154,-0.0117606195,19.225937,1.0,1.0
2.12,0.8,0.76772773,0.036980435,-0.047546394,24.574234,1.0,1.0
2.12,1.0,1.0178635,0.08643581,0.02391362,54.945564,1.0,1.0
2.12,1.2,1.2576789,0.06515803,-0.11314209,56.823486,1.0,1.0
2.12,1.4,1.4164687,0.04942084,0.06516374,80.67908,1.0,1.0
2.12,1.6,1.6522422,0.05660665,-0.11362892,105.058655,1.0,1.0
2.12,1.8,1.7596798,0.0303856,-0.011488133,199.16028,1.0,1.0
2.12,2.0,2.122167,0.0033276584,0.0853327,121.73595,1.0,1.0
2.12,2.2,2.2312827,0.011083548,-0.0763541,166.06941,1.0,1.0
2.12,2.4,2.3973536,0.037459984,0.15617675,276.63834,1.0,0.8125
2.12,2.6,2.687997,0.043266885,0.061320364,185.78043,1.0,1.0
2.12,2.8,2.695153,-0.008795489,0.041249808,307.94284,1.0,0.875
2.12,3.0,2.9346514,0.106293984,-0.30647475,467.07764,1.0,0.0
2.14,0.0,0.025705539,-0.006251361,-0.08066574,8.456234,1.0,1.0
2.14,0.2,0.19218919,0.0018029942,-0.054152265,5.730801,1.0,1.0
2.14,0.4,0.44053906,-0.022978183,-0.16998506,15.709877,1.0,1.0
2.14,0.6,0.5908256,0.036319457,-0.02335702,25.45692,1.0,1.0
2.14,0.8,0.7871699,0.03235598,-0.040374007,24.692245,1.0,1.0
2.14,1.0,1.0637417,0.09167216,0.08773863,41.66416,1.0,1.0
2.14,1.2,1.2532835,0.06982971,-0.048224,77.968346,1.0,1.0
2.14,1.4,1.4632274,0.048671577,0.12680677,121.95521,1.0,1.0
2.14,1.6,1.6139634,0.042165402,-0.021148367,170.5252,1.0,1.0
2.14,1.8,1.7154973,0.01879615,-0.10756924,121.56329,1.0,1.0
2.14,2.0,2.1387777,0.00094512757,0.12902638,203.22955,1.0,1.0
2.14,2.2,2.266111,0.027968653,-0.059159853,158.99658,1.0,1.0
2.14,2.4,2.4430923,0.028980115,0.04295209,226.99979,1.0,1.0
2.14,2.6,2.707758,0.030913506,0.24501704,118.00758,1.0,0.0
2.14,2.8,2.7418103,0.008972257,-0.0063985023,207.29031,1.0,1.0
2.14,3.0,2.8634484,0.090043485,-0.29924843,1127.5828,1.0,0.0625
2.16,0.0,0.031646885,-0.01173724,-0.10080999,9.041648,1.0,1.0
2.16,0.2,0.19201615,-0.0052425787,-0.05049155,8.204893,1.0,1.0
2.16,0.4,0.42679155,-0.013184059,-0.1137518,20.987087,1.0,1.0
2.16,0.6,0.61547756,0.04550191,-0.007962104,25.070265,1.0,1.0
2.16,0.8,0.8189672,0.028696185,-0.06553841,27.144709,1.0,1.0
2.16,1.0,1.0722371,0.09458479,0.050945498,61.729126,1.0,1.0
2.16,1.2,1.2115769,0.0635995,0.027821515,72.57951,1.0,1.0
2.16,1.4,1.4294384,0.054874692,0.043871723,115.46309,1.0,1.0
2.16,1.6,1.5582261,0.042669453,0.033195604,162.97073,1.0,1.0
2.16,1.8,1.7005336,0.01346592,-0.14225368,75.11407,1.0,1.0
2.16,2.0,2.074486,0.030541744,0.043614596,332.42578,1.0,1.0
2.16,2.2,2.306929,0.028271839,-0.17316067,127.72909,1.0,0.6875
2.16,2.4,2.475143,0.028480269,0.0055434583,188.78647,1.0,1.0
2.16,2.6,2.6683583,0.031106975,0.3617993,386.23846,1.0,0.0
2.16,2.8,2.796563,0.035312016,-0.08527332,238.20544,1.0,1.0
2.16,3.0,2.8116963,0.111179106,-0.07846047,745.33795,1.0,0.9375
2.18,0.0,0.038107447,-0.016481623,-0.12081128,9.007629,1.0,1.0
2.18,0.2,0.19570403,-0.011660616,-0.052389935,9.726479,1.0,1.0
2.18,0.4,0.41385123,-0.0109669585,-0.032515552,15.550398,1.0,1.0
2.18,0.6,0.647449,0.0516673,0.049009115,16.100931,1.0,1.0
2.18,0.8,0.8572465,0.028716998,-0.14010572,27.093845,1.0,1.0
2.18,1.0,1.026218,0.09513514,0.012133552,41.488216,1.0,1.0
2.18,1.2,1.1763698,0.06756539,0.045770206,68.48631,1.0,1.0
2.18,1.4,1.37192,0.053559847,-0.06087995,93.36017,1.0,1.0
2.18,1.6,1.5262911,0.045404576,0.040015124,120.83801,1.0,1.0
2.18,1.8,1.7146441,0.022040116,-0.09160991,96.89303,1.0,1.0
2.18,2.0,2.002913,0.014309402,0.016516138,310.6514,1.0,1.0
2.18,2.2,2.2969027,0.02389532,-0.14514789,280.37634,1.0,0.9375
2.18,2.4,2.4977534,0.019958533,0.13157564,149.06598,1.0,0.9375
2.18,2.6,2.6065693,0.06250329,0.14644553,696.57947,1.0,0.875
2.18,2.8,2.827964,0.05578919,-0.13027748,213.11673,1.0,0.9375
2.18,3.0,2.8595705,0.103194624,0.22801071,327.41925,1.0,0.3125
2.2,0.0,0.039261453,-0.012000519,-0.12576109,2.973713,1.0,1.0
2.2,0.2,0.20283031,-0.019832797,-0.06447048,10.779633,1.0,1.0
2.2,0.4,0.4043249,-0.010395523,0.02234742,12.323683,1.0,1.0
2.2,0.6,0.63457334,0.04928513,0.021009164,23.787355,1.0,1.0
2.2,0.8,0.8474359,0.032992505,-0.123228714,37.637146,1.0,1.0
2.2,1.0,0.9876807,0.0873885,-0.05496735,34.08451,1.0,1.0
2.2,1.2,1.1555245,0.067184195,0.032504857,64.74582,1.0,1.0
2.2,1.4,1.3275543,0.04259508,-0.11844806,90.06007,1.0,1.0
2.2,1.6,1.5206387,0.04568126,0.0025189342,66.90047,1.0,1.0
2.2,1.8,1.7468598,0.034801126,-0.053930655,113.427345,1.0,1.0
2.2,2.0,1.9669442,-0.002046777,-0.039046496,138.11258,1.0,1.0
2.2,2.2,2.2250493,0.008081105,-0.049018476,538.6361,1.0,1.0
2.2,2.4,2.5066116,0.00881252,0.28276622,272.77045,1.0,0.0625
2.2,2.6,2.5350146,0.031780157,0.109153464,571.8834,1.0,1.0
2.2,2.8,2.856823,0.05912791,-0.274589,185.68698,1.0,0.1875
2.2,3.0,2.921427,0.083586715,0.21508867,323.10825,1.0,0.375
2.22,0.0,0.03823215,7.63681e-05,-0.1368166,12.415331,1.0,1.0
2.22,0.2,0.21373942,-0.029155832,-0.08518802,11.119474,1.0,1.0
2.22,0.4,0.39503884,-0.008309197,0.01709585,11.771511,1.0,1.0
2.22,0.6,0.6044688,0.04143835,-0.05032732,10.716785,1.0,1.0
2.22,0.8,0.821205,0.03473425,-0.04700158,14.4795475,1.0,1.0
2.22,1.0,0.9652034,0.07826972,-0.10279967,36.933537,1.0,1.0
2.22,1.2,1.1500043,0.067380354,0.004835054,37.198616,1.0,1.0
2.22,1.4,1.305998,0.03583435,-0.12582555,49.06907,1.0,1.0
2.22,1.6,1.5382774,0.046752274,-0.047987446,81.87781,1.0,1.0
2.22,1.8,1.7880158,0.044271383,-0.084712714,106.23198,1.0,1.0
2.22,2.0,1.9759676,0.0018427912,-0.106569245,130.6434,1.0,1.0
2.22,2.2,2.1774015,0.012212946,0.054436445,354.80347,1.0,1.0
2.22,2.4,2.454214,0.037560314,0.1634202,446.13205,1.0,0.8125
2.22,2.6,2.5331798,0.0071183927,0.040057078,298.82697,1.0,1.0
2.22,2.8,2.8134198,0.05257661,-0.30126792,678.14294,1.0,0.125
2.22,3.0,2.9734807,0.07958885,0.16885376,258.32047,1.0,0.75
2.24,0.0,0.035688296,0.011256969,-0.12442897,12.751015,1.0,1.0
2.24,0.2,0.22803102,-0.035760745,-0.10404088,11.255404,1.0,1.0
2.24,0.4,0.38733137,-0.0059552724,0.0007746655,11.62464,1.0,1.0
2.24,0.6,0.58102924,0.031942222,-0.10232342,10.234199,1.0,1.0
2.24,0.8,0.8000614,0.035638593,-0.008301337,14.057432,1.0,1.0
2.24,1.0,0.9590001,0.07194907,-0.099550895,28.76712,1.0,1.0
2.24,1.2,1.1582162,0.071882844,-0.0046548625,43.76583,1.0,1.0
2.24,1.4,1.3022263,0.030777803,-0.09033207,45.481766,1.0,1.0
2.24,1.6,1.5690663,0.050377272,-0.046640735,95.98355,1.0,1.0
2.24,1.8,1.8455427,0.0442527,-0.1680645,101.57923,1.0,1.0
2.24,2.0,2.0062962,0.01519187,-0.09559088,133.71075,1.0,1.0
2.24,2.2,2.1846595,0.0067361817,0.0905688,236.46068,1.0,1.0
2.24,2.4,2.3818321,0.02401108,0.12312629,528.7727,1.0,1.0
2.24,2.6,2.575373,0.022897892,-0.025626935,199.11273,1.0,1.0
2.24,2.8,2.7237816,0.061808173,-0.16912192,880.5,1.0,0.75
2.24,3.0,2.9983106,0.06778159,0.32074004,153.87413,1.0,0.0
2.2600000000000002,0.0,0.03158044,0.01663124,-0.09194626,10.962656,1.0,1.0
2.2600000000000002,0.2,0.22836244,-0.029537065,-0.13467106,8.103294,1.0,1.0
2.2600000000000002,0.4,0.38269538,-0.0016099755,-0.0075420756,9.477175,1.0,1.0
2.2600000000000002,0.6,0.56633973,0.024322227,-0.10208899,17.906822,1.0,1.0
2.2600000000000002,0.8,0.7799429,0.037911013,-0.004809278,19.056503,1.0,1.0
2.2600000000000002,1.0,0.9610212,0.068218,-0.061383966,27.20995,1.0,1.0
2.2600000000000002,1.2,1.1818258,0.07515928,0.0067830817,59.721153,1.0,1.0
2.2600000000000002,1.4,1.3161935,0.03168784,-0.054864902,62.1235,1.0,1.0
2.2600000000000002,1.6,1.6119671,0.04972116,0.014587665,93.50251,1.0,1.0
2.2600000000000002,1.8,1.8400884,0.041586716,-0.05050362,162.70508,1.0,1.0
2.2600000000000002,2.0,2.044051,0.033755407,-0.056917384,139.76205,1.0,1.0
2.2600000000000002,2.2,2.2246454,0.0021018593,0.010049582,203.60541,1.0,1.0
2.2600000000000002,2.4,2.356272,-0.0037403014,0.0586541,276.86206,1.0,1.0
2.2600000000000002,2.6,2.6273706,0.04546385,-0.083823845,217.71538,1.0,1.0
2.2600000000000002,2.8,2.729815,0.06932616,0.15623406,408.76346,1.0,0.9375
2.2600000000000002,3.0,3.0057817,0.04641389,0.6031517,422.43842,1.0,0.0
2.2800000000000002,0.0,0.03114058,0.019890495,-0.05240305,5.3985753,1.0,1.0
2.2800000000000002,0.2,0.22553447,-0.016303645,-0.1441088,18.074772,1.0,1.0
2.2800000000000002,0.4,0.38264635,0.00654924,-0.01709501,10.512875,1.0,1.0
2.2800000000000002,0.6,0.5618623,0.0198127,-0.08554425,21.43025,1.0,1.0
2.2800000000000002,0.8,0.765511,0.04006207,0.00355053,23.514751,1.0,1.0
2.2800000000000002,1.0,0.9745806,0.06657721,-0.031688385,32.056652,1.0,1.0
2.2800000000000002,1.2,1.221247,0.07694078,0.0412549,67.70712,1.0,1.0
2.2800000000000002,1.4,1.3483748,0.037005924,-0.049797233,75.837204,1.0,1.0
2.2800000000000002,1.6,1.6681721,0.045383584,0.11375694,104.09846,1.0,1.0
2.2800000000000002,1.8,1.7780507,0.022944879,0.039071977,250.21136,1.0,1.0
2.2800000000000002,2.0,2.0861475,0.038938776,-0.12055677,120.203125,1.0,1.0
2.2800000000000002,2.2,2.2608032,-0.0006223193,-0.034795403,177.00436,1.0,1.0
2.2800000000000002,2.4,2.383305,0.00072541647,-0.029085536,205.43466,1.0,1.0
2.2800000000000002,2.6,2.6569152,0.063680425,-0.10239134,206.57516,1.0,1.0
2.2800000000000002,2.8,2.7832046,0.051240608,0.22499114,289.784,1.0,0.125
2.2800000000000002,3.0,2.9356594,0.09111165,0.2957939,740.8125,1.0,0.0625
2.3000000000000003,0.0,0.030910898,0.02205636,-0.03496807,2.8485532,1.0,1.0
2.3000000000000003,0.2,0.21593519,-0.009201386,-0.08800672,16.756212,1.0,1.0
2.3000000000000003,0.4,0.3901791,0.016104437,-0.023273798,12.93282,1.0,1.0
2.3000000000000003,0.6,0.5635662,0.014970528,-0.0656032,18.092567,1.0,1.0
2.3000000000000003,0.8,0.76015925,0.043895856,0.008441198,18.768951,1.0,1.0
2.3000000000000003,1.0,1.0012506,0.066617735,-0.033426538,38.559143,1.0,1.0
2.3000000000000003,1.2,1.2728219,0.08054384,0.11205197,58.461563,1.0,1.0
2.3000000000000003,1.4,1.3963358,0.040453076,-0.091630355,70.67689,1.0,1.0
2.3000000000000003,1.6,1.6619418,0.049467713,0.04478996,145.97614,1.0,1.0
2.3000000000000003,1.8,1.7346706,0.026137523,0.06670518,197.31952,1.0,1.0
2.3000000000000003,2.0,2.1106482,0.043356977,-0.15214886,169.94078,1.0,1.0
2.3000000000000003,2.2,2.2904575,-0.00609388,0.037906826,146.20432,1.0,1.0
2.3000000000000003,2.4,2.433048,0.020055301,-0.07953292,196.18835,1.0,1.0
2.3000000000000003,2.6,2.6913977,0.06537086,-0.2483193,121.845566,1.0,0.0
2.3000000000000003,2.8,2.8377006,0.04327829,0.120358795,272.86743,1.0,1.0
2.3000000000000003,3.0,2.8504815,0.07014271,0.23868899,860.0756,1.0,0.1875
2.32,0.0,0.030094279,0.023368612,-0.025204174,3.1202078,1.0,1.0
2.32,0.2,0.2094114,-0.004197549,-0.011427474,10.208948,1.0,1.0
2.32,0.4,0.40767056,0.024747092,-0.007438666,15.279097,1.0,1.0
2.32,0.6,0.5717989,0.007030936,-0.0478724,19.174698,1.0,1.0
2.32,0.8,0.764205,0.050431274,-0.00033271476,26.256931,1.0,1.0
2.32,1.0,1.043556,0.066490546,-0.07683666,39.63028,1.0,1.0
2.32,1.2,1.271483,0.082815304,0.041964173,83.0694,1.0,1.0
2.32,1.4,1.4590979,0.039777465,-0.14329726,87.47513,1.0,1.0
2.32,1.6,1.5935824,0.059682418,-0.016379982,148.7048,1.0,1.0
2.32,1.8,1.7242299,0.028261662,0.04351679,115.30233,1.0,1.0
2.32,2.0,2.0559568,0.01971475,-0.03349396,380.53925,1.0,1.0
2.32,2.2,2.3263373,-0.022892524,0.21389946,182.65482,1.0,0.3125
2.32,2.4,2.4671268,0.038692478,-0.08156438,182.12206,1.0,1.0
2.32,2.6,2.657566,0.05827705,-0.2563369,486.27078,1.0,0.0625
2.32,2.8,2.8691769,0.04114875,0.13843119,182.31262,1.0,0.8125
2.32,3.0,2.8373756,0.030021526,0.20337608,334.83957,1.0,0.375
2.34,0.0,0.030919742,0.025575362,-0.013055474,4.9680634,1.0,1.0
2.34,0.2,0.20366421,-0.001809825,0.020248897,7.627794,1.0,1.0
2.34,0.4,0.43023348,0.030532392,0.035903756,14.665291,1.0,1.0
2.34,0.6,0.5884977,-0.0011368487,-0.04521004,17.804447,1.0,1.0
2.34,0.8,0.7819985,0.057905655,-0.012418153,38.07144,1.0,1.0
2.34,1.0,1.0871713,0.07059087,-0.14180845,54.740456,1.0,1.0
2.34,1.2,1.2192986,0.084454246,-0.023522666,67.19344,1.0,1.0
2.34,1.4,1.4462101,0.04466673,-0.055550203,124.96008,1.0,1.0
2.34,1.6,1.540937,0.051467158,-0.097687475,139.61884,1.0,1.0
2.34,1.8,1.7388916,0.028864933,-0.02090224,99.27172,1.0,1.0
2.34,2.0,1.9929328,0.02438795,0.0586052,359.95074,1.0,1.0
2.34,2.2,2.285633,0.003075063,0.10919289,276.27884,1.0,0.9375
2.34,2.4,2.5005665,0.046323203,-0.15667804,137.15013,1.0,1.0
2.34,2.6,2.5730064,0.058229968,-0.12105766,786.6977,1.0,0.9375
2.34,2.8,2.890619,0.024449855,0.36422515,144.59132,1.0,0.0
2.34,3.0,2.8731856,0.02957905,0.19057493,206.0591,1.0,0.5
2.36,0.0,0.033016313,0.028987393,-0.0042827856,6.38747,1.0,1.0
2.36,0.2,0.19771306,0.00010476448,0.009219659,6.319072,1.0,1.0
2.36,0.4,0.42238864,0.027800713,0.01324836,12.813272,1.0,1.0
2.36,0.6,0.6150875,-0.0066560023,-0.0745018,16.54099,1.0,1.0
2.36,0.8,0.8134078,0.06586083,0.0047493684,39.207146,1.0,1.0
2.36,1.0,1.0563679,0.06838022,-0.06648547,50.282455,1.0,1.0
2.36,1.2,1.1758415,0.0747637,-0.089073576,61.16491,1.0,1.0
2.36,1.4,1.3921676,0.037281267,0.036915157,114.729324,1.0,1.0
2.36,1.6,1.5129657,0.03818935,-0.12889758,74.67628,1.0,1.0
2.36,1.8,1.7697543,0.028693952,-0.053331867,113.18886,1.0,1.0
2.36,2.0,1.9732838,0.022577219,0.106374286,181.68733,1.0,1.0
2.36,2.2,2.212494,0.01038466,0.03832062,454.58398,1.0,1.0
2.36,2.4,2.4955754,0.044261448,-0.19968143,323.46432,1.0,0.375
2.36,2.6,2.5615842,0.06385113,0.14087585,401.70532,1.0,1.0
2.36,2.8,2.8302069,0.041729726,0.31126973,431.07108,1.0,0.0
2.36,3.0,2.92551,0.052311175,0.09349792,261.75732,1.0,1.0
2.38,0.0,0.03675939,0.03322356,0.002113449,8.050596,1.0,1.0
2.38,0.2,0.19421512,0.0035026115,0.0007864425,4.78024,1.0,1.0
2.38,0.4,0.40635073,0.025348451,-0.025272556,13.819738,1.0,1.0
2.38,0.6,0.6432527,-0.008688874,-0.14478476,18.849152,1.0,1.0
2.38,0.8,0.85318106,0.072019026,0.06709151,25.346472,1.0,1.0
2.38,1.0,1.0197806,0.065059975,0.006681958,42.589725,1.0,1.0
2.38,1.2,1.1526756,0.06569985,-0.123823196,52.687576,1.0,1.0
2.38,1.4,1.3499521,0.042267475,0.045378238,106.00057,1.0,1.0
2.38,1.6,1.5120955,0.036302738,-0.085511714,64.40083,1.0,1.0
2.38,1.8,1.8066735,0.028967138,-0.008725294,107.79319,1.0,1.0
2.38,2.0,2.002131,0.01756962,0.06383856,159.3577,1.0,1.0
2.38,2.2,2.163196,-0.0128732305,-0.009066009,284.02252,1.0,1.0
2.38,2.4,2.4320736,0.026485648,-0.10696043,669.5728,1.0,1.0
2.38,2.6,2.608431,0.047452163,0.20281559,292.44562,1.0,0.4375
2.38,2.8,2.7642279,0.06605394,0.07799872,824.9154,1.0,1.0
2.38,3.0,2.9648633,0.071908265,-0.02286651,238.31473,1.0,1.0
2.4,0.0,0.03985948,0.03495095,-0.00072016084,9.11181,1.0,1.0
2.4,0.2,0.19389443,0.009634337,0.0015010836,4.1355324,1.0,1.0
2.4,0.4,0.39432913,0.018273663,-0.07918673,9.38739,1.0,1.0
2.4,0.6,0.6342883,-0.0011515487,-0.16050828,23.358452,1.0,1.0
2.4,0.8,0.8436265,0.07208772,0.0372236,34.92845,1.0,1.0
2.4,1.0,0.9884191,0.068279594,0.02192938,39.353897,1.0,1.0
2.4,1.2,1.1465178,0.05901348,-0.10693312,30.972467,1.0,1.0
2.4,1.4,1.327872,0.043567885,0.020128328,71.99369,1.0,1.0
2.4,1.6,1.5316023,0.041518733,-0.03521926,78.68043,1.0,1.0
2.4,1.8,1.8575053,0.021001294,0.10081003,113.567245,1.0,1.0
2.4,2.0,2.0429177,0.014178261,-0.009302745,152.17432,1.0,1.0
2.4,2.2,2.159979,-0.014978753,-0.076684244,196.88744,1.0,1.0
2.4,2.4,2.3759837,0.035166867,0.03170846,474.67145,1.0,1.0
2.4,2.6,2.656973,0.04071838,0.07174664,254.64223,1.0,1.0
2.4,2.8,2.7016509,0.032657146,0.023008171,510.57678,1.0,1.0
2.4,3.0,2.9903765,0.08149318,-0.17858028,170.10315,1.0,0.8125
2.42,0.0,0.039013717,0.03097135,0.01067839,8.428158,1.0,1.0
2.42,0.2,0.19752765,0.017311685,0.00042009552,5.5889153,1.0,1.0
2.42,0.4,0.3867975,0.009647376,-0.07550351,8.944801,1.0,1.0
2.42,0.6,0.6174921,0.002386353,-0.08894533,15.989309,1.0,1.0
2.42,0.8,0.8065165,0.06579882,-0.030378643,17.55803,1.0,1.0
2.42,1.0,0.96807784,0.06844582,0.017621502,39.96933,1.0,1.0
2.42,1.2,1.1527379,0.057515323,-0.064777896,40.43133,1.0,1.0
2.42,1.4,1.3253343,0.043808594,-0.021180555,46.87919,1.0,1.0
2.42,1.6,1.5673107,0.0513042,-0.034152977,92.21776,1.0,1.0
2.42,1.8,1.8697948,0.023223605,0.069315635,149.99637,1.0,1.0
2.42,2.0,2.0814233,0.012046099,-0.013563503,131.95694,1.0,1.0
2.42,2.2,2.1932752,0.0005789929,-0.1199224,168.05554,1.0,1.0
2.42,2.4,2.3883674,0.028410029,0.149717,288.23938,1.0,1.0
2.42,2.6,2.6852653,0.041258443,0.05681031,190.1457,1.0,1.0
2.42,2.8,2.7185411,0.019210089,-0.008569118,290.9309,1.0,1.0
2.42,3.0,2.9575586,0.0834564,-0.30423617,711.94354,1.0,0.0
2.44,0.0,0.036235847,0.025390722,0.007160363,7.757304,1.0,1.0
2.44,0.2,0.20689341,0.025420915,0.0052052108,9.229397,1.0,1.0
2.44,0.4,0.38311747,0.0039085546,-0.05766059,13.89743,1.0,1.0
2.44,0.6,0.60644954,0.0029217545,-0.015391782,13.170799,1.0,1.0
2.44,0.8,0.77710485,0.058516584,-0.0912697,17.210466,1.0,1.0
2.44,1.0,0.9604877,0.07101169,0.0066450676,25.33297,1.0,1.0
2.44,1.2,1.1737903,0.05850344,-0.04225132,50.462418,1.0,1.0
2.44,1.4,1.3394922,0.04935106,-0.028013766,65.45926,1.0,1.0
2.44,1.6,1.6161151,0.055647947,-0.0798491,86.18576,1.0,1.0
2.44,1.8,1.8018161,0.043087408,0.039555196,225.21243,1.0,1.0
2.44,2.0,2.1224084,0.003386085,0.08579494,121.986916,1.0,1.0
2.44,2.2,2.2262158,0.018811164,-0.109580986,169.5861,1.0,1.0
2.44,2.4,2.435387,0.016457772,0.07987252,237.65268,1.0,1.0
2.44,2.6,2.704401,0.029340874,0.23542145,122.938095,1.0,0.1875
2.44,2.8,2.7658966,0.04311054,-0.04871463,218.3094,1.0,1.0
2.44,3.0,2.8702335,0.0728835,-0.20304516,982.6019,1.0,0.625
2.46,0.0,0.030709919,0.021533582,-0.0069658197,9.691568,1.0,1.0
2.46,0.2,0.21723832,0.030805847,0.016730167,10.6410265,1.0,1.0
2.46,0.4,0.38445193,-0.00088333385,-0.049592957,13.8426895,1.0,1.0
2.46,0.6,0.5935769,0.005230969,0.0026740558,16.153328,1.0,1.0
2.46,0.8,0.7610085,0.051406,-0.103347436,27.283108,1.0,1.0
2.46,1.0,0.96486074,0.07611553,0.001472658,30.708006,1.0,1.0
2.46,1.2,1.2111652,0.061165586,-0.058319263,55.130787,1.0,1.0
2.46,1.4,1.3697698,0.051650293,0.0042725815,78.46299,1.0,1.0
2.46,1.6,1.6791499,0.05663464,-0.14795798,113.97029,1.0,1.0
2.46,1.8,1.7398596,0.03096316,-0.038445905,208.6126,1.0,1.0
2.46,2.0,2.1376762,0.00090487534,0.12597805,202.87732,1.0,1.0
2.46,2.2,2.2589111,0.034029704,-0.123908505,156.08894,1.0,1.0
2.46,2.4,2.4780178,0.015763849,0.022196656,199.46825,1.0,1.0
2.46,2.6,2.6718764,0.026820548,0.36267602,404.36005,1.0,0.0
2.46,2.8,2.8153124,0.0706249,-0.11289637,238.96675,1.0,1.0
2.46,3.0,2.8609152,0.08359959,0.14218903,499.9578,1.0,0.875
2.48,0.0,0.025633365,0.018842015,-0.02421344,12.455406,1.0,1.0
2.48,0.2,0.21723741,0.02653123,0.0342367,12.21875,1.0,1.0
2.48,0.4,0.3905776,-0.008295533,-0.04809282,12.839637,1.0,1.0
2.48,0.6,0.581696,0.0070806807,0.0037835643,18.662712,1.0,1.0
2.48,0.8,0.7568611,0.04784834,-0.088833526,26.583878,1.0,1.0
2.48,1.0,0.98324525,0.08134797,0.005054408,46.643475,1.0,1.0
2.48,1.2,1.263495,0.062647365,-0.122835055,48.579407,1.0,1.0
2.48,1.4,1.4161463,0.050293833,0.065450564,80.35058,1.0,1.0
2.48,1.6,1.6529258,0.048387818,-0.04252889,182.52481,1.0,1.0
2.48,1.8,1.707175,0.018159466,-0.119518265,105.47977,1.0,1.0
2.48,2.0,2.07196,0.030504253,0.043252125,330.22458,1.0,1.0
2.48,2.2,2.300703,0.029506689,-0.24386127,150.93645,1.0,0.0625
2.48,2.4,2.5052304,0.009583859,0.103277266,161.62544,1.0,1.0
2.48,2.6,2.6104667,0.058797184,0.1535731,694.2978,1.0,1.0
2.48,2.8,2.8415437,0.08965319,-0.15096067,199.92305,1.0,0.9375
2.48,3.0,2.909068,0.062228978,0.28279004,303.70297,1.0,0.0625
2.5,0.0,0.02150433,0.014117634,-0.048201613,6.474375,1.0,1.0
2.5,0.2,0.20889604,0.024027737,0.013065854,11.802948,1.0,1.0
2.5,0.4,0.40228868,-0.017251497,-0.05259241,12.76038,1.0,1.0
2.5,0.6,0.5746678,0.009433712,-0.00054005877,15.1618595,1.0,1.0
2.5,0.8,0.7593874,0.042940177,-0.057107627,22.884502,1.0,1.0
2.5,1.0,1.0172665,0.08645064,0.024003701,54.810196,1.0,1.0
2.5,1.2,1.2988157,0.06805512,-0.093008175,83.309006,1.0,1.0
2.5,1.4,1.4629846,0.049588356,0.12772372,121.1194,1.0,1.0
2.5,1.6,1.5890049,0.03953129,0.023689978,168.27472,1.0,1.0
2.5,1.8,1.7039722,0.014640114,-0.13573062,86.08411,1.0,1.0
2.5,2.0,2.0005577,0.01377165,0.015201081,309.59607,1.0,1.0
2.5,2.2,2.2706861,0.017754383,-0.14444752,418.47055,1.0,1.0
2.5,2.4,2.5381665,-0.008061058,0.29854617,185.09042,1.0,0.0625
2.5,2.6,2.5370069,0.028289948,0.120710656,595.87805,1.0,1.0
2.5,2.8,2.851779,0.093537465,-0.28377116,313.91028,1.0,0.0625
2.5,3.0,2.9632282,0.04578425,0.18818004,298.4035,1.0,0.5625
2.52,0.0,0.019619185,0.008163795,-0.06219881,3.9747338,1.0,1.0
2.52,0.2,0.20081517,0.021496035,-0.0153047815,13.088329,1.0,1.0
2.52,0.4,0.42106462,-0.024369968,-0.08106461,14.236608,1.0,1.0
2.52,0.6,0.57435656,0.016213853,-0.013835814,15.604314,1.0,1.0
2.52,0.8,0.7689749,0.038218975,-0.036128048,23.71545,1.0,1.0
2.52,1.0,1.0630977,0.09155724,0.0877277,41.5756,1.0,1.0
2.52,1.2,1.2510542,0.06001309,-0.028889537,80.78874,1.0,1.0
2.52,1.4,1.4291284,0.05556941,0.0436654,115.87274,1.0,1.0
2.52,1.6,1.5473619,0.039991185,0.03430509,136.04926,1.0,1.0
2.52,1.8,1.7268676,0.025044559,-0.08026433,101.906006,1.0,1.0
2.52,2.0,1.9648628,-0.0026635276,-0.040955134,137.20538,1.0,1.0
2.52,2.2,2.1999817,0.01984815,-0.023941912,512.8257,1.0,1.0
2.52,2.4,2.4872553,0.019595793,0.17876919,374.91644,1.0,0.75
2.52,2.6,2.5341415,0.0017031692,0.054369614,301.89862,1.0,1.0
2.52,2.8,2.7906551,0.076840855,-0.29278344,973.05054,1.0,0.0
2.52,3.0,2.9965448,0.042900696,0.17947961,209.4912,1.0,0.6875
2.54,0.0,0.01935808,0.0037080115,-0.06752203,6.223386,1.0,1.0
2.54,0.2,0.19517629,0.012274345,-0.053034764,8.410002,1.0,1.0
2.54,0.4,0.43986702,-0.026955383,-0.13212708,12.069862,1.0,1.0
2.54,0.6,0.5832901,0.025742054,-0.025854837,22.97372,1.0,1.0
2.54,0.8,0.79107916,0.032750804,-0.035522886,23.84074,1.0,1.0
2.54,1.0,1.0713439,0.09434073,0.050129883,61.76406,1.0,1.0
2.54,1.2,1.2080469,0.06071577,0.00883282,67.83478,1.0,1.0
2.54,1.4,1.3715248,0.054425426,-0.0598009,93.583984,1.0,1.0
2.54,1.6,1.5298424,0.03967739,-0.0008687059,73.95504,1.0,1.0
2.54,1.8,1.7649748,0.038467184,-0.059225783,114.65848,1.0,1.0
2.54,2.0,1.974252,0.0014041904,-0.10903337,130.50085,1.0,1.0
2.54,2.2,2.1733363,0.021768043,0.09000532,275.82922,1.0,1.0
2.54,2.4,2.409217,0.0204482,0.084500656,562.51215,1.0,1.0
2.54,2.6,2.576229,0.016212247,-0.012045713,200.69461,1.0,1.0
2.54,2.8,2.7096577,0.09997395,-0.15565242,857.3829,1.0,0.9375
2.54,3.0,3.0120728,0.025351688,0.42119905,150.44113,1.0,0.0
2.56,0.0,0.021381255,-0.0013310886,-0.070406646,7.5840693,1.0,1.0
2.56,0.2,0.19251913,0.0026368906,-0.054174975,5.7486086,1.0,1.0
2.56,0.4,0.4395706,-0.017034352,-0.18323824,21.034214,1.0,1.0
2.56,0.6,0.6030861,0.03535404,-0.017516945,25.36876,1.0,1.0
2.56,0.8,0.82450914,0.028803524,-0.073103204,26.534956,1.0,1.0
2.56,1.0,1.025363,0.09470001,0.010886176,41.29321,1.0,1.0
2.56,1.2,1.1782851,0.062026557,0.0020759273,63.655716,1.0,1.0
2.56,1.4,1.3271346,0.04351604,-0.11624713,90.17548,1.0,1.0
2.56,1.6,1.5357894,0.040400505,-0.06158617,73.8389,1.0,1.0
2.56,1.8,1.8107789,0.045282178,-0.10724588,104.862816,1.0,1.0
2.56,2.0,2.004859,0.01485036,-0.09829207,133.76663,1.0,1.0
2.56,2.2,2.2011952,0.013689412,0.09203392,227.30408,1.0,1.0
2.56,2.4,2.3646092,-0.0076934295,0.033107147,317.7303,1.0,1.0
2.56,2.6,2.6285825,0.0380829,-0.07360339,219.48154,1.0,1.0
2.56,2.8,2.7281847,0.10482514,0.17422326,369.66006,1.0,0.75
2.56,3.0,2.9480019,0.029776178,0.48279107,472.66376,1.0,0.0
2.58,0.0,0.0257122,-0.0063481317,-0.08075331,8.555246,1.0,1.0
2.58,0.2,0.19235334,-0.004465003,-0.050584186,8.242177,1.0,1.0
2.58,0.4,0.4244047,-0.01094376,-0.116773434,23.019424,1.0,1.0
2.58,0.6,0.6338087,0.04244061,0.0327307,18.112307,1.0,1.0
2.58,0.8,0.8658787,0.02993944,-0.120845996,35.424725,1.0,1.0
2.58,1.0,0.9869113,0.08693485,-0.05633752,33.986816,1.0,1.0
2.58,1.2,1.1637732,0.06256936,-0.01817197,37.26965,1.0,1.0
2.58,1.4,1.305622,0.036493227,-0.123470254,49.028854,1.0,1.0
2.58,1.6,1.5589597,0.043083575,-0.0702152,97.427315,1.0,1.0
2.58,1.8,1.8682091,0.046419583,-0.17243004,130.48772,1.0,1.0
2.58,2.0,2.0426686,0.033497427,-0.060415454,139.29205,1.0,1.0
2.58,2.2,2.2437747,0.01179702,-0.00020281284,199.32953,1.0,1.0
2.58,2.4,2.3762975,-0.007261267,-0.040529512,231.48618,1.0,1.0
2.58,2.6,2.6589022,0.05621755,-0.09410268,208.8335,1.0,1.0
2.58,2.8,2.7845664,0.08589652,0.22440045,295.52786,1.0,0.25
2.58,3.0,2.891231,0.0629965,0.20175084,918.50574,1.0,0.5
2.6,0.0,0.031640224,-0.01184226,-0.10077123,8.992896,1.0,1.0
2.6,0.2,0.19598737,-0.01095336,-0.052452397,9.760506,1.0,1.0
2.6,0.4,0.4134781,-0.009605257,-0.021931112,13.774321,1.0,1.0
2.6,0.6,0.63638544,0.04420964,0.027885742,25.141342,1.0,1.0
2.6,0.8,0.84328574,0.033602294,-0.1299335,30.691801,1.0,1.0
2.6,1.0,0.964501,0.07789576,-0.10380797,37.06938,1.0,1.0
2.6,1.2,1.1637361,0.06874202,-0.034491733,34.621216,1.0,1.0
2.6,1.4,1.3019066,0.031278193,-0.08794042,45.27822,1.0,1.0
2.6,1.6,1.594919,0.044297203,-0.021605536,96.69066,1.0,1.0
2.6,1.8,1.8423014,0.033535626,-0.049748927,228.27963,1.0,1.0
2.6,2.0,2.0847082,0.038683064,-0.12486633,119.61781,1.0,1.0
2.6,2.2,2.276878,0.010029632,-0.01604214,169.51196,1.0,1.0
2.6,2.4,2.4190712,0.013362028,-0.10237659,194.67995,1.0,1.0
2.6,2.6,2.6937015,0.058548924,-0.24774426,123.81818,1.0,0.0
2.6,2.8,2.8402925,0.079658866,0.1397198,275.57,1.0,1.0
2.6,3.0,2.8219647,0.026163675,0.13190341,704.41736,1.0,0.8125
2.62,0.0,0.038001414,-0.01662248,-0.12139441,9.091569,1.0,1.0
2.62,0.2,0.20304853,-0.019186364,-0.06462646,10.818561,1.0,1.0
2.62,0.4,0.4031856,-0.008277591,0.017121717,12.236863,1.0,1.0
2.62,0.6,0.61002934,0.0401852,-0.026135247,10.52148,1.0,1.0
2.62,0.8,0.8199501,0.034679584,-0.04628022,11.6213875,1.0,1.0
2.62,1.0,0.9583162,0.071694866,-0.10010312,29.023493,1.0,1.0
2.62,1.2,1.1786005,0.07517375,-0.027542045,52.5546,1.0,1.0
2.62,1.4,1.3159542,0.032090634,-0.053084992,61.973083,1.0,1.0
2.62,1.6,1.6469606,0.038147278,0.0747154,92.56329,1.0,1.0
2.62,1.8,1.7770762,0.026332479,0.024629386,244.8184,1.0,1.0
2.62,2.0,2.1080832,0.04316151,-0.15255922,171.75653,1.0,1.0
2.62,2.2,2.309748,0.0023071158,0.0814212,144.8003,1.0,1.0
2.62,2.4,2.4527602,0.034338497,-0.11068344,194.23001,1.0,1.0
2.62,2.6,2.6615367,0.052580006,-0.26459396,501.05328,1.0,0.0
2.62,2.8,2.8718076,0.07564756,0.18491948,169.81622,1.0,0.5625
2.62,3.0,2.8385139,0.00030381978,0.09388165,308.66272,1.0,0.9375
2.64,0.0,0.039364822,-0.012070466,-0.12573591,3.0148892,1.0,1.0
2.64,0.2,0.21394473,-0.028581373,-0.085257046,11.147825,1.0,1.0
2.64,0.4,0.39296728,-0.006834283,0.007221365,11.987651,1.0,1.0
2.64,0.6,0.5871875,0.032536983,-0.08703622,8.5806265,1.0,1.0
2.64,0.8,0.80118173,0.03778009,-0.017189704,14.331322,1.0,1.0
2.64,1.0,0.960326,0.06803632,-0.06188593,27.331728,1.0,1.0
2.64,1.2,1.2106947,0.077923924,0.008369285,67.96044,1.0,1.0
2.64,1.4,1.3481821,0.037321456,-0.04836358,75.615166,1.0,1.0
2.64,1.6,1.6679814,0.03886327,0.059521098,125.35302,1.0,1.0
2.64,1.8,1.7407949,0.027463082,0.043207914,160.75102,1.0,1.0
2.64,2.0,2.0565977,0.019577947,-0.025796779,386.02167,1.0,1.0
2.64,2.2,2.3337622,-0.0079998225,0.20965403,235.45444,1.0,0.3125
2.64,2.4,2.4797854,0.048467137,-0.15041748,168.88538,1.0,1.0
2.64,2.6,2.578331,0.049780708,-0.11651131,796.0857,1.0,1.0
2.64,2.8,2.8995924,0.05627708,0.41563147,181.71198,1.0,0.0
2.64,3.0,2.8885221,0.016119845,0.05779168,220.21738,1.0,0.9375
2.66,0.0,0.03835225,6.198441e-05,-0.13677052,12.47921,1.0,1.0
2.66,0.2,0.22841887,-0.035340514,-0.10443391,11.008679,1.0,1.0
2.66,0.4,0.3848877,-0.0044683483,-0.0077998666,11.484165,1.0,1.0
2.66,0.6,0.57120854,0.024854673,-0.09573258,15.570253,1.0,1.0
2.66,0.8,0.7829295,0.040772043,-0.011678577,20.86882,1.0,1.0
2.66,1.0,0.9738231,0.06639686,-0.032238923,31.86185,1.0,1.0
2.66,1.2,1.2578334,0.081418425,0.07270034,59.357624,1.0,1.0
2.66,1.4,1.3961782,0.040661957,-0.09004755,70.526566,1.0,1.0
2.66,1.6,1.6039234,0.0580202,0.04600519,151.32877,1.0,1.0
2.66,1.8,1.7367392,0.027470734,0.0071136565,100.700874,1.0,1.0
2.66,2.0,1.9935536,0.023475686,0.063106164,362.85712,1.0,1.0
2.66,2.2,2.2797747,0.022300411,0.09820149,376.94336,1.0,1.0
2.66,2.4,2.498042,0.04996708,-0.25739527,246.34558,1.0,0.125
2.66,2.6,2.5640306,0.05497226,0.14540377,412.55762,1.0,0.9375
2.66,2.8,2.8351374,0.08020404,0.2859257,476.1476,1.0,0.0
2.66,3.0,2.9465733,0.04489953,-0.03395847,262.57315,1.0,1.0
2.68,0.0,0.03583188,0.011295443,-0.12446699,12.714787,1.0,1.0
2.68,0.2,0.228937,-0.029146463,-0.13442434,7.978345,1.0,1.0
2.68,0.4,0.3812004,0.0013581342,-0.012702828,9.407928,1.0,1.0
2.68,0.6,0.56504154,0.02045406,-0.086860105,21.834146,1.0,1.0
2.68,0.8,0.7716021,0.04370834,-0.0033479824,22.275944,1.0,1.0
2.68,1.0,1.0004245,0.0664007,-0.033814073,38.30893,1.0,1.0
2.68,1.2,1.2906667,0.0816378,0.090731025,67.44783,1.0,1.0
2.68,1.4,1.4589264,0.039886754,-0.14297897,88.57251,1.0,1.0
2.68,1.6,1.5444393,0.04898411,-0.057154503,135.12338,1.0,1.0
2.68,1.8,1.75575,0.028366026,-0.05561779,111.39351,1.0,1.0
2.68,2.0,1.974401,0.02153066,0.109261125,184.7189,1.0,1.0
2.68,2.2,2.2066627,0.012469169,0.07022277,431.06012,1.0,1.0
2.68,2.4,2.4491816,0.032756455,-0.17320827,623.0971,1.0,0.6875
2.68,2.6,2.609284,0.038623404,0.21156403,295.6452,1.0,0.1875
2.68,2.8,2.757613,0.09514294,0.10376498,809.00433,1.0,1.0
2.68,3.0,2.9824767,0.065557696,-0.10137064,217.03024,1.0,0.9375
2.7,0.0,0.031700023,0.01669398,-0.09191319,10.987906,1.0,1.0
2.7,0.2,0.22623393,-0.015904304,-0.14480022,18.435402,1.0,1.0
2.7,0.4,0.38363636,0.010622451,-0.017215066,11.922262,1.0,1.0
2.7,0.6,0.565904,0.016510844,-0.06342825,19.904737,1.0,1.0
2.7,0.8,0.7696003,0.048629835,0.00051250425,18.58543,1.0,1.0
2.7,1.0,1.0426803,0.066215985,-0.07699323,39.488476,1.0,1.0
2.7,1.2,1.2395512,0.08645986,0.040437587,69.562744,1.0,1.0
2.7,1.4,1.445684,0.04430885,-0.05387589,125.76633,1.0,1.0
2.7,1.6,1.5087457,0.036567427,-0.13494648,93.98221,1.0,1.0
2.7,1.8,1.7886107,0.028763186,-0.06735547,120.3325,1.0,1.0
2.7,2.0,2.0036044,0.016595451,0.06568822,160.07477,1.0,1.0
2.7,2.2,2.1720319,-0.010013879,0.010063723,218.86429,1.0,1.0
2.7,2.4,2.384115,0.044760637,-0.032900482,596.4721,1.0,1.0
2.7,2.6,2.656436,0.03165664,0.07598281,256.2955,1.0,1.0
2.7,2.8,2.6999884,0.05819695,0.051138654,424.0741,1.0,1.0
2.7,3.0,3.0009575,0.06838379,-0.24137157,292.68127,1.0,0.125
2.72,0.0,0.031244587,0.019953363,-0.052357964,5.3830166,1.0,1.0
2.72,0.2,0.21656749,-0.008590188,-0.088694625,16.864664,1.0,1.0
2.72,0.4,0.39432567,0.02066651,-0.018202633,13.84671,1.0,1.0
2.72,0.6,0.5720767,0.009861063,-0.045488622,18.493946,1.0,1.0
2.72,0.8,0.7778841,0.05542943,-0.0063456986,30.864744,1.0,1.0
2.72,1.0,1.0864723,0.07022361,-0.14289637,55.538437,1.0,1.0
2.72,1.2,1.1895803,0.082590684,-0.043390848,57.50674,1.0,1.0
2.72,1.4,1.3917198,0.036962055,0.0379756,115.111115,1.0,1.0
2.72,1.6,1.4984621,0.031692706,-0.1388412,56.386383,1.0,1.0
2.72,1.8,1.827911,0.028497288,-0.0001484502,106.7126,1.0,1.0
2.72,2.0,2.0444994,0.013133872,-0.007684846,150.9253,1.0,1.0
2.72,2.2,2.1857367,-0.005903589,-0.07730771,179.84055,1.0,1.0
2.72,2.4,2.3811564,0.04475417,0.14847296,315.4477,1.0,0.9375
2.72,2.6,2.6839952,0.03257717,0.052719004,193.93213,1.0,1.0
2.72,2.8,2.7196226,0.047664184,0.03296435,271.2089,1.0,1.0
2.72,3.0,2.9491208,0.059859067,-0.27357274,974.908,1.0,0.0
2.74,0.0,0.03098965,0.02213107,-0.034949154,2.8325505,1.0,1.0
2.74,0.2,0.20997009,-0.0035665862,-0.011697903,10.333662,1.0,1.0
2.74,0.4,0.41455647,0.029102981,0.0062796418,14.896322,1.0,1.0
2.74,0.6,0.58662534,0.002719801,-0.041303042,18.125221,1.0,1.0
2.74,0.8,0.8001745,0.063696474,-0.008540025,40.358536,1.0,1.0
2.74,1.0,1.0558616,0.06808288,-0.06740312,50.097862,1.0,1.0
2.74,1.2,1.1579432,0.07343653,-0.10539463,53.693275,1.0,1.0
2.74,1.4,1.3495054,0.041836087,0.045744516,106.20786,1.0,1.0
2.74,1.6,1.5094469,0.03545498,-0.08848497,75.353386,1.0,1.0
2.74,1.8,1.8834677,0.01758746,0.15696447,138.23508,1.0,1.0
2.74,2.0,2.0829587,0.010867374,-0.011988092,131.30103,1.0,1.0
2.74,2.2,2.2233553,0.010055372,-0.09072301,168.37984,1.0,1.0
2.74,2.4,2.429684,0.030727528,0.14473061,252.81712,1.0,1.0
2.74,2.6,2.7020922,0.021110542,0.22566757,127.68799,1.0,0.1875
2.74,2.8,2.7662995,0.07252462,-0.018031662,223.40575,1.0,1.0
2.74,3.0,2.8508515,0.07327443,-0.18024464,952.8916,1.0,0.75
2.7600000000000002,0.0,0.030157331,0.023468342,-0.025203578,3.1177783,1.0,1.0
2.7600000000000002,0.2,0.2041962,-0.0012703249,0.020430721,7.7109327,1.0,1.0
2.7600000000000002,0.4,0.43165678,0.032766193,0.03766772,17.381805,1.0,1.0
2.7600000000000002,0.6,0.61121666,-0.003566336,-0.062220853,16.952057,1.0,1.0
2.7600000000000002,0.8,0.8351033,0.07088667,0.022255015,36.241127,1.0,1.0
2.7600000000000002,1.0,1.019528,0.064871565,0.005684782,42.369987,1.0,1.0
2.7600000000000002,1.2,1.1444881,0.06756519,-0.10482768,30.013916,1.0,1.0
2.7600000000000002,1.4,1.3274415,0.042966686,0.020409126,71.618866,1.0,1.0
2.7600000000000002,1.6,1.539635,0.044312283,-0.06105908,92.54425,1.0,1.0
2.7600000000000002,1.8,1.8639698,0.029740248,0.08164097,191.75955,1.0,1.0
2.7600000000000002,2.0,2.124014,0.0020793234,0.08673356,123.769226,1.0,1.0
2.7600000000000002,2.2,2.2563949,0.028217884,-0.06862286,165.50516,1.0,1.0
2.7600000000000002,2.4,2.480802,0.027618343,0.058830168,220.24925,1.0,1.0
2.7600000000000002,2.6,2.6740863,0.01743498,0.35334364,419.1594,1.0,0.0
2.7600000000000002,2.8,2.8093896,0.098795354,-0.09073308,233.84856,1.0,1.0
2.7600000000000002,3.0,2.8694181,0.07959569,0.17000741,401.33472,1.0,0.6875
2.7800000000000002,0.0,0.030972762,0.025708614,-0.013072375,4.9942474,1.0,1.0
2.7800000000000002,0.2,0.19819486,0.0006284795,0.009077543,6.416914,1.0,1.0
2.7800000000000002,0.4,0.4176272,0.028057849,0.015479107,12.326977,1.0,1.0
2.7800000000000002,0.6,0.64304346,-0.0043672835,-0.12532328,17.808052,1.0,1.0
2.7800000000000002,0.8,0.872733,0.0751918,0.07200457,41.32782,1.0,1.0
2.7800000000000002,1.0,0.98828447,0.06818323,0.021219838,39.095215,1.0,1.0
2.7800000000000002,1.2,1.1451182,0.064334735,-0.06610764,35.070984,1.0,1.0
2.7800000000000002,1.4,1.3249717,0.0430795,-0.021139171,46.951218,1.0,1.0
2.7800000000000002,1.6,1.5816793,0.05173359,-0.08201651,89.60281,1.0,1.0
2.7800000000000002,1.8,1.789596,0.04339414,0.03525024,222.08133,1.0,1.0
2.7800000000000002,2.0,2.1395626,-0.0006104256,0.12218485,203.62537,1.0,1.0
2.7800000000000002,2.2,2.2913687,0.036898557,-0.1272859,140.27322,1.0,1.0
2.7800000000000002,2.4,2.5131805,0.023604905,0.07308318,168.55327,1.0,1.0
2.7800000000000002,2.6,2.6145902,0.05093877,0.1540032,671.63586,1.0,1.0
2.7800000000000002,2.8,2.8316364,0.11526483,-0.14615896,179.58223,1.0,0.9375
2.7800000000000002,3.0,2.9254336,0.06040106,0.23888579,306.55615,1.0,0.1875
2.8000000000000003,0.0,0.033035945,0.029155381,-0.0044241124,6.3118005,1.0,1.0
2.8000000000000003,0.2,0.19464925,0.0040323986,0.0004924179,4.8381557,1.0,1.0
2.8000000000000003,0.4,0.4016201,0.0245419,-0.03240884,10.3588085,1.0,1.0
2.8000000000000003,0.6,0.6442975,0.00071073696,-0.16921027,26.977245,1.0,1.0
2.8000000000000003,0.8,0.843017,0.07211566,0.03931675,29.6029,1.0,1.0
2.8000000000000003,1.0,0.96795124,0.06843469,0.017223021,39.92902,1.0,1.0
2.8000000000000003,1.2,1.1585177,0.06418486,-0.033282544,44.246914,1.0,1.0
2.8000000000000003,1.4,1.339211,0.048562646,-0.028549373,65.78923,1.0,1.0
2.8000000000000003,1.6,1.6400058,0.05393748,-0.14548112,82.95085,1.0,1.0
2.8000000000000003,1.8,1.7317083,0.029657835,-0.043519802,186.79373,1.0,1.0
2.8000000000000003,2.0,2.0716233,0.029473484,0.04363825,329.16605,1.0,1.0
2.8000000000000003,2.2,2.3102891,0.03737396,-0.18814915,228.91193,1.0,0.6875
2.8000000000000003,2.4,2.5460308,0.009803286,0.21532416,142.64008,1.0,0.3125
2.8000000000000003,2.6,2.541216,0.02179493,0.1292529,610.39874,1.0,1.0
2.8000000000000003,2.8,2.8247867,0.120638415,-0.27394724,378.95544,1.0,0.0
2.8000000000000003,3.0,2.9804063,0.053059347,0.16145,293.979,1.0,0.9375
2.82,0.0,0.036775738,0.033415817,0.001990168,8.078489,1.0,1.0
2.82,0.2,0.19428977,0.010197208,0.0011876235,4.1536307,1.0,1.0
2.82,0.4,0.3899008,0.016817642,-0.073651835,8.164255,1.0,1.0
2.82,0.6,0.6257117,0.005852963,-0.11194853,17.982418,1.0,1.0
2.82,0.8,0.80781984,0.06407485,-0.03260972,18.383888,1.0,1.0
2.82,1.0,0.96031326,0.07106489,0.0066767875,25.332644,1.0,1.0
2.82,1.2,1.1894403,0.06684756,-0.022907857,53.223465,1.0,1.0
2.82,1.4,1.3696473,0.050704684,0.0037529308,78.6066,1.0,1.0
2.82,1.6,1.6565251,0.058190577,-0.06618182,100.077354,1.0,1.0
2.82,1.8,1.7047172,0.017720457,-0.11114953,89.44696,1.0,1.0
2.82,2.0,2.000369,0.012410678,0.013666541,308.86984,1.0,1.0
2.82,2.2,2.2573364,0.016063107,-0.09012627,505.75717,1.0,1.0
2.82,2.4,2.515679,0.018047601,0.2563681,333.49817,1.0,0.25
2.82,2.6,2.5376313,-0.0060990453,0.06792098,300.3894,1.0,1.0
2.82,2.8,2.7621698,0.10121554,-0.25629854,1024.5813,1.0,0.125
2.82,3.0,3.0112252,0.0488241,0.22977892,175.47049,1.0,0.1875
2.84,0.0,0.039783295,0.035095282,-0.0008188085,9.101669,1.0,1.0
2.84,0.2,0.19787048,0.017928515,0.00023868828,5.5763726,1.0,1.0
2.84,0.4,0.3822372,0.00952073,-0.072456926,11.934193,1.0,1.0
2.84,0.6,0.61226344,0.0077783493,-0.02616097,10.777679,1.0,1.0
2.84,0.8,0.7784986,0.05549032,-0.08207584,19.082981,1.0,1.0
2.84,1.0,0.96464396,0.076218635,0.002009062,30.692715,1.0,1.0
2.84,1.2,1.2350199,0.06920394,-0.068290755,52.715775,1.0,1.0
2.84,1.4,1.4160843,0.04917828,0.06489756,80.37018,1.0,1.0
2.84,1.6,1.6008933,0.040531702,0.017123649,168.07726,1.0,1.0
2.84,1.8,1.707968,0.018113755,-0.10616052,89.13218,1.0,1.0
2.84,2.0,1.964453,-0.0039334544,-0.043459095,136.34052,1.0,1.0
2.84,2.2,2.1935947,0.022322686,0.018283349,456.31085,1.0,1.0
2.84,2.4,2.4421458,0.041444786,0.1014507,563.1464,1.0,0.9375
2.84,2.6,2.58051,0.007550329,0.0012211648,202.21518,1.0,1.0
2.84,2.8,2.6912603,0.12456778,-0.098351635,792.62036,1.0,0.9375
2.84,3.0,3.032864,0.026397847,0.5165565,234.66458,1.0,0.0
2.86,0.0,0.038896628,0.031079635,0.0106002055,8.426609,1.0,1.0
2.86,0.2,0.20722188,0.02608621,0.005189851,9.199295,1.0,1.0
2.86,0.4,0.37973717,0.0050312807,-0.05950909,15.992839,1.0,1.0
2.86,0.6,0.5986068,0.010155895,-0.0031935647,14.58719,1.0,1.0
2.86,0.8,0.764088,0.04965725,-0.09385051,27.320019,1.0,1.0
2.86,1.0,0.98298436,0.08153069,0.005843227,46.5632,1.0,1.0
2.86,1.2,1.2873536,0.07317166,-0.124754995,74.18216,1.0,1.0
2.86,1.4,1.4628551,0.048394218,0.12666321,121.69275,1.0,1.0
2.86,1.6,1.5536655,0.043825015,0.04779522,159.84644,1.0,1.0
2.86,1.8,1.7352573,0.028592348,-0.055200987,106.83097,1.0,1.0
2.86,2.0,1.9735215,0.00024013128,-0.11123046,130.33566,1.0,1.0
2.86,2.2,2.1819348,0.02041522,0.110119656,244.26114,1.0,1.0
2.86,2.4,2.3738258,0.013917994,0.06232704,432.73206,1.0,1.0
2.86,2.6,2.634324,0.02951618,-0.06528945,218.93414,1.0,1.0
2.86,2.8,2.717677,0.12257879,0.20730627,345.83368,1.0,0.375
2.86,3.0,2.9603257,0.04957088,0.35050103,572.398,1.0,0.0
2.88,0.0,0.036078826,0.025478072,0.006907072,7.7624855,1.0,1.0
2.88,0.2,0.21746752,0.031620238,0.01717303,10.618141,1.0,1.0
2.88,0.4,0.38300842,-0.0008246023,-0.049525898,13.2721,1.0,1.0
2.88,0.6,0.58538735,0.012951363,-0.00030210268,17.85101,1.0,1.0
2.88,0.8,0.76008344,0.044757944,-0.07519609,22.227688,1.0,1.0
2.88,1.0,1.0169677,0.08670224,0.02452738,54.754684,1.0,1.0
2.88,1.2,1.2552607,0.06857918,-0.028338274,82.048065,1.0,1.0
2.88,1.4,1.4295473,0.05479315,0.04252293,115.57709,1.0,1.0
2.88,1.6,1.531003,0.04764738,0.03595854,102.94978,1.0,1.0
2.88,1.8,1.774599,0.041102134,-0.051394768,112.554,1.0,1.0
2.88,2.0,2.0037537,0.01389309,-0.100028254,134.50986,1.0,1.0
2.88,2.2,2.2215188,0.012015132,0.078889355,212.34763,1.0,1.0
2.88,2.4,2.3649428,-0.00042741746,-0.0067105326,258.87076,1.0,1.0
2.88,2.6,2.6658926,0.047962286,-0.08738528,207.32947,1.0,1.0
2.88,2.8,2.7746239,0.101134606,0.22900331,296.91943,1.0,0.125
2.88,3.0,2.883679,0.060020246,0.12686832,907.9177,1.0,0.9375
2.9,0.0,0.030512862,0.021608327,-0.0072273095,9.749171,1.0,1.0
2.9,0.2,0.2174359,0.026871,0.03688921,12.16851,1.0,1.0
2.9,0.4,0.39048746,-0.008741906,-0.051577568,13.287048,1.0,1.0
2.9,0.6,0.5771012,0.015336564,-0.003281685,16.510574,1.0,1.0
2.9,0.8,0.76414275,0.038600333,-0.04366996,25.731815,1.0,1.0
2.9,1.0,1.0627991,0.0918497,0.087773174,41.532272,1.0,1.0
2.9,1.2,1.2084659,0.0641949,0.023003459,70.8913,1.0,1.0
2.9,1.4,1.3720356,0.053939424,-0.061374083,93.725876,1.0,1.0
2.9,1.6,1.5345066,0.048315868,-0.011750429,68.71965,1.0,1.0
2.9,1.8,1.8237753,0.044462208,-0.11861406,106.555565,1.0,1.0
2.9,2.0,2.0413427,0.032742925,-0.06137015,140.26668,1.0,1.0
2.9,2.2,2.266708,0.008568134,0.0010424401,185.87952,1.0,1.0
2.9,2.4,2.399533,0.015922854,-0.08053611,186.25021,1.0,1.0
2.9,2.6,2.7006762,0.050921235,-0.23921785,116.26398,1.0,0.0625
2.9,2.8,2.8288407,0.095795006,0.15343425,262.3086,1.0,0.9375
2.9,3.0,2.8338046,0.021614313,0.05664823,463.14484,1.0,0.9375
2.92,0.0,0.025409266,0.018896852,-0.02442191,12.485965,1.0,1.0
2.92,0.2,0.20899427,0.024411988,0.014997598,11.83783,1.0,1.0
2.92,0.4,0.40510982,-0.017314427,-0.060136452,13.5686455,1.0,1.0
2.92,0.6,0.57545686,0.021448301,-0.013397232,14.496055,1.0,1.0
2.92,0.8,0.7783826,0.0336852,-0.029946124,26.070831,1.0,1.0
2.92,1.0,1.0711257,0.09440835,0.05174642,61.93039,1.0,1.0
2.92,1.2,1.1714029,0.064908005,0.017523248,65.689,1.0,1.0
2.92,1.4,1.3277056,0.0430137,-0.117944,90.44942,1.0,1.0
2.92,1.6,1.557628,0.049199775,-0.0372075,85.51698,1.0,1.0
2.92,1.8,1.8658004,0.049004354,-0.11852268,133.8295,1.0,1.0
2.92,2.0,2.0833254,0.03798092,-0.12463443,120.31439,1.0,1.0
2.92,2.2,2.3014026,0.004600531,0.020882301,150.73755,1.0,1.0
2.92,2.4,2.440256,0.03784288,-0.09170635,195.89047,1.0,1.0
2.92,2.6,2.671938,0.046170093,-0.267671,485.86407,1.0,0.0
2.92,2.8,2.8575335,0.08832594,0.22996399,165.48874,1.0,0.1875
2.92,3.0,2.859132,0.012294963,0.056327436,274.55597,1.0,0.9375
2.94,0.0,0.021284163,0.014118424,-0.048390895,6.488351,1.0,1.0
2.94,0.2,0.20081936,0.02166785,-0.014111845,13.134102,1.0,1.0
2.94,0.4,0.42560202,-0.023491114,-0.091612905,15.833118,1.0,1.0
2.94,0.6,0.5823613,0.030871328,-0.025426233,22.330444,1.0,1.0
2.94,0.8,0.80667645,0.02888039,-0.03804677,27.896782,1.0,1.0
2.94,1.0,1.0251113,0.094717115,0.012760523,41.47035,1.0,1.0
2.94,1.2,1.1512592,0.0620076,-0.006282883,43.89862,1.0,1.0
2.94,1.4,1.3061923,0.03608352,-0.12491147,49.310333,1.0,1.0
2.94,1.6,1.5909994,0.05159486,-0.009464828,91.414795,1.0,1.0
2.94,1.8,1.8215873,0.0283129,-0.017109789,243.6275,1.0,1.0
2.94,2.0,2.1081815,0.042475097,-0.15539858,171.57425,1.0,1.0
2.94,2.2,2.3394923,-0.008731224,0.158872,141.3242,1.0,0.8125
2.94,2.4,2.4674697,0.05537815,-0.094452694,180.57117,1.0,1.0
2.94,2.6,2.588706,0.041504696,-0.12693274,793.15515,1.0,0.9375
2.94,2.8,2.8859704,0.066809684,0.4721977,220.02869,1.0,0.0
2.94,3.0,2.9080029,0.038798302,0.003047153,245.03113,1.0,1.0
2.96,0.0,0.019432992,0.008143507,-0.06251979,3.965094,1.0,1.0
2.96,0.2,0.19509721,0.012218356,-0.052283037,8.448982,1.0,1.0
2.96,0.4,0.43659717,-0.019990902,-0.14116877,11.8295555,1.0,1.0
2.96,0.6,0.6002717,0.04108938,-0.0216049,26.116676,1.0,1.0
2.96,0.8,0.8436644,0.026063366,-0.10043621,27.861624,1.0,1.0
2.96,1.0,0.98662835,0.0868471,-0.054910265,34.11607,1.0,1.0
2.96,1.2,1.1467522,0.06390998,-0.035203405,30.950218,1.0,1.0
2.96,1.4,1.3024533,0.030873662,-0.08941132,45.20223,1.0,1.0
2.96,1.6,1.6388322,0.04686139,0.06918981,91.084816,1.0,1.0
2.96,1.8,1.7609735,0.027332876,0.04202781,245.598,1.0,1.0
2.96,2.0,2.056442,0.019254971,-0.028863603,384.25476,1.0,1.0
2.96,2.2,2.321188,-0.0008531257,0.1801162,270.26044,1.0,0.5625
2.96,2.4,2.4998415,0.055998154,-0.21603295,138.45917,1.0,0.25
2.96,2.6,2.571553,0.04767693,0.1332164,410.39,1.0,1.0
2.96,2.8,2.8193803,0.097644,0.27928698,512.70953,1.0,0.0
2.96,3.0,2.9542289,0.06602847,-0.098645434,253.11172,1.0,1.0
2.98,0.0,0.01920614,0.0036751577,-0.06795104,6.241267,1.0,1.0
2.98,0.2,0.19239116,0.002547112,-0.05375889,5.7286954,1.0,1.0
2.98,0.4,0.43092668,-0.008549536,-0.15136792,21.864622,1.0,1.0
2.98,0.6,0.62984943,0.04884976,0.018924627,20.719168,1.0,1.0
2.98,0.8,0.86188596,0.02900108,-0.14477243,43.87086,1.0,1.0
2.98,1.0,0.9642136,0.07772229,-0.103001595,37.0434,1.0,1.0
2.98,1.2,1.1561561,0.06903979,-0.034585066,46.675117,1.0,1.0
2.98,1.4,1.316457,0.031707745,-0.05404971,61.962536,1.0,1.0
2.98,1.6,1.6875656,0.04161817,0.15399784,148.14406,1.0,1.0
2.98,1.8,1.734083,0.02725606,0.059383363,144.38406,1.0,1.0
2.98,2.0,1.9933953,0.023320772,0.060913697,360.93167,1.0,1.0
2.98,2.2,2.249035,0.024249084,0.06656102,446.72403,1.0,1.0
2.98,2.4,2.4699185,0.046517096,-0.18410495,427.5109,1.0,0.6875
2.98,2.6,2.6160178,0.031431016,0.2039882,293.2154,1.0,0.375
2.98,2.8,2.7334154,0.09760414,0.13784233,767.06396,1.0,0.9375
2.98,3.0,2.9791913,0.08369335,-0.18958968,181.2743,1.0,0.6875
3.0,0.0,0.021257702,-0.0013654843,-0.07073563,7.5949306,1.0,1.0
3.0,0.2,0.1922071,-0.004551613,-0.050178573,8.197587,1.0,1.0
3.0,0.4,0.41784337,-0.004517296,-0.083852515,21.570593,1.0,1.0
3.0,0.6,0.6471009,0.053097323,0.045268662,28.93594,1.0,1.0
3.0,0.8,0.8356297,0.032301497,-0.095605835,19.41851,1.0,1.0
3.0,1.0,0.9580267,0.07148816,-0.09972261,29.027266,1.0,1.0
3.0,1.2,1.1810131,0.07213502,-0.007546976,61.240387,1.0,1.0
3.0,1.4,1.3486633,0.036934353,-0.049113773,75.85626,1.0,1.0
3.0,1.6,1.6363585,0.054368652,0.10471588,166.0521,1.0,1.0
3.0,1.8,1.7385898,0.025076509,0.013433868,102.01762,1.0,1.0
3.0,2.0,1.9739578,0.021426503,0.10706484,182.93527,1.0,1.0
3.0,2.2,2.180914,0.0013498068,0.029000167,364.41595,1.0,1.0
3.0,2.4,2.3997784,0.043865614,-0.057514694,645.0304,1.0,1.0
3.0,2.6,2.6634574,0.024368767,0.06889835,254.51808,1.0,1.0
3.0,2.8,2.6867595,0.05803789,0.08249663,362.35516,1.0,0.9375
3.0,3.0,2.9577737,0.09432359,-0.32222775,449.38034,1.0,0.0
3.02,0.0,0.025596324,-0.006377701,-0.08094336,8.559741,1.0,1.0
3.02,0.2,0.19586676,-0.011034272,-0.052052274,9.736338,1.0,1.0
3.02,0.4,0.40996265,-0.0021819118,-0.0033749465,13.311136,1.0,1.0
3.02,0.6,0.6231127,0.048800852,0.008911743,14.158647,1.0,1.0
3.02,0.8,0.81437397,0.031499665,-0.021870565,11.7290945,1.0,1.0
3.02,1.0,0.96002054,0.06779855,-0.06168199,27.381905,1.0,1.0
3.02,1.2,1.2221987,0.07401101,0.039596856,64.03703,1.0,1.0
3.02,1.4,1.3966596,0.040313683,-0.09093337,70.88436,1.0,1.0
3.02,1.6,1.5680275,0.052797697,-0.026559327,137.51266,1.0,1.0
3.02,1.8,1.7648826,0.024338605,-0.04662688,115.3423,1.0,1.0
3.02,2.0,2.0028753,0.01650063,0.06418806,159.27567,1.0,1.0
3.02,2.2,2.1604726,-0.012703488,-0.03422215,204.1231,1.0,1.0
3.02,2.4,2.3758433,0.045791075,0.11938541,359.72052,1.0,1.0
3.02,2.6,2.69204,0.026056457,0.043161247,191.15248,1.0,1.0
3.02,2.8,2.710435,0.051554408,0.06517956,248.36752,1.0,1.0
3.02,3.0,2.8863192,0.07842236,-0.32480296,1169.3794,1.0,0.0
3.04,0.0,0.031538896,-0.011867846,-0.10090417,8.99243,1.0,1.0
3.04,0.2,0.2029572,-0.019270122,-0.06420331,10.833586,1.0,1.0
3.04,0.4,0.40271014,-6.728945e-05,0.004558104,11.294775,1.0,1.0
3.04,0.6,0.5988573,0.041420717,-0.06216482,7.295833,1.0,1.0
3.04,0.8,0.79352933,0.034229666,-0.00032892165,16.887367,1.0,1.0
3.04,1.0,0.9735063,0.06610944,-0.032148086,31.731194,1.0,1.0
3.04,1.2,1.2717669,0.07549122,0.11722478,78.07499,1.0,1.0
3.04,1.4,1.4593643,0.039183564,-0.13889182,88.75658,1.0,1.0
3.04,1.6,1.5187271,0.043155838,-0.12035544,111.72024,1.0,1.0
3.04,1.8,1.800615,0.023742676,-0.044759665,119.05356,1.0,1.0
3.04,2.0,2.043673,0.013076816,-0.008866032,151.51761,1.0,1.0
3.04,2.2,2.1859288,-0.0015911111,-0.10134402,160.05463,1.0,1.0
3.04,2.4,2.4125032,0.032326892,0.15496759,273.2667,1.0,0.8125
3.04,2.6,2.7099018,0.014996372,0.2219979,124.35232,1.0,0.25
3.04,2.8,2.7586951,0.07538946,0.0039986637,226.69809,1.0,1.0
3.04,3.0,2.823192,0.103091866,-0.12826583,809.9989,1.0,0.9375
3.06,0.0,0.037940584,-0.016639516,-0.12121317,9.045793,1.0,1.0
3.06,0.2,0.21385169,-0.028688166,-0.08494025,11.144197,1.0,1.0
3.06,0.4,0.395346,0.0022868142,-0.013620226,10.790134,1.0,1.0
3.06,0.6,0.58044595,0.03341596,-0.08348985,13.222933,1.0,1.0
3.06,0.8,0.7763558,0.03570494,0.0072275703,24.277023,1.0,1.0
3.06,1.0,1.0001175,0.06606475,-0.03392278,38.25458,1.0,1.0
3.06,1.2,1.2478951,0.07930581,0.049136017,73.644966,1.0,1.0
3.06,1.4,1.4465,0.044088915,-0.055559825,125.27402,1.0,1.0
3.06,1.6,1.4945617,0.034781072,-0.14320557,48.412582,1.0,1.0
3.06,1.8,1.8434305,0.020164028,0.026622314,106.91132,1.0,1.0
3.06,2.0,2.0821555,0.01089626,-0.013330234,131.71924,1.0,1.0
3.06,2.2,2.2229934,0.016879821,-0.09266792,166.59065,1.0,1.0
3.06,2.4,2.4606407,0.027024223,0.04393152,225.2375,1.0,1.0
3.06,2.6,2.6784587,0.012875758,0.35752162,411.59222,1.0,0.0
3.06,2.8,2.7981882,0.099571034,-0.06820406,228.8317,1.0,1.0
3.06,3.0,2.8639183,0.10104395,0.1992552,340.26416,1.0,0.375
3.08,0.0,0.039056703,-0.012121495,-0.12599093,2.9956539,1.0,1.0
3.08,0.2,0.22836307,-0.035362095,-0.10344967,11.593766,1.0,1.0
3.08,0.4,0.3899425,0.006268239,-0.019905962,9.907799,1.0,1.0
3.08,0.6,0.5714862,0.028446998,-0.08055773,21.351458,1.0,1.0
3.08,0.8,0.7682693,0.038480084,0.011525247,20.12787,1.0,1.0
3.08,1.0,1.0424132,0.06584419,-0.07710137,39.39477,1.0,1.0
3.08,1.2,1.1957655,0.07702864,-0.028284412,64.71551,1.0,1.0
3.08,1.4,1.3925915,0.036791027,0.036197096,115.08295,1.0,1.0
3.08,1.6,1.4957603,0.035499644,-0.08627154,66.35163,1.0,1.0
3.08,1.8,1.8911728,0.009126945,0.14486288,170.59338,1.0,1.0
3.08,2.0,2.1232145,0.0021870877,0.08571008,122.79512,1.0,1.0
3.08,2.2,2.2570286,0.034462437,-0.07446976,159.71939,1.0,1.0
3.08,2.4,2.491667,0.024936086,0.022312488,184.46576,1.0,1.0
3.08,2.6,2.6170087,0.046237532,0.1426023,701.33276,1.0,1.0
3.08,2.8,2.8206859,0.11232081,-0.1465432,161.36261,1.0,1.0
3.08,3.0,2.9248843,0.08291991,0.20836228,322.4414,1.0,0.375
3.1,0.0,0.038005956,-1.8453284e-05,-0.13689815,12.49683,1.0,1.0
3.1,0.2,0.22836307,-0.029465122,-0.13462369,8.085103,1.0,1.0
3.1,0.4,0.38805115,0.014300321,-0.020294122,8.724365,1.0,1.0
3.1,0.6,0.5704402,0.024854735,-0.06084712,20.771906,1.0,1.0
3.1,0.8,0.7695292,0.044383947,0.0019083737,22.381325,1.0,1.0
3.1,1.0,1.0862683,0.06976587,-0.14286277,55.61904,1.0,1.0
3.1,1.2,1.1551611,0.0657751,-0.08793654,62.098892,1.0,1.0
3.1,1.4,1.3504422,0.041805305,0.04459702,106.26023,1.0,1.0
3.1,1.6,1.518379,0.04146134,-0.04546142,88.874756,1.0,1.0
3.1,1.8,1.8529432,0.02850426,0.081051216,220.4653,1.0,1.0
3.1,2.0,2.1405177,-0.0005461797,0.12837653,202.05032,1.0,1.0
3.1,2.2,2.2978258,0.03459091,-0.18961388,130.48334,1.0,0.5625
3.1,2.4,2.5161858,0.014699075,0.15623605,141.71552,1.0,0.9375
3.1,2.6,2.5443077,0.01735368,0.113809936,605.5429,1.0,1.0
3.1,2.8,2.8000007,0.11727643,-0.2537644,405.32123,1.0,0.0
3.1,3.0,2.9787958,0.07980811,0.15449874,268.674,1.0,0.9375
3.12,0.0,0.035436004,0.01118936,-0.124632366,12.729223,1.0,1.0
3.12,0.2,0.22552541,-0.01636657,-0.1445232,18.261272,1.0,1.0
3.12,0.4,0.3924429,0.02494322,-0.021324728,11.463253,1.0,1.0
3.12,0.6,0.5744842,0.018889911,-0.042226154,17.921131,1.0,1.0
3.12,0.8,0.7830695,0.05114352,-0.010728012,35.05061,1.0,1.0
3.12,1.0,1.0557642,0.06770097,-0.0680721,50.11963,1.0,1.0
3.12,1.2,1.1341076,0.058978155,-0.116478324,46.229477,1.0,1.0
3.12,1.4,1.328428,0.04300297,0.019456837,72.23862,1.0,1.0
3.12,1.6,1.5550382,0.049704548,-0.05936248,92.80481,1.0,1.0
3.12,1.8,1.7791731,0.03475289,0.0050239237,211.84619,1.0,1.0
3.12,2.0,2.0748217,0.02893081,0.044281833,330.9193,1.0,1.0
3.12,2.2,2.2822287,0.029476294,-0.1409764,292.23358,1.0,1.0
3.12,2.4,2.5173905,0.007922161,0.26892054,308.85968,1.0,0.0625
3.12,2.6,2.5400357,-0.00900162,0.05578832,299.5556,1.0,1.0
3.12,2.8,2.7344048,0.09744002,-0.22061181,998.5749,1.0,0.125
3.12,3.0,3.0057192,0.07135756,0.28597945,156.5039,1.0,0.0
3.14,0.0,0.031317584,0.016568191,-0.092033066,10.990747,1.0,1.0
3.14,0.2,0.21578647,-0.009146223,-0.08821495,16.674175,1.0,1.0
3.14,0.4,0.40648308,0.03596994,-0.013764066,14.050839,1.0,1.0
3.14,0.6,0.5863219,0.0114548,-0.035562456,18.016306,1.0,1.0
3.14,0.8,0.8104374,0.059091344,-0.004378284,40.534027,1.0,1.0
3.14,1.0,1.0195361,0.06457698,0.004840036,42.31949,1.0,1.0
3.14,1.2,1.129983,0.053634293,-0.09619763,34.690987,1.0,1.0
3.14,1.4,1.325985,0.043120615,-0.021595038,47.04862,1.0,1.0
3.14,1.6,1.6074884,0.05210743,-0.11129424,83.59746,1.0,1.0
3.14,1.8,1.7276684,0.02269394,-0.08665031,153.41321,1.0,1.0
3.14,2.0,2.003275,0.0125617795,0.01533738,310.24493,1.0,1.0
3.14,2.2,2.2119946,0.016001908,-0.034423165,538.7114,1.0,1.0
3.14,2.4,2.461511,0.03810837,0.1291703,491.3718,1.0,1.0
3.14,2.6,2.5821195,0.0057461,-0.009321288,200.64905,1.0,1.0
3.14,2.8,2.6794314,0.11572528,-0.03547857,677.92566,1.0,1.0
3.14,3.0,3.0237603,0.04807835,0.60072887,343.04068,1.0,0.0
3.16,0.0,0.030913552,0.019841999,-0.05237034,5.4114466,1.0,1.0
3.16,0.2,0.20916124,-0.004158911,-0.011286817,10.195801,1.0,1.0
3.16,0.4,0.42870665,0.04468721,0.020447664,14.207984,1.0,1.0
3.16,0.6,0.60844815,0.004778724,-0.049750574,18.297005,1.0,1.0
3.16,0.8,0.84817845,0.065165505,0.045071844,30.106144,1.0,1.0
3.16,1.0,0.9883387,0.06795514,0.020551784,39.0457,1.0,1.0
3.16,1.2,1.1387098,0.052488476,-0.0607239,43.198826,1.0,1.0
3.16,1.4,1.3401924,0.048588496,-0.02863995,65.7421,1.0,1.0
3.16,1.6,1.6523559,0.058140263,-0.11561047,109.12517,1.0,1.0
3.16,1.8,1.7055786,0.014362031,-0.13394848,79.157196,1.0,1.0
3.16,2.0,1.9670889,-0.0037159752,-0.040948257,137.63869,1.0,1.0
3.16,2.2,2.168553,0.019642083,0.07147853,347.72107,1.0,1.0
3.16,2.4,2.3889718,0.02168932,0.1116635,518.1968,1.0,1.0
3.16,2.6,2.6356897,0.02886695,-0.07646287,218.81567,1.0,1.0
3.16,2.8,2.716432,0.10853634,0.21923225,328.01782,1.0,0.3125
3.16,3.0,2.9482675,0.08856098,0.29682243,708.7993,1.0,0.0625
3.18,0.0,0.030729044,0.022018194,-0.034986757,2.8129582,1.0,1.0
3.18,0.2,0.20338482,-0.0018228067,0.020564446,7.64228,1.0,1.0
3.18,0.4,0.43351892,0.041635066,0.02969633,15.907129,1.0,1.0
3.18,0.6,0.63774693,0.0018018195,-0.10693735,18.224787,1.0,1.0
3.18,0.8,0.85875905,0.068790466,0.040154796,40.700996,1.0,1.0
3.18,1.0,0.96802205,0.06827642,0.016876025,39.96743,1.0,1.0
3.18,1.2,1.1644429,0.05489719,-0.04280729,55.20285,1.0,1.0
3.18,1.4,1.3705145,0.05071485,0.003436489,78.7144,1.0,1.0
3.18,1.6,1.6161214,0.043575406,-0.021935776,173.13702,1.0,1.0
3.18,1.8,1.7141347,0.01959128,-0.09697693,91.00342,1.0,1.0
3.18,2.0,1.9759588,0.0002585072,-0.108803675,130.71194,1.0,1.0
3.18,2.2,2.1796224,0.013582798,0.10248666,238.0505,1.0,1.0
3.18,2.4,2.3687296,-0.003858963,0.054767057,270.8034,1.0,1.0
3.18,2.6,2.6669638,0.047760967,-0.10030913,207.8604,1.0,1.0
3.18,2.8,2.7737994,0.08931188,0.18569683,295.76398,1.0,0.6875
3.18,3.0,2.8567245,0.07682134,0.20919567,862.65967,1.0,0.5
3.2,0.0,0.029935095,0.023328163,-0.025245428,3.109877,1.0,1.0
3.2,0.2,0.19743733,9.126472e-05,0.009217334,6.3743587,1.0,1.0
3.2,0.4,0.4156165,0.032987792,6.1917686e-05,14.950254,1.0,1.0
3.2,0.6,0.6472366,0.007397716,-0.17079596,27.357355,1.0,1.0
3.2,0.8,0.8209484,0.06667645,-0.012756145,21.768444,1.0,1.0
3.2,1.0,0.9604021,0.07096733,0.006543888,25.363735,1.0,1.0
3.2,1.2,1.2044225,0.057800833,-0.06792113,56.063694,1.0,1.0
3.2,1.4,1.4169197,0.049234577,0.06456627,80.58577,1.0,1.0
3.2,1.6,1.5599711,0.043321203,0.033036124,164.27847,1.0,1.0
3.2,1.8,1.743187,0.030991634,-0.050739843,111.005356,1.0,1.0
3.2,2.0,2.0061488,0.013737436,-0.09801592,134.35843,1.0,1.0
3.2,2.2,2.2209196,0.009349729,0.017758183,204.58246,1.0,1.0
3.2,2.4,2.3991692,0.0033814497,-0.026642315,201.40613,1.0,1.0
3.2,2.6,2.7012208,0.051508147,-0.25261438,116.25006,1.0,0.0
3.2,2.8,2.8229952,0.08728962,0.120530725,244.99005,1.0,1.0
3.2,3.0,2.832424,0.034878828,0.16596086,354.8589,1.0,0.5625
3.22,0.0,0.030771391,0.025540348,-0.013141379,4.9221067,1.0,1.0
3.22,0.2,0.1939493,0.0035082235,0.0006479292,4.804942,1.0,1.0
3.22,0.4,0.39861286,0.024117395,-0.061142925,9.457877,1.0,1.0
3.22,0.6,0.62851024,0.012939414,-0.12299194,19.183096,1.0,1.0
3.22,0.8,0.7889744,0.060051836,-0.079332165,20.109118,1.0,1.0
3.22,1.0,0.96474576,0.07616415,0.0018454415,30.718233,1.0,1.0
3.22,1.2,1.2593405,0.059394732,-0.14295971,50.397614,1.0,1.0
3.22,1.4,1.4638518,0.04832857,0.12677297,121.80164,1.0,1.0
3.22,1.6,1.5275049,0.045725845,0.040157937,122.613785,1.0,1.0
3.22,1.8,1.7823586,0.042126246,-0.06528582,110.93059,1.0,1.0
3.22,2.0,2.043787,0.03238543,-0.059353754,140.13486,1.0,1.0
3.22,2.2,2.2564566,0.006568514,-0.023651535,176.53601,1.0,1.0
3.22,2.4,2.4482048,0.02274784,-0.06690976,195.2041,1.0,1.0
3.22,2.6,2.6698942,0.047487598,-0.28019312,481.6335,1.0,0.0
3.22,2.8,2.8471937,0.07872267,0.24717352,160.44296,1.0,0.0
3.22,3.0,2.8634539,0.031924948,0.16196275,223.16998,1.0,0.625
3.24,0.0,0.032871295,0.028951474,-0.0043718982,6.3341656,1.0,1.0
3.24,0.2,0.19362499,0.009669239,0.0011354455,4.2002597,1.0,1.0
3.24,0.4,0.38668084,0.014950967,-0.080677316,8.491343,1.0,1.0
3.24,0.6,0.61338323,0.015332739,-0.031629443,10.245867,1.0,1.0
3.24,0.8,0.7670543,0.051424794,-0.10827884,24.54345,1.0,1.0
3.24,1.0,0.9830899,0.08152901,0.005632511,46.56047,1.0,1.0
3.24,1.2,1.2698969,0.06447909,-0.06917338,85.13932,1.0,1.0
3.24,1.4,1.430659,0.05479189,0.042466477,115.262024,1.0,1.0
3.24,1.6,1.5208526,0.04583069,0.0028094328,67.31275,1.0,1.0
3.24,1.8,1.8356609,0.04294672,-0.14459285,103.30215,1.0,1.0
3.24,2.0,2.0857937,0.037601408,-0.12246988,120.265854,1.0,1.0
3.24,2.2,2.2860084,0.0007986617,0.04835069,145.8417,1.0,1.0
3.24,2.4,2.480722,0.04118033,-0.071023494,181.27185,1.0,1.0
3.24,2.6,2.5843906,0.04347003,-0.13738409,788.7296,1.0,0.875
3.24,2.8,2.8692834,0.059514925,0.50109076,296.73282,1.0,0.0
3.24,3.0,2.9143052,0.056447737,0.07818113,253.85399,1.0,1.0
3.2600000000000002,0.0,0.0366313,0.033191822,0.0021080114,8.083717,1.0,1.0
3.2600000000000002,0.2,0.19730012,0.017371768,0.00039557344,5.583832,1.0,1.0
3.2600000000000002,0.4,0.3791784,0.008696042,-0.06965867,12.564175,1.0,1.0
3.2600000000000002,0.6,0.5997651,0.017568544,-0.008058271,13.136116,1.0,1.0
3.2600000000000002,0.8,0.7590281,0.04689049,-0.10284664,27.267773,1.0,1.0
3.2600000000000002,1.0,1.0170684,0.08675137,0.024288248,54.78003,1.0,1.0
3.2600000000000002,1.2,1.2260864,0.055353053,0.00026920624,77.73937,1.0,1.0
3.2600000000000002,1.4,1.373058,0.05413185,-0.061307017,93.797295,1.0,1.0
3.2600000000000002,1.6,1.5375105,0.04686173,-0.04883299,81.442024,1.0,1.0
3.2600000000000002,1.8,1.8530676,0.047858324,-0.07184224,139.38475,1.0,1.0
3.2600000000000002,2.0,2.1105998,0.042127237,-0.15462384,169.9123,1.0,1.0
3.2600000000000002,2.2,2.3216214,-0.015901234,0.2140744,187.65189,1.0,0.1875
3.2600000000000002,2.4,2.5147333,0.047463894,-0.16787806,133.42911,1.0,0.9375
3.2600000000000002,2.6,2.5668688,0.050918255,0.12703513,407.49158,1.0,1.0
3.2600000000000002,2.8,2.7998953,0.09701995,0.26990283,578.459,1.0,0.0625
3.2600000000000002,3.0,2.9537272,0.078494065,-0.035291485,248.36833,1.0,1.0
3.2800000000000002,0.0,0.0396519,0.03488166,-0.00056329364,9.102432,1.0,1.0
3.2800000000000002,0.2,0.2067065,0.025530517,0.005480527,9.169316,1.0,1.0
3.2800000000000002,0.4,0.37761497,0.004144786,-0.05795941,14.42417,1.0,1.0
3.2800000000000002,0.6,0.5862051,0.019641634,-0.0038811266,16.724957,1.0,1.0
3.2800000000000002,0.8,0.7588285,0.04247925,-0.07111473,21.285759,1.0,1.0
3.2800000000000002,1.0,1.0628839,0.09194552,0.0875441,41.571175,1.0,1.0
3.2800000000000002,1.2,1.1884837,0.058050282,0.031270787,67.832,1.0,1.0
3.2800000000000002,1.4,1.3287457,0.043095708,-0.11815593,90.478195,1.0,1.0
3.2800000000000002,1.6,1.5677865,0.050422728,-0.048399404,96.67459,1.0,1.0
3.2800000000000002,1.8,1.7960882,0.02471883,0.01690162,247.23065,1.0,1.0
3.2800000000000002,2.0,2.0579371,0.018509448,-0.032150038,380.3861,1.0,1.0
3.2800000000000002,2.2,2.2784824,0.010762424,0.10618214,285.17322,1.0,1.0
3.2800000000000002,2.4,2.5021727,0.04255813,-0.19415009,350.59283,1.0,0.375
3.2800000000000002,2.6,2.6112468,0.03599419,0.19863214,293.4972,1.0,0.4375
3.2800000000000002,2.8,2.7125843,0.079674594,0.1791806,741.098,1.0,0.625
3.2800000000000002,3.0,2.9799147,0.088390194,-0.17582831,159.96898,1.0,0.8125
3.3000000000000003,0.0,0.038799286,0.030886091,0.010927683,8.429327,1.0,1.0
3.3000000000000003,0.2,0.21712762,0.030812671,0.016132742,10.54015,1.0,1.0
3.3000000000000003,0.4,0.38218713,-0.0030944203,-0.049219124,12.854278,1.0,1.0
3.3000000000000003,0.6,0.5771869,0.021204285,-0.0021072524,17.033611,1.0,1.0
3.3000000000000003,0.8,0.7658595,0.038222235,-0.046026334,24.70118,1.0,1.0
3.3000000000000003,1.0,1.0713784,0.09457838,0.052270796,60.989746,1.0,1.0
3.3000000000000003,1.2,1.164413,0.059257966,0.027199043,65.372925,1.0,1.0
3.3000000000000003,1.4,1.3072095,0.036041446,-0.12536141,49.41069,1.0,1.0
3.3000000000000003,1.6,1.610253,0.04993163,0.011112413,93.9424,1.0,1.0
3.3000000000000003,1.8,1.7441201,0.027938996,0.061493162,234.80368,1.0,1.0
3.3000000000000003,2.0,1.9950422,0.022750812,0.060241356,362.02478,1.0,1.0
3.3000000000000003,2.2,2.2029636,0.017606467,0.043896757,455.55765,1.0,1.0
3.3000000000000003,2.4,2.4337204,0.0261034,-0.09483981,670.9119,1.0,1.0
3.3000000000000003,2.6,2.6590695,0.029298056,0.0647097,253.60175,1.0,1.0
3.3000000000000003,2.8,2.6858335,0.04122413,0.12350607,318.60577,1.0,0.875
3.3000000000000003,3.0,2.9484267,0.09217465,-0.29267794,608.7129,1.0,0.0
3.3200000000000003,0.0,0.0360165,0.025332922,0.0073162373,7.7487993,1.0,1.0
3.3200000000000003,0.2,0.2172263,0.026353631,0.03411872,12.3124695,1.0,1.0
3.3200000000000003,0.4,0.3909556,-0.012422517,-0.050772622,12.382656,1.0,1.0
3.3200000000000003,0.6,0.57450694,0.02583481,-0.0037567865,13.278362,1.0,1.0
3.3200000000000003,0.8,0.7849208,0.033707563,-0.03879787,24.9398,1.0,1.0
3.3200000000000003,1.0,1.0253041,0.09471589,0.012959534,40.473522,1.0,1.0
3.3200000000000003,1.2,1.1556551,0.05999495,0.0036715576,38.540695,1.0,1.0
3.3200000000000003,1.4,1.3034056,0.030758332,-0.0898562,45.21923,1.0,1.0
3.3200000000000003,1.6,1.6663859,0.045547385,0.108937256,101.099884,1.0,1.0
3.3200000000000003,1.8,1.7261543,0.02967973,0.06620636,135.4017,1.0,1.0
3.3200000000000003,2.0,1.9753628,0.020940479,0.10750018,183.2114,1.0,1.0
3.3200000000000003,2.2,2.154061,-0.0073361294,-0.007916281,278.1403,1.0,1.0
3.3200000000000003,2.4,2.3855329,0.03405445,0.057357877,424.39606,1.0,1.0
3.3200000000000003,2.6,2.6880789,0.03152197,0.039850496,191.14928,1.0,1.0
3.3200000000000003,2.8,2.715532,0.041277364,0.09818831,212.6392,1.0,1.0
3.3200000000000003,3.0,2.8641067,0.08155814,-0.2298769,1023.04376,1.0,0.375
3.34,0.0,0.030505572,0.02152991,-0.0069231354,9.789545,1.0,1.0
3.34,0.2,0.20892964,0.02383526,0.012952127,11.820049,1.0,1.0
3.34,0.4,0.40734667,-0.020810708,-0.06615427,13.460967,1.0,1.0
3.34,0.6,0.5800253,0.034598313,-0.013778401,20.342491,1.0,1.0
3.34,0.8,0.8166299,0.029970117,-0.0631997,27.221552,1.0,1.0
3.34,1.0,0.9868479,0.086691335,-0.055249438,33.628494,1.0,1.0
3.34,1.2,1.1604092,0.065473236,-0.008489346,40.06722,1.0,1.0
3.34,1.4,1.3173771,0.031578835,-0.054419056,62.011307,1.0,1.0
3.34,1.6,1.6636229,0.04859831,0.03947504,141.78256,1.0,1.0
3.34,1.8,1.7370288,0.02874776,0.013866481,101.572845,1.0,1.0
3.34,2.0,2.0041559,0.015998874,0.06483619,159.79771,1.0,1.0
3.34,2.2,2.1522102,-0.009502178,-0.07931584,197.35007,1.0,1.0
3.34,2.4,2.4049857,0.024320148,0.14515816,280.04694,1.0,0.9375
3.34,2.6,2.7055855,0.02124853,0.21853796,124.052246,1.0,0.25
3.34,2.8,2.7662444,0.06460366,0.016375149,236.9973,1.0,1.0
3.34,3.0,2.8428345,0.097010806,0.07165993,569.33264,1.0,0.9375
3.36,0.0,0.025465228,0.01886338,-0.024251644,12.534749,1.0,1.0
3.36,0.2,0.20088628,0.021270998,-0.015169112,13.129927,1.0,1.0
3.36,0.4,0.42911676,-0.026735116,-0.110239685,16.086037,1.0,1.0
3.36,0.6,0.5960803,0.04460414,-0.017897656,25.621613,1.0,1.0
3.36,0.8,0.8549236,0.029801004,-0.13793786,27.009438,1.0,1.0
3.36,1.0,0.96448123,0.077476636,-0.10351174,37.053207,1.0,1.0
3.36,1.2,1.1793365,0.07041877,-0.0028572683,55.03868,1.0,1.0
3.36,1.4,1.3495618,0.03680704,-0.049545538,75.949066,1.0,1.0
3.36,1.6,1.595331,0.059975825,-0.016477635,150.21666,1.0,1.0
3.36,1.8,1.767462,0.027690513,-0.033965386,114.13866,1.0,1.0
3.36,2.0,2.044897,0.012564862,-0.008582894,152.07668,1.0,1.0
3.36,2.2,2.1862202,0.0061356677,-0.12170349,166.72336,1.0,1.0
3.36,2.4,2.450733,0.014199087,0.049922377,231.02835,1.0,1.0
3.36,2.6,2.6729355,0.01939198,0.36279356,400.04852,1.0,0.0
3.36,2.8,2.8037844,0.08616808,-0.060541816,224.78351,1.0,1.0
3.36,3.0,2.8931005,0.07944154,0.2640743,303.63815,1.0,0.1875
3.38,0.0,0.021394916,0.014135474,-0.048278876,6.5541897,1.0,1.0
3.38,0.2,0.19529986,0.012043827,-0.05288002,8.423412,1.0,1.0
3.38,0.4,0.4381066,-0.021028213,-0.15486303,12.763095,1.0,1.0
3.38,0.6,0.62397915,0.052832168,0.009059543,22.66083,1.0,1.0
3.38,0.8,0.8470775,0.03389074,-0.12822515,38.040863,1.0,1.0
3.38,1.0,0.9583331,0.0711494,-0.10026789,29.139982,1.0,1.0
3.38,1.2,1.2147756,0.072662465,0.027427169,67.38016,1.0,1.0
3.38,1.4,1.3975412,0.0401626,-0.09126992,70.9327,1.0,1.0
3.38,1.6,1.5423962,0.051826213,-0.09746057,141.11795,1.0,1.0
3.38,1.8,1.8042533,0.027328424,-0.015602935,113.09256,1.0,1.0
3.38,2.0,2.0833473,0.010392318,-0.013732862,132.11714,1.0,1.0
3.38,2.2,2.218985,0.024909083,-0.108695015,169.10019,1.0,1.0
3.38,2.4,2.4877524,0.014362313,0.002366702,194.36504,1.0,1.0
3.38,2.6,2.61334,0.052792847,0.15642959,656.87756,1.0,0.9375
3.38,2.8,2.830282,0.09594056,-0.16999781,134.7135,1.0,0.9375
3.38,3.0,2.9496067,0.062180445,0.19232075,309.05276,1.0,0.5625
3.4,0.0,0.019577455,0.008192978,-0.06249121,3.9667697,1.0,1.0
3.4,0.2,0.19269286,0.0024181155,-0.05409026,5.746605,1.0,1.0
3.4,0.4,0.42686763,-0.011293035,-0.11910859,20.318008,1.0,1.0
3.4,0.6,0.6531129,0.058246695,0.05587489,29.188684,1.0,1.0
3.4,0.8,0.8210186,0.036331534,-0.05407605,14.1626625,1.0,1.0
3.4,1.0,0.96036446,0.06735946,-0.06212234,27.437977,1.0,1.0
3.4,1.2,1.262945,0.07641171,0.08868289,55.217613,1.0,1.0
3.4,1.4,1.460168,0.039108925,-0.14017141,87.275406,1.0,1.0
3.4,1.6,1.5142245,0.03846658,-0.13080227,77.99776,1.0,1.0
3.4,1.8,1.8508289,0.021346401,0.0637901,109.39208,1.0,1.0
3.4,2.0,2.1242545,0.0017396058,0.08489649,122.34842,1.0,1.0
3.4,2.2,2.2518415,0.039777502,-0.121806145,155.24965,1.0,1.0
3.4,2.4,2.5120254,0.0071623605,0.11089647,157.20953,1.0,1.0
3.4,2.6,2.5403748,0.025023572,0.12236348,601.2509,1.0,1.0
3.4,2.8,2.8054101,0.09780558,-0.2641241,496.3316,1.0,0.0
3.4,3.0,2.9885592,0.05935029,0.17492741,224.7078,1.0,0.75
3.42,0.0,0.019363217,0.0037347698,-0.067853294,6.235377,1.0,1.0
3.42,0.2,0.1925498,-0.0046522487,-0.050437488,8.228196,1.0,1.0
3.42,0.4,0.4154557,-0.008382473,-0.050730232,18.42213,1.0,1.0
3.42,0.6,0.63167334,0.053317323,0.035153676,20.402363,1.0,1.0
3.42,0.8,0.8000509,0.037024535,-0.008583235,13.442336,1.0,1.0
3.42,1.0,0.9738715,0.06555899,-0.03239809,31.731323,1.0,1.0
3.42,1.2,1.2884152,0.07616599,0.06359299,73.283615,1.0,1.0
3.42,1.4,1.4474232,0.044250175,-0.056372643,125.65129,1.0,1.0
3.42,1.6,1.5129775,0.036472403,-0.0904969,64.194595,1.0,1.0
3.42,1.8,1.8864129,0.014662648,0.115427494,171.46869,1.0,1.0
3.42,2.0,2.1398487,-0.00076315645,0.12452042,202.10803,1.0,1.0
3.42,2.2,2.29367,0.034929443,-0.2380012,155.66583,1.0,0.125
3.42,2.4,2.5352325,-0.008774931,0.30070114,230.71136,1.0,0.0625
3.42,2.6,2.5363457,-0.0021784306,0.06139241,302.20282,1.0,1.0
3.42,2.8,2.7337337,0.082293615,-0.17041375,915.4186,1.0,0.75
3.42,3.0,3.0064561,0.04395099,0.39797717,146.82977,1.0,0.0
3.44,0.0,0.02141962,-0.0013045715,-0.07062876,7.6061645,1.0,1.0
3.44,0.2,0.19619377,-0.011118682,-0.05218646,9.752054,1.0,1.0
3.44,0.4,0.40821877,-0.0068336423,0.0076457406,12.63121,1.0,1.0
3.44,0.6,0.6053575,0.044106554,-0.043105945,7.747397,1.0,1.0
3.44,0.8,0.78005797,0.039356716,-0.002278887,19.21436,1.0,1.0
3.44,1.0,1.0005255,0.06540428,-0.034232207,38.35325,1.0,1.0
3.44,1.2,1.2336901,0.07907032,0.011403445,66.37888,1.0,1.0
3.44,1.4,1.393328,0.037027095,0.035644352,115.38127,1.0,1.0
3.44,1.6,1.5320563,0.041713946,-0.039495625,78.16072,1.0,1.0
3.44,1.8,1.8300344,0.03633708,0.077504426,225.87607,1.0,1.0
3.44,2.0,2.0756218,0.029489655,0.04124696,331.6847,1.0,1.0
3.44,2.2,2.2592328,0.02209774,-0.13895315,437.30035,1.0,1.0
3.44,2.4,2.4795558,0.021278288,0.17200972,387.894,1.0,0.8125
3.44,2.6,2.5788972,0.011873435,-0.005504488,200.7112,1.0,1.0
3.44,2.8,2.699848,0.09514717,0.081340395,539.8129,1.0,0.9375
3.44,3.0,2.9628606,0.038403876,0.5416591,494.3037,1.0,0.0
3.46,0.0,0.025754455,-0.006328204,-0.08080352,8.494349,1.0,1.0
3.46,0.2,0.2032434,-0.019330533,-0.06438811,10.794819,1.0,1.0
3.46,0.4,0.40005326,-0.0052711884,0.0075816405,11.484047,1.0,1.0
3.46,0.6,0.58527464,0.03419723,-0.077716686,12.081245,1.0,1.0
3.46,0.8,0.76561755,0.041370697,0.005978113,23.75265,1.0,1.0
3.46,1.0,1.0428727,0.06507319,-0.077314615,39.50959,1.0,1.0
3.46,1.2,1.1856335,0.072560854,-0.06365845,58.134075,1.0,1.0
3.46,1.4,1.3511045,0.042092882,0.04458385,106.062546,1.0,1.0
3.46,1.6,1.5675471,0.051625222,-0.036452264,92.288,1.0,1.0
3.46,1.8,1.7595232,0.03159802,-0.012352326,201.54935,1.0,1.0
3.46,2.0,2.0042977,0.013614215,0.01571153,310.59467,1.0,1.0
3.46,2.2,2.1893744,0.025945697,-0.0151094645,504.60077,1.0,1.0
3.46,2.4,2.407436,0.015530903,0.0924758,546.5635,1.0,1.0
3.46,2.6,2.633046,0.03428915,-0.071350165,216.68468,1.0,1.0
3.46,2.8,2.74218,0.07983384,0.24420345,308.52637,1.0,0.125
3.46,3.0,2.9009428,0.0763677,0.2567504,864.6102,1.0,0.375
3.48,0.0,0.031715497,-0.011831051,-0.100864306,9.050149,1.0,1.0
3.48,0.2,0.21411091,-0.02872368,-0.08506214,11.136589,1.0,1.0
3.48,0.4,0.39223245,-0.0034973654,-0.007850951,11.361963,1.0,1.0
3.48,0.6,0.5737792,0.027404107,-0.079826,20.181362,1.0,1.0
3.48,0.8,0.7601738,0.0448884,0.010093771,18.824883,1.0,1.0
3.48,1.0,1.0868137,0.06885424,-0.14257795,56.00154,1.0,1.0
3.48,1.2,1.158249,0.06294465,-0.11246954,54.67109,1.0,1.0
3.48,1.4,1.3290422,0.043390878,0.019537477,72.21214,1.0,1.0
3.48,1.6,1.6159401,0.05632844,-0.08111643,86.81917,1.0,1.0
3.48,1.8,1.7152426,0.019813592,-0.107088685,124.560455,1.0,1.0
3.48,2.0,1.9686143,-0.0028954274,-0.039320514,138.51991,1.0,1.0
3.48,2.2,2.1649203,0.02691027,0.09857429,268.28485,1.0,1.0
3.48,2.4,2.3716002,-0.011485478,0.040362157,292.65198,1.0,1.0
3.48,2.6,2.664498,0.053319495,-0.09357077,208.7348,1.0,1.0
3.48,2.8,2.7960596,0.06277226,0.15819094,283.0136,1.0,0.8125
3.48,3.0,2.8230228,0.04006601,0.17851937,775.55444,1.0,0.5
3.5,0.0,0.03810315,-0.016620193,-0.12122348,9.061038,1.0,1.0
3.5,0.2,0.22861747,-0.03547889,-0.10402465,11.159172,1.0,1.0
3.5,0.4,0.38681176,0.00018296298,-0.012586909,10.1050825,1.0,1.0
3.5,0.6,0.5708963,0.023172995,-0.064664595,22.039143,1.0,1.0
3.5,0.8,0.7641149,0.05119495,0.0012864841,25.694067,1.0,1.0
3.5,1.0,1.0562073,0.06688829,-0.06885071,49.936752,1.0,1.0
3.5,1.2,1.1489888,0.055801153,-0.09916298,30.00234,1.0,1.0
3.5,1.4,1.3265605,0.043592684,-0.021400943,47.000984,1.0,1.0
3.5,1.6,1.679929,0.057297792,-0.15448953,108.756294,1.0,1.0
3.5,1.8,1.6999373,0.014266382,-0.14110792,76.13753,1.0,1.0
3.5,2.0,1.9779217,0.00081549585,-0.1074036,130.91971,1.0,1.0
3.5,2.2,2.193667,0.018333972,0.092995085,225.60017,1.0,1.0
3.5,2.4,2.391531,-0.0078011844,-0.035690542,217.4923,1.0,1.0
3.5,2.6,2.6988277,0.056425374,-0.24353056,118.38759,1.0,0.0
3.5,2.8,2.8345845,0.06210182,0.11782564,218.29675,1.0,1.0
3.5,3.0,2.8311806,0.00897222,0.13846847,310.86432,1.0,0.625
3.52,0.0,0.039222397,-0.012121903,-0.1260168,2.9859228,1.0,1.0
3.52,0.2,0.22909929,-0.029325733,-0.13403596,7.991275,1.0,1.0
3.52,0.4,0.38554424,0.0077131023,-0.01735799,9.58672,1.0,1.0
3.52,0.6,0.57355756,0.017595895,-0.049765274,18.816149,1.0,1.0
3.52,0.8,0.78166735,0.058567587,-0.011096118,37.67643,1.0,1.0
3.52,1.0,1.0199465,0.0639624,0.0036071283,42.171837,1.0,1.0
3.52,1.2,1.1526135,0.052722115,-0.05617717,36.7566,1.0,1.0
3.52,1.4,1.3407148,0.049115222,-0.028461836,65.61812,1.0,1.0
3.52,1.6,1.656179,0.050041378,-0.041013006,181.04025,1.0,1.0
3.52,1.8,1.7136952,0.022548635,-0.09081468,96.10858,1.0,1.0
3.52,2.0,2.0084577,0.014109319,-0.09645553,133.54115,1.0,1.0
3.52,2.2,2.2355752,0.01668298,-0.003557132,198.87091,1.0,1.0
3.52,2.4,2.4379148,0.012715045,-0.09144026,196.75159,1.0,1.0
3.52,2.6,2.6653728,0.049709275,-0.2726065,468.7614,1.0,0.0
3.52,2.8,2.8536081,0.050262384,0.298081,141.81447,1.0,0.0
3.52,3.0,2.8775592,0.019659624,0.11034599,209.35963,1.0,0.75
3.54,0.0,0.038175944,-3.682048e-05,-0.13693665,12.509362,1.0,1.0
3.54,0.2,0.22637683,-0.016139045,-0.14429182,18.338482,1.0,1.0
3.54,0.4,0.39139107,0.017420279,-0.02154103,12.517824,1.0,1.0
3.54,0.6,0.58347416,0.0096139675,-0.041328352,19.164043,1.0,1.0
3.54,0.8,0.81281435,0.06657602,0.004759315,39.17185,1.0,1.0
3.54,1.0,0.98871946,0.067454495,0.019614711,38.89285,1.0,1.0
3.54,1.2,1.1701698,0.05254378,-0.03025624,46.656307,1.0,1.0
3.54,1.4,1.3709955,0.0513926,0.0033293283,78.74729,1.0,1.0
3.54,1.6,1.5915949,0.040082097,0.026205447,168.85495,1.0,1.0
3.54,1.8,1.7456887,0.035230037,-0.05396906,113.56412,1.0,1.0
3.54,2.0,2.0463533,0.032720037,-0.05746491,139.84909,1.0,1.0
3.54,2.2,2.2680268,0.015059904,-0.017017245,169.59666,1.0,1.0
3.54,2.4,2.4714172,0.032478638,-0.09659727,188.79813,1.0,1.0
3.54,2.6,2.576389,0.046496734,-0.13661401,789.5139,1.0,0.9375
3.54,2.8,2.845673,0.03491371,0.50932795,421.0701,1.0,0.0
3.54,3.0,2.934753,0.04625398,0.0166431,265.7107,1.0,1.0
3.56,0.0,0.035622388,0.011149526,-0.124470845,12.735975,1.0,1.0
3.56,0.2,0.21673149,-0.008870458,-0.088447586,16.875074,1.0,1.0
3.56,0.4,0.40703085,0.027102824,-0.011935502,15.0943775,1.0,1.0
3.56,0.6,0.60359263,0.0015552472,-0.04716423,19.343763,1.0,1.0
3.56,0.8,0.8526132,0.07273127,0.06600787,25.632776,1.0,1.0
3.56,1.0,0.9684062,0.06788196,0.016442137,39.86803,1.0,1.0
3.56,1.2,1.2049124,0.054635245,-0.038267232,55.365055,1.0,1.0
3.56,1.4,1.4174033,0.05002644,0.06440757,80.669754,1.0,1.0
3.56,1.6,1.5492898,0.040499352,0.037441336,137.84981,1.0,1.0
3.56,1.8,1.786729,0.04476829,-0.08491228,107.45958,1.0,1.0
3.56,2.0,2.0884814,0.037930943,-0.12100555,120.175224,1.0,1.0
3.56,2.2,2.3008933,0.0073342095,0.08339933,144.1542,1.0,1.0
3.56,2.4,2.5009253,0.043333724,-0.1549288,153.34012,1.0,1.0
3.56,2.6,2.560154,0.054276112,0.12532291,407.93002,1.0,1.0
3.56,2.8,2.781466,0.07151021,0.27450392,694.0203,1.0,0.1875
3.56,3.0,2.9724298,0.066684075,-0.06906676,224.59547,1.0,1.0
3.58,0.0,0.03150492,0.016517123,-0.09195263,10.985559,1.0,1.0
3.58,0.2,0.21015254,-0.0038649724,-0.011779535,10.324263,1.0,1.0
3.58,0.4,0.43003276,0.033799335,0.029483411,13.793775,1.0,1.0
3.58,0.6,0.6318284,-0.003038601,-0.090893954,17.622952,1.0,1.0
3.58,0.8,0.8445662,0.073104724,0.040880073,35.782185,1.0,1.0
3.58,1.0,0.96080625,0.07072099,0.0064718933,25.333693,1.0,1.0
3.58,1.2,1.2544291,0.0550797,-0.09276846,51.471725,1.0,1.0
3.58,1.4,1.4643232,0.04915969,0.12673646,121.530106,1.0,1.0
3.58,1.6,1.5311214,0.04033353,0.002777285,75.72781,1.0,1.0
3.58,1.8,1.844003,0.044958115,-0.16711043,104.08669,1.0,1.0
3.58,2.0,2.1131253,0.04212931,-0.15320808,172.38565,1.0,1.0
3.58,2.2,2.323563,-0.0026438695,0.21411307,237.28564,1.0,0.25
3.58,2.4,2.5014668,0.044871792,-0.22828604,293.96082,1.0,0.1875
3.58,2.6,2.604618,0.038412627,0.19374017,294.92133,1.0,0.5
3.58,2.8,2.6995158,0.041266076,0.20500475,726.7318,1.0,0.25
3.58,3.0,2.9974892,0.07118421,-0.21848321,237.62433,1.0,0.3125
3.6,0.0,0.031067416,0.01979928,-0.052395906,5.3844614,1.0,1.0
3.6,0.2,0.20437135,-0.0015541108,0.020044254,7.683263,1.0,1.0
3.6,0.4,0.42971197,0.03174065,0.019055901,12.877233,1.0,1.0
3.6,0.6,0.65165913,-0.0018524658,-0.16076428,21.2623,1.0,1.0
3.6,0.8,0.807428,0.06660485,-0.026222756,18.752016,1.0,1.0
3.6,1.0,0.9651788,0.07602201,0.0018681404,30.790695,1.0,1.0
3.6,1.2,1.3016554,0.058428735,-0.12446021,74.80504,1.0,1.0
3.6,1.4,1.4303327,0.055416442,0.04520216,115.203285,1.0,1.0
3.6,1.6,1.5364361,0.041053012,-0.0581579,72.97212,1.0,1.0
3.6,1.8,1.8392394,0.042848438,-0.055472203,156.28326,1.0,1.0
3.6,2.0,2.0585077,0.018547388,-0.03201659,381.56064,1.0,1.0
3.6,2.2,2.26863,0.026403725,0.10964265,368.2472,1.0,1.0
3.6,2.4,2.4409366,0.02586887,-0.14527103,671.74097,1.0,0.875
3.6,2.6,2.6519089,0.031529304,0.05989536,255.74142,1.0,1.0
3.6,2.8,2.6912746,0.006084375,0.14836353,312.42645,1.0,0.6875
3.6,3.0,2.9571235,0.068557136,-0.28358293,843.6737,1.0,0.0625
3.62,0.0,0.030828338,0.021990316,-0.035047263,2.8390028,1.0,1.0
3.62,0.2,0.19835815,0.0003609513,0.008725215,6.389144,1.0,1.0
3.62,0.4,0.41306317,0.026772086,-0.015480379,14.572586,1.0,1.0
3.62,0.6,0.6342305,0.0065108174,-0.13362855,20.483376,1.0,1.0
3.62,0.8,0.77781725,0.059106164,-0.088461444,17.90194,1.0,1.0
3.62,1.0,0.98356944,0.08147439,0.005654254,46.675236,1.0,1.0
3.62,1.2,1.2609944,0.0528133,-0.038621053,86.262184,1.0,1.0
3.62,1.4,1.3725804,0.054388545,-0.059863105,93.12262,1.0,1.0
3.62,1.6,1.5591228,0.04355551,-0.067520976,96.54472,1.0,1.0
3.62,1.8,1.7793713,0.023335213,0.03994494,249.3869,1.0,1.0
3.62,2.0,1.995235,0.02281715,0.059224267,361.27908,1.0,1.0
3.62,2.2,2.1959512,0.015840687,0.07381335,424.6015,1.0,1.0
3.62,2.4,2.3795502,0.03792521,-0.001660242,547.6678,1.0,1.0
3.62,2.6,2.6800153,0.0335989,0.039000172,192.636,1.0,1.0
3.62,2.8,2.7306561,0.012196913,0.09912709,203.94882,1.0,1.0
3.62,3.0,2.8586106,0.07301634,-0.1961695,968.7171,1.0,0.5
3.64,0.0,0.030004693,0.023311581,-0.025227971,3.106908,1.0,1.0
3.64,0.2,0.19479164,0.0037796518,0.0002607912,4.854289,1.0,1.0
3.64,0.4,0.39848745,0.017958375,-0.07466937,9.522625,1.0,1.0
3.64,0.6,0.61760956,0.007701219,-0.049753193,11.589949,1.0,1.0
3.64,0.8,0.7612126,0.0518419,-0.10252895,27.048403,1.0,1.0
3.64,1.0,1.0176134,0.086772785,0.024441827,54.86551,1.0,1.0
3.64,1.2,1.2130141,0.05200482,-0.0016115448,72.37584,1.0,1.0
3.64,1.4,1.3281264,0.04341857,-0.11758275,89.71665,1.0,1.0
3.64,1.6,1.5945066,0.04487367,-0.019755492,96.45866,1.0,1.0
3.64,1.8,1.7344053,0.026604436,0.066235214,200.68872,1.0,1.0
3.64,2.0,1.9754273,0.020868897,0.106361434,182.51286,1.0,1.0
3.64,2.2,2.1619508,-0.0066591464,0.010838735,217.81207,1.0,1.0
3.64,2.4,2.3850489,0.034891907,0.15910175,306.16248,1.0,0.9375
3.64,2.6,2.697187,0.022918034,0.21985692,124.071045,1.0,0.3125
3.64,2.8,2.7855353,0.03556683,0.004463937,243.93236,1.0,1.0
3.64,3.0,2.8677468,0.080704786,0.16325253,432.59796,1.0,0.9375
3.66,0.0,0.030816408,0.025534455,-0.013043164,4.973596,1.0,1.0
3.66,0.2,0.19441849,0.009956516,0.0009837884,4.149255,1.0,1.0
3.66,0.4,0.38940728,0.008625809,-0.07705627,8.5054455,1.0,1.0
3.66,0.6,0.60453427,0.008682499,0.00023614283,13.045129,1.0,1.0
3.66,0.8,0.75666517,0.048110247,-0.08918899,26.787281,1.0,1.0
3.66,1.0,1.063492,0.09205662,0.08780812,41.577553,1.0,1.0
3.66,1.2,1.1767035,0.053176157,-0.008742623,63.322193,1.0,1.0
3.66,1.4,1.3065772,0.0364732,-0.12516111,48.723026,1.0,1.0
3.66,1.6,1.6461325,0.038680054,0.075795345,91.74534,1.0,1.0
3.66,1.8,1.7224121,0.028729038,0.044159725,115.64995,1.0,1.0
3.66,2.0,2.0041895,0.015836572,0.0635472,159.75241,1.0,1.0
3.66,2.2,2.1763608,-0.002398375,-0.07733597,177.77293,1.0,1.0
3.66,2.4,2.433404,0.021386623,0.12079609,249.18837,1.0,0.9375
3.66,2.6,2.6621916,0.020564914,0.35299855,399.22418,1.0,0.0
3.66,2.8,2.8220751,0.054708913,-0.059322968,221.09476,1.0,1.0
3.66,3.0,2.9219127,0.059895873,0.2568611,296.70422,1.0,0.0625
3.68,0.0,0.032899607,0.028957725,-0.0042857747,6.3569994,1.0,1.0
3.68,0.2,0.1979741,0.017709026,5.5037235e-05,5.5913534,1.0,1.0
3.68,0.4,0.3845313,0.0025899187,-0.060884792,13.501445,1.0,1.0
3.68,0.6,0.5913299,0.011474368,0.0063299555,16.452007,1.0,1.0
3.68,0.8,0.7589165,0.04319621,-0.057816744,22.858639,1.0,1.0
3.68,1.0,1.0721812,0.094843045,0.05272896,60.89636,1.0,1.0
3.68,1.2,1.1580184,0.05194025,-0.030930493,38.363106,1.0,1.0
3.68,1.4,1.3027811,0.03132808,-0.089434035,45.334724,1.0,1.0
3.68,1.6,1.6680992,0.03932162,0.063467145,126.76757,1.0,1.0
3.68,1.8,1.7366873,0.029178886,-0.018806325,99.48587,1.0,1.0
3.68,2.0,2.0449145,0.012415027,-0.01009202,152.09952,1.0,1.0
3.68,2.2,2.2138956,0.013423602,-0.08914097,166.83846,1.0,1.0
3.68,2.4,2.4808807,0.01979131,0.04188074,211.1885,1.0,1.0
3.68,2.6,2.604857,0.053936146,0.14451589,683.15784,1.0,1.0
3.68,2.8,2.8522696,0.06019623,-0.19739299,151.75275,1.0,0.6875
3.68,3.0,2.9783323,0.048114963,0.1757511,291.32495,1.0,0.8125
3.7,0.0,0.036648497,0.033202022,0.002136156,8.088254,1.0,1.0
3.7,0.2,0.20730978,0.025884703,0.0050543114,9.221312,1.0,1.0
3.7,0.4,0.38461295,-0.002008466,-0.049843423,14.644094,1.0,1.0
3.7,0.6,0.58103216,0.013560951,0.0046495344,18.875755,1.0,1.0
3.7,0.8,0.76821434,0.03841325,-0.03713219,23.981628,1.0,1.0
3.7,1.0,1.0260313,0.09511967,0.013784204,40.783894,1.0,1.0
3.7,1.2,1.155225,0.056713477,-0.05349708,31.551033,1.0,1.0
3.7,1.4,1.3167567,0.032197606,-0.05419132,61.977074,1.0,1.0
3.7,1.6,1.6048713,0.058619767,0.052776936,152.21062,1.0,1.0
3.7,1.8,1.7677056,0.02886723,-0.05154143,112.85218,1.0,1.0
3.7,2.0,2.0833352,0.01025532,-0.014716655,131.85143,1.0,1.0
3.7,2.2,2.2464962,0.03113089,-0.06671038,163.63625,1.0,1.0
3.7,2.4,2.5105221,0.015029144,0.08308573,165.52032,1.0,1.0
3.7,2.6,2.5330763,0.025858201,0.11688044,602.60425,1.0,1.0
3.7,2.8,2.8229804,0.058885694,-0.27189553,601.8393,1.0,0.0
3.7,3.0,3.0106745,0.043485634,0.2148161,185.62354,1.0,0.4375
3.72,0.0,0.039659392,0.034870178,-0.00060304237,9.103367,1.0,1.0
3.72,0.2,0.21762732,0.031107439,0.015484776,10.631702,1.0,1.0
3.72,0.4,0.3902494,-0.009204013,-0.045729198,13.263214,1.0,1.0
3.72,0.6,0.5757872,0.017271202,0.0027215213,14.14988,1.0,1.0
3.72,0.8,0.79000056,0.032938384,-0.03607009,23.90607,1.0,1.0
3.72,1.0,0.9874805,0.087096214,-0.0541808,33.82173,1.0,1.0
3.72,1.2,1.1670079,0.06329122,-0.048787113,48.607086,1.0,1.0
3.72,1.4,1.3489008,0.037461396,-0.049435727,75.61876,1.0,1.0
3.72,1.6,1.5447448,0.04897514,-0.053770833,135.2457,1.0,1.0
3.72,1.8,1.8044862,0.029235976,-0.009235123,108.13634,1.0,1.0
3.72,2.0,2.1242635,0.0015268438,0.084769905,122.50746,1.0,1.0
3.72,2.2,2.2815537,0.039269723,-0.12986222,139.61658,1.0,1.0
3.72,2.4,2.5446992,-0.0007751845,0.25065762,150.64204,1.0,0.1875
3.72,2.6,2.5306144,-0.00067298487,0.05406278,305.14496,1.0,1.0
3.72,2.8,2.7342355,0.050540872,-0.14840743,881.7451,1.0,0.9375
3.72,3.0,3.0299244,0.022814415,0.482785,193.78745,1.0,0.0
3.74,0.0,0.038811125,0.030874213,0.010948582,8.443754,1.0,1.0
3.74,0.2,0.21757472,0.02641755,0.034688182,12.399797,1.0,1.0
3.74,0.4,0.40047953,-0.018199261,-0.05226047,12.156103,1.0,1.0
3.74,0.6,0.57783914,0.025586471,-0.010869631,18.901276,1.0,1.0
3.74,0.8,0.82324547,0.028870218,-0.07251123,26.509935,1.0,1.0
3.74,1.0,0.9650569,0.077790655,-0.10271667,36.948757,1.0,1.0
3.74,1.2,1.1941824,0.067074604,-0.016126372,65.22497,1.0,1.0
3.74,1.4,1.396817,0.04084664,-0.09118181,70.58806,1.0,1.0
3.74,1.6,1.508308,0.036743604,-0.13514477,95.28162,1.0,1.0
3.74,1.8,1.8546327,0.021371404,0.09841261,113.377884,1.0,1.0
3.74,2.0,2.139692,-0.0010219468,0.124030575,203.84396,1.0,1.0
3.74,2.2,2.2995477,0.03872636,-0.18429089,216.43036,1.0,0.5625
3.74,2.4,2.4995875,0.021007013,0.18369289,323.4275,1.0,0.625
3.74,2.6,2.5739403,0.013382196,-0.013308033,204.11504,1.0,1.0
3.74,2.8,2.7196827,0.0571547,0.15710655,452.30304,1.0,0.9375
3.74,3.0,2.9616132,0.04177592,0.3847796,517.7023,1.0,0.0
3.7600000000000002,0.0,0.036034107,0.025324244,0.007398377,7.7384863,1.0,1.0
3.7600000000000002,0.2,0.20908397,0.023779776,0.0132942805,11.861107,1.0,1.0
3.7600000000000002,0.4,0.41788828,-0.026069343,-0.07605118,13.275255,1.0,1.0
3.7600000000000002,0.6,0.59019244,0.03566195,-0.02315244,25.197065,1.0,1.0
3.7600000000000002,0.8,0.8639568,0.028966408,-0.12120421,33.41095,1.0,1.0
3.7600000000000002,1.0,0.9588927,0.0713564,-0.099762864,28.88433,1.0,1.0
3.7600000000000002,1.2,1.2377794,0.06998416,0.043074384,64.74948,1.0,1.0
3.7600000000000002,1.4,1.4595901,0.04002635,-0.14295664,88.467514,1.0,1.0
3.7600000000000002,1.6,1.4972236,0.031621203,-0.14286219,55.780674,1.0,1.0
3.7600000000000002,1.8,1.868959,0.022697551,0.07603895,154.41898,1.0,1.0
3.7600000000000002,2.0,2.0749528,0.02933034,0.041380614,331.53748,1.0,1.0
3.7600000000000002,2.2,2.2466671,0.018032342,-0.08939368,506.24908,1.0,1.0
3.7600000000000002,2.4,2.4207144,0.034768477,0.05406785,566.21985,1.0,1.0
3.7600000000000002,2.6,2.6284447,0.03559393,-0.07942669,215.85358,1.0,1.0
3.7600000000000002,2.8,2.7651207,0.03670887,0.25522298,299.01715,1.0,0.0625
3.7600000000000002,3.0,2.889142,0.058933683,0.121745154,927.6565,1.0,0.875
3.7800000000000002,0.0,0.030508747,0.021527078,-0.0067586214,9.851668,1.0,1.0
3.7800000000000002,0.2,0.20084849,0.021063747,-0.015205465,13.161627,1.0,1.0
3.7800000000000002,0.4,0.4418879,-0.029874839,-0.1167386,13.220653,1.0,1.0
3.7800000000000002,0.6,0.6144943,0.044891328,-0.008559128,25.090448,1.0,1.0
3.7800000000000002,0.8,0.8443501,0.032768812,-0.13049307,31.705158,1.0,1.0
3.7800000000000002,1.0,0.9609405,0.06749907,-0.06168449,27.33152,1.0,1.0
3.7800000000000002,1.2,1.2829348,0.072730824,0.10394863,83.79241,1.0,1.0
3.7800000000000002,1.4,1.446733,0.044434234,-0.0535205,126.49128,1.0,1.0
3.7800000000000002,1.6,1.5076282,0.035258688,-0.092346415,74.69933,1.0,1.0
3.7800000000000002,1.8,1.8019023,0.042557076,0.048630618,223.67905,1.0,1.0
3.7800000000000002,2.0,2.003688,0.013202013,0.014821628,311.5284,1.0,1.0
3.7800000000000002,2.2,2.185045,0.024001557,0.017973034,449.53735,1.0,1.0
3.7800000000000002,2.4,2.3622842,0.0058922824,0.01147862,362.04602,1.0,1.0
3.7800000000000002,2.6,2.660048,0.054614827,-0.10276395,208.93921,1.0,1.0
3.7800000000000002,2.8,2.8162522,0.023277208,0.1412788,273.1295,1.0,1.0
3.7800000000000002,3.0,2.8323135,0.019844674,0.042766917,524.756,1.0,1.0
3.8000000000000003,0.0,0.025465539,0.018855797,-0.024127843,12.640871,1.0,1.0
3.8000000000000003,0.2,0.195133,0.011705406,-0.052851163,8.413285,1.0,1.0
3.8000000000000003,0.4,0.4436015,-0.022558276,-0.16797711,17.211483,1.0,1.0
3.8000000000000003,0.6,0.6464036,0.051607292,0.047039416,16.123007,1.0,1.0
3.8000000000000003,0.8,0.8212186,0.034218565,-0.048518784,12.211018,1.0,1.0
3.8000000000000003,1.0,0.97452056,0.065697536,-0.03204358,31.891727,1.0,1.0
3.8000000000000003,1.2,1.2381747,0.07643986,0.05042559,78.36515,1.0,1.0
3.8000000000000003,1.4,1.3925457,0.036825843,0.03786534,115.35598,1.0,1.0
3.8000000000000003,1.6,1.5373687,0.043776095,-0.06312913,92.10495,1.0,1.0
3.8000000000000003,1.8,1.7397788,0.03104917,-0.033199295,205.69812,1.0,1.0
3.8000000000000003,2.0,1.968076,-0.0031638606,-0.041013427,138.84775,1.0,1.0
3.8000000000000003,2.2,2.1750758,0.022045724,0.10517818,244.82353,1.0,1.0
3.8000000000000003,2.4,2.3640592,0.0005471911,-0.05265799,245.98878,1.0,1.0
3.8000000000000003,2.6,2.6941738,0.058074918,-0.25452226,119.537674,1.0,0.0
3.8000000000000003,2.8,2.8480375,0.021604754,0.12902293,198.84355,1.0,0.9375
3.8000000000000003,3.0,2.8561504,0.0072980896,0.027420182,280.94144,1.0,1.0
3.8200000000000003,0.0,0.021391239,0.014132129,-0.048197646,6.68379,1.0,1.0
3.8200000000000003,0.2,0.19243048,0.0020498123,-0.05395972,5.774803,1.0,1.0
3.8200000000000003,0.4,0.42903256,-0.012785716,-0.11723237,21.219162,1.0,1.0
3.8200000000000003,0.6,0.6340696,0.049502656,0.018232528,24.208504,1.0,1.0
3.8200000000000003,0.8,0.8021164,0.037160054,-0.019110134,14.273336,1.0,1.0
3.8200000000000003,1.0,1.0012636,0.06557767,-0.03399808,38.492523,1.0,1.0
3.8200000000000003,1.2,1.1852818,0.0711801,-0.03772206,60.27157,1.0,1.0
3.8200000000000003,1.4,1.3503172,0.041714493,0.045489304,106.695175,1.0,1.0
3.8200000000000003,1.6,1.5788581,0.05125729,-0.08205544,89.60455,1.0,1.0
3.8200000000000003,1.8,1.7059015,0.018327594,-0.11539076,106.83984,1.0,1.0
3.8200000000000003,2.0,1.9774075,0.00081084017,-0.10903217,131.22516,1.0,1.0
3.8200000000000003,2.2,2.2143636,0.013938719,0.07122104,211.76892,1.0,1.0
3.8200000000000003,2.4,2.4036365,0.021136109,-0.114524946,186.36546,1.0,1.0
3.8200000000000003,2.6,2.6612601,0.052849233,-0.27803442,468.37903,1.0,0.0
3.8200000000000003,2.8,2.8653495,0.0058757663,0.3341455,132.393,1.0,0.0
3.8200000000000003,3.0,2.904924,0.033135973,-0.013417365,239.13895,1.0,1.0
3.84,0.0,0.019585561,0.008190585,-0.06250793,3.9678988,1.0,1.0
3.84,0.2,0.19228807,-0.0050442307,-0.05029217,8.275038,1.0,1.0
3.84,0.4,0.41591725,-0.010637451,-0.03352581,14.991412,1.0,1.0
3.84,0.6,0.60379744,0.04167682,-0.051729593,11.655951,1.0,1.0
3.84,0.8,0.7833941,0.040061124,-0.014271468,20.678257,1.0,1.0
3.84,1.0,1.0436794,0.06528871,-0.077269986,39.626255,1.0,1.0
3.84,1.2,1.1467509,0.062166736,-0.10024012,56.271324,1.0,1.0
3.84,1.4,1.328304,0.04293706,0.020351255,72.000885,1.0,1.0
3.84,1.6,1.6364336,0.05343798,-0.14453731,83.02824,1.0,1.0
3.84,1.8,1.7016352,0.014480049,-0.1318005,84.339676,1.0,1.0
3.84,2.0,2.007807,0.014232636,-0.09814425,133.75293,1.0,1.0
3.84,2.2,2.2583666,0.010399871,-0.0031653498,185.04034,1.0,1.0
3.84,2.4,2.441138,0.044871368,-0.12154291,194.42139,1.0,1.0
3.84,2.6,2.573687,0.04885091,-0.14261875,788.967,1.0,1.0
3.84,2.8,2.815349,0.009267405,0.4021428,422.73703,1.0,0.0
3.84,3.0,2.955612,0.062872045,-0.103363544,255.83801,1.0,1.0
3.86,0.0,0.019369777,0.0037342377,-0.067876816,6.2377048,1.0,1.0
3.86,0.2,0.19597977,-0.011508904,-0.052127592,9.772997,1.0,1.0
3.86,0.4,0.4057197,-0.010180391,0.022012582,12.295727,1.0,1.0
3.86,0.6,0.5802117,0.03224903,-0.10434421,10.454102,1.0,1.0
3.86,0.8,0.771476,0.04285059,-0.0050123483,22.518238,1.0,1.0
3.86,1.0,1.0875847,0.06915492,-0.14239638,55.506943,1.0,1.0
3.86,1.2,1.1280916,0.05790049,-0.11841777,36.343666,1.0,1.0
3.86,1.4,1.3259056,0.043126255,-0.021234721,47.17665,1.0,1.0
3.86,1.6,1.6557553,0.058076717,-0.06877728,95.618866,1.0,1.0
3.86,1.8,1.7239611,0.024481408,-0.07678035,102.096634,1.0,1.0
3.86,2.0,2.0454385,0.032930598,-0.06010393,140.1164,1.0,1.0
3.86,2.2,2.2926016,0.0060298694,0.021556307,151.40616,1.0,1.0
3.86,2.4,2.4676497,0.06189539,-0.13305491,176.3534,1.0,1.0
3.86,2.6,2.557346,0.05690204,0.11866097,410.08466,1.0,1.0
3.86,2.8,2.7562125,0.042195648,0.15676582,786.6022,1.0,0.75
3.86,3.0,2.9836211,0.08246215,-0.17332503,188.73798,1.0,0.875
3.88,0.0,0.021415964,-0.0013040472,-0.07068511,7.612737,1.0,1.0
3.88,0.2,0.20308216,-0.01971823,-0.06425671,10.812101,1.0,1.0
3.88,0.4,0.3959495,-0.008008255,0.01731227,11.912297,1.0,1.0
3.88,0.6,0.5652674,0.024693789,-0.10384058,17.846441,1.0,1.0
3.88,0.8,0.768946,0.04769846,-7.786421e-05,18.887272,1.0,1.0
3.88,1.0,1.0567458,0.06713869,-0.06812874,49.103333,1.0,1.0
3.88,1.2,1.1252253,0.054590788,-0.08918948,34.33748,1.0,1.0
3.88,1.4,1.3401787,0.048649482,-0.02854456,65.5862,1.0,1.0
3.88,1.6,1.6020803,0.04046136,0.015681712,167.41153,1.0,1.0
3.88,1.8,1.7616185,0.037626863,-0.05445295,114.668205,1.0,1.0
3.88,2.0,2.0873556,0.038174868,-0.12366365,120.645485,1.0,1.0
3.88,2.2,2.3310626,-0.007827191,0.16124438,145.10074,1.0,0.75
3.88,2.4,2.4949331,0.062432673,-0.24672292,187.0799,1.0,0.125
3.88,2.6,2.6020913,0.0421337,0.18724488,294.68332,1.0,0.5625
3.88,2.8,2.6854596,0.009912834,0.10317479,646.2853,1.0,0.8125
3.88,3.0,2.9736462,0.089574784,-0.28810006,408.9729,1.0,0.0625
3.9,0.0,0.025728356,-0.006332662,-0.08083412,8.445459,1.0,1.0
3.9,0.2,0.21397083,-0.029101042,-0.084990226,11.118222,1.0,1.0
3.9,0.4,0.3882329,-0.005553913,0.0015409391,11.621547,1.0,1.0
3.9,0.6,0.56076324,0.020384505,-0.08789277,21.39523,1.0,1.0
3.9,0.8,0.7766488,0.0545022,-0.0058324076,30.489769,1.0,1.0
3.9,1.0,1.0203083,0.06408743,0.0046912786,42.38485,1.0,1.0
3.9,1.2,1.1350482,0.05398275,-0.052024536,43.43995,1.0,1.0
3.9,1.4,1.3705941,0.050822847,0.003906328,78.64459,1.0,1.0
3.9,1.6,1.5543844,0.04359171,0.04798981,159.98392,1.0,1.0
3.9,1.8,1.8071015,0.044585988,-0.10254857,104.59258,1.0,1.0
3.9,2.0,2.112696,0.042391013,-0.15650393,172.33191,1.0,1.0
3.9,2.2,2.3153508,0.00062826904,0.17404771,270.34958,1.0,0.5
3.9,2.4,2.4527555,0.047797948,-0.18720397,552.4584,1.0,0.5625
3.9,2.6,2.6495395,0.03619567,0.05393728,257.28168,1.0,1.0
3.9,2.8,2.6937914,-0.014308803,0.05599622,310.75787,1.0,0.9375
3.9,3.0,2.905835,0.07467616,-0.31623384,1188.3867,1.0,0.0625
3.92,0.0,0.031693004,-0.011843311,-0.10096065,9.067069,1.0,1.0
3.92,0.2,0.22837429,-0.035671175,-0.10314568,11.581356,1.0,1.0
3.92,0.4,0.38400108,-0.0010492979,-0.0071547693,9.437282,1.0,1.0
3.92,0.6,0.56245697,0.015704148,-0.067236096,18.173828,1.0,1.0
3.92,0.8,0.7983665,0.06271009,-0.008666361,40.464027,1.0,1.0
3.92,1.0,0.9889213,0.067464545,0.020308852,39.139072,1.0,1.0
3.92,1.2,1.1625893,0.05692131,-0.033812307,54.332203,1.0,1.0
3.92,1.4,1.4169998,0.04935088,0.06503618,80.535774,1.0,1.0
3.92,1.6,1.5313846,0.04764069,0.03816314,104.998314,1.0,1.0
3.92,1.8,1.8647027,0.045498133,-0.17011406,127.311615,1.0,1.0
3.92,2.0,2.0591092,0.019196616,-0.03139702,386.46722,1.0,1.0
3.92,2.2,2.244975,0.023571016,0.0677665,446.30515,1.0,1.0
3.92,2.4,2.3859215,0.05700042,-0.059584945,615.6846,1.0,1.0
3.92,2.6,2.6779852,0.03877907,0.03256525,193.64755,1.0,1.0
3.92,2.8,2.7408755,0.0020433143,0.0068421755,207.41597,1.0,1.0
3.92,3.0,2.83083,0.100534916,-0.15529323,865.7721,1.0,0.6875
3.94,0.0,0.038139015,-0.016616873,-0.120927,9.027158,1.0,1.0
3.94,0.2,0.2282967,-0.029695086,-0.13456902,8.103893,1.0,1.0
3.94,0.4,0.3845906,0.0071264273,-0.016444668,10.845717,1.0,1.0
3.94,0.6,0.570608,0.007989769,-0.04899247,19.26345,1.0,1.0
3.94,0.8,0.8329828,0.07003365,0.020208769,37.03327,1.0,1.0
3.94,1.0,0.9685457,0.067792624,0.016784955,39.899166,1.0,1.0
3.94,1.2,1.2035391,0.060149975,-0.06665218,54.359707,1.0,1.0
3.94,1.4,1.4640479,0.048449397,0.12809752,122.34685,1.0,1.0
3.94,1.6,1.5347905,0.048347726,-0.0077772983,68.598724,1.0,1.0
3.94,1.8,1.8402426,0.033823647,-0.050624706,219.352,1.0,1.0
3.94,2.0,1.9957117,0.023513816,0.05859042,361.47723,1.0,1.0
3.94,2.2,2.1783633,0.0010070715,0.03274216,367.54712,1.0,1.0
3.94,2.4,2.3742797,0.058689103,0.12320739,332.2415,1.0,1.0
3.94,2.6,2.6955032,0.029120933,0.2119753,123.41324,1.0,0.25
3.94,2.8,2.7970462,0.028680086,-0.07392201,240.84883,1.0,1.0
3.94,3.0,2.8632145,0.10290515,0.18895228,352.5753,1.0,0.5625
3.96,0.0,0.039148584,-0.01214522,-0.12600106,2.9619188,1.0,1.0
3.96,0.2,0.22540405,-0.016634248,-0.14431873,18.261486,1.0,1.0
3.96,0.4,0.39277977,0.016647242,-0.021144051,13.046775,1.0,1.0
3.96,0.6,0.58693904,-3.525056e-06,-0.04627957,17.527534,1.0,1.0
3.96,0.8,0.8712373,0.07557596,0.069351375,38.331406,1.0,1.0
3.96,1.0,0.96096545,0.07055316,0.006341264,25.322876,1.0,1.0
3.96,1.2,1.2593955,0.062039785,-0.14045459,53.86608,1.0,1.0
3.96,1.4,1.4290712,0.054440133,0.045141295,115.14003,1.0,1.0
3.96,1.6,1.5582166,0.04918521,-0.035555366,85.19794,1.0,1.0
3.96,1.8,1.7767159,0.025120826,0.028385693,245.13303,1.0,1.0
3.96,2.0,1.9761515,0.021607859,0.10559538,183.23297,1.0,1.0
3.96,2.2,2.1590383,-0.0133021185,-0.028780982,205.38329,1.0,1.0
3.96,2.4,2.4177914,0.045255374,0.13990247,264.33844,1.0,1.0
3.96,2.6,2.6657817,0.02616594,0.3643823,407.92926,1.0,0.0
3.96,2.8,2.8304534,0.049416944,-0.11697486,216.43198,1.0,1.0
3.96,3.0,2.922485,0.08463337,0.21959463,319.05573,1.0,0.25
3.98,0.0,0.038096298,-7.72918e-05,-0.13691951,12.463439,1.0,1.0
3.98,0.2,0.21566364,-0.009517704,-0.08795533,16.670597,1.0,1.0
3.98,0.4,0.41087586,0.025161438,-0.0041827434,15.214406,1.0,1.0
3.98,0.6,0.6134857,-0.005457082,-0.07408655,16.53239,1.0,1.0
3.98,0.8,0.84356594,0.07228821,0.037662815,30.595875,1.0,1.0
3.98,1.0,0.9653736,0.07580558,0.0013310217,30.807192,1.0,1.0
3.98,1.2,1.2578844,0.06643896,-0.04922473,81.81592,1.0,1.0
3.98,1.4,1.3712673,0.052938413,-0.06055338,92.37985,1.0,1.0
3.98,1.6,1.5917947,0.05174526,-0.010808764,91.55602,1.0,1.0
3.98,1.8,1.7397451,0.026417345,0.046405606,163.00136,1.0,1.0
3.98,2.0,2.005032,0.016666913,0.062985525,159.72037,1.0,1.0
3.98,2.2,2.1853561,-0.0028875577,-0.09697664,162.58676,1.0,1.0
3.98,2.4,2.4680667,0.04216238,0.04527513,226.82379,1.0,1.0
3.98,2.6,2.6029782,0.057876635,0.15774962,688.41473,1.0,1.0
3.98,2.8,2.8596137,0.052318625,-0.26115727,190.62836,1.0,0.125
3.98,3.0,2.9774861,0.08041312,0.15815479,278.73215,1.0,0.875
4.0,0.0,0.03552854,0.011107412,-0.12449306,12.741053,1.0,1.0
4.0,0.2,0.20905524,-0.0045286035,-0.011281619,10.165724,1.0,1.0
4.0,0.4,0.4330295,0.030507203,0.03259763,16.00126,1.0,1.0
4.0,0.6,0.6424147,-0.0075228726,-0.14288172,18.845596,1.0,1.0
4.0,0.8,0.80749196,0.06398669,-0.03494295,18.835804,1.0,1.0
4.0,1.0,0.9837905,0.0811968,0.0048490777,46.757103,1.0,1.0
4.0,1.2,1.2137027,0.059057117,0.0262549,76.380264,1.0,1.0
4.0,1.4,1.3267181,0.042074595,-0.11821334,89.08918,1.0,1.0
4.0,1.6,1.6395725,0.04724121,0.066581495,91.079834,1.0,1.0
4.0,1.8,1.7349906,0.026480256,0.012175158,101.383705,1.0,1.0
4.0,2.0,2.0457196,0.013288824,-0.010137919,152.0289,1.0,1.0
4.0,2.2,2.2227442,0.0147773735,-0.08860096,166.6383,1.0,1.0
4.0,2.4,2.4998426,0.040137216,0.048631694,176.83618,1.0,1.0
4.0,2.6,2.5304775,0.028532889,0.12476434,597.5806,1.0,1.0
4.0,2.8,2.8166857,0.044444725,-0.29254496,687.71747,1.0,0.0625
4.0,3.0,3.0062957,0.073682636,0.27093795,160.53024,1.0,0.0625
4.0200000000000005,0.0,0.031421326,0.016492285,-0.09200047,10.978867,1.0,1.0
4.0200000000000005,0.2,0.20328434,-0.002131064,0.020301972,7.572828,1.0,1.0
4.0200000000000005,0.4,0.42310297,0.027179804,0.014169645,12.725933,1.0,1.0
4.0200000000000005,0.6,0.6345248,-0.00037273206,-0.1621967,23.585442,1.0,1.0
4.0200000000000005,0.8,0.7779829,0.055375196,-0.08550335,18.941053,1.0,1.0
4.0200000000000005,1.0,1.0178535,0.08644561,0.023893261,54.948696,1.0,1.0
4.0200000000000005,1.2,1.1773229,0.06211643,0.04854299,69.65241,1.0,1.0
4.0200000000000005,1.4,1.3051078,0.035412736,-0.12529495,48.04632,1.0,1.0
4.0200000000000005,1.6,1.6902958,0.041789528,0.15961476,147.61139,1.0,1.0
4.0200000000000005,1.8,1.7535571,0.02703928,-0.051343404,109.617195,1.0,1.0
4.0200000000000005,2.0,2.0840952,0.011183932,-0.014324684,132.01845,1.0,1.0
4.0200000000000005,2.2,2.2575274,0.032164335,-0.07272236,160.29602,1.0,1.0
4.0200000000000005,2.4,2.529541,0.028726077,0.19376901,135.16751,1.0,0.75
4.0200000000000005,2.6,2.5263152,0.0017145276,0.058831528,298.60083,1.0,1.0
4.0200000000000005,2.8,2.7219906,0.052570537,-0.17631346,879.7864,1.0,0.5625
4.0200000000000005,3.0,3.027135,0.05024769,0.5725615,300.94867,1.0,0.0
4.04,0.0,0.03099421,0.019783784,-0.05240863,5.384505,1.0,1.0
4.04,0.2,0.1973631,-0.00018028868,0.008948406,6.3056335,1.0,1.0
4.04,0.4,0.4069566,0.024347931,-0.024960384,13.445528,1.0,1.0
4.04,0.6,0.6177854,0.0032490287,-0.091249645,16.820303,1.0,1.0
4.04,0.8,0.76334,0.0493199,-0.09733087,27.505001,1.0,1.0
4.04,1.0,1.0637286,0.09168236,0.08767567,41.668087,1.0,1.0
4.04,1.2,1.1557372,0.06215468,0.037874326,65.257324,1.0,1.0
4.04,1.4,1.3013176,0.030375957,-0.08960638,45.471138,1.0,1.0
4.04,1.6,1.6388253,0.053564,0.103907675,165.71173,1.0,1.0
4.04,1.8,1.786137,0.027336724,-0.06518018,118.66643,1.0,1.0
4.04,2.0,2.1250527,0.0025181868,0.08479938,123.297806,1.0,1.0
4.04,2.2,2.29918,0.031329367,-0.1885538,131.79825,1.0,0.625
4.04,2.4,2.5121772,0.03079214,0.27425858,328.85516,1.0,0.125
4.04,2.6,2.5686846,0.016570263,-0.008644563,202.01814,1.0,1.0
4.04,2.8,2.7271132,0.06125254,0.14312059,408.44208,1.0,0.9375
4.04,3.0,2.9519494,0.083422914,0.32592154,658.949,1.0,0.0
4.0600000000000005,0.0,0.03077843,0.021964228,-0.034992337,2.8050933,1.0,1.0
4.0600000000000005,0.2,0.19390942,0.0032753674,0.00050000846,4.7877684,1.0,1.0
4.0600000000000005,0.4,0.39495045,0.016633272,-0.0766028,9.181858,1.0,1.0
4.0600000000000005,0.6,0.6071407,0.0039806133,-0.01621895,13.390042,1.0,1.0
4.0600000000000005,0.8,0.7594209,0.044728816,-0.07907649,22.956522,1.0,1.0
4.0600000000000005,1.0,1.0722427,0.09458287,0.051004488,61.740696,1.0,1.0
4.0600000000000005,1.2,1.149705,0.06268071,0.00905528,37.66365,1.0,1.0
4.0600000000000005,1.4,1.3153048,0.03129316,-0.054239467,62.229424,1.0,1.0
4.0600000000000005,1.6,1.5700736,0.05270219,-0.02603496,136.37772,1.0,1.0
4.0600000000000005,1.8,1.8253213,0.026944611,0.00039620476,106.54524,1.0,1.0
4.0600000000000005,2.0,2.1406443,3.430061e-06,0.12251079,202.22241,1.0,1.0
4.0600000000000005,2.2,2.2839456,0.026303057,-0.14499615,299.87582,1.0,1.0
4.0600000000000005,2.4,2.4470825,0.05807963,0.12180939,532.71155,1.0,1.0
4.0600000000000005,2.6,2.6222882,0.03921618,-0.07595213,216.03554,1.0,1.0
4.0600000000000005,2.8,2.779014,0.044621892,0.208152,295.2152,1.0,0.5
4.0600000000000005,3.0,2.858815,0.07741996,0.1911735,870.22217,1.0,0.6875
4.08,0.0,0.029950883,0.023276232,-0.025201889,3.1332555,1.0,1.0
4.08,0.2,0.19364373,0.00946912,0.0012452547,4.143192,1.0,1.0
4.08,0.4,0.38733596,0.007981103,-0.075294554,9.566059,1.0,1.0
4.08,0.6,0.5946425,0.006391906,0.0018100895,16.220955,1.0,1.0
4.08,0.8,0.76342154,0.03873848,-0.047201138,25.564297,1.0,1.0
4.08,1.0,1.0262258,0.095144525,0.012244342,41.505024,1.0,1.0
4.08,1.2,1.1574154,0.06756816,-0.003683577,42.180836,1.0,1.0
4.08,1.4,1.3474973,0.036561094,-0.049288392,75.74736,1.0,1.0
4.08,1.6,1.5201432,0.043515388,-0.12023732,111.37309,1.0,1.0
4.08,1.8,1.8804597,0.016148882,0.15409295,134.20934,1.0,1.0
4.08,2.0,2.0752966,0.030408978,0.042486176,330.5187,1.0,1.0
4.08,2.2,2.2127433,0.0133052785,-0.03813331,538.9105,1.0,1.0
4.08,2.4,2.375203,0.034502365,0.098452054,469.20474,1.0,1.0
4.08,2.6,2.6533003,0.058151625,-0.09781135,205.82755,1.0,1.0
4.08,2.8,2.8313615,0.03850545,0.10251254,278.11493,1.0,0.9375
4.08,3.0,2.825038,0.035592422,0.12674603,379.74924,1.0,0.875
4.1,0.0,0.030773811,0.025480647,-0.012997072,4.9534597,1.0,1.0
4.1,0.2,0.19733268,0.017213421,0.00039359397,5.621293,1.0,1.0
4.1,0.4,0.3839274,0.0024196669,-0.05920083,14.7305975,1.0,1.0
4.1,0.6,0.58280504,0.008405845,0.0035664835,18.674223,1.0,1.0
4.1,0.8,0.77712834,0.033861406,-0.032415092,25.853462,1.0,1.0
4.1,1.0,0.98768795,0.08739786,-0.054861985,34.08908,1.0,1.0
4.1,1.2,1.180011,0.07147929,0.002145017,58.19562,1.0,1.0
4.1,1.4,1.3954866,0.03997297,-0.09107115,70.5217,1.0,1.0
4.1,1.6,1.4952259,0.035134733,-0.14371578,47.94859,1.0,1.0
4.1,1.8,1.8645344,0.026883103,0.0818449,184.75314,1.0,1.0
4.1,2.0,2.0041404,0.014050878,0.015322913,310.5304,1.0,1.0
4.1,2.2,2.1680884,0.01768625,0.06492828,344.383,1.0,1.0
4.1,2.4,2.3605385,0.013054678,0.039604716,259.83292,1.0,1.0
4.1,2.6,2.686972,0.062272146,-0.24796498,115.02435,1.0,0.0
4.1,2.8,2.8615687,0.038053013,0.12594919,182.85385,1.0,0.9375
4.1,3.0,2.8519535,0.030083075,0.12669033,242.4889,1.0,0.875
4.12,0.0,0.032873683,0.028887853,-0.004197023,6.3735027,1.0,1.0
4.12,0.2,0.20676798,0.02538047,0.005523807,9.227898,1.0,1.0
4.12,0.4,0.38579392,-0.0026888154,-0.05089038,13.770931,1.0,1.0
4.12,0.6,0.5758344,0.010602302,-1.9825093e-05,15.228422,1.0,1.0
4.12,0.8,0.80470574,0.029098619,-0.040347405,27.258522,1.0,1.0
4.12,1.0,0.9652105,0.07827717,-0.10273195,36.92476,1.0,1.0
4.12,1.2,1.218586,0.07325064,0.03413333,67.601616,1.0,1.0
4.12,1.4,1.458164,0.039042167,-0.14018816,88.203804,1.0,1.0
4.12,1.6,1.496192,0.03581337,-0.08639349,66.28311,1.0,1.0
4.12,1.8,1.7911004,0.04185716,0.03489685,224.56923,1.0,1.0
4.12,2.0,1.9684265,-0.0023775604,-0.040636912,138.07593,1.0,1.0
4.12,2.2,2.1780782,0.012059925,0.09379369,237.3806,1.0,1.0
4.12,2.4,2.393582,0.024322052,-0.038272634,190.67001,1.0,1.0
4.12,2.6,2.6590242,0.059694894,-0.26363474,488.56924,1.0,0.0
4.12,2.8,2.8824062,0.02222044,0.3541162,141.64648,1.0,0.0
4.12,3.0,2.900381,0.055806793,0.05243907,249.38373,1.0,1.0
4.14,0.0,0.03662543,0.033117197,0.002205819,8.064875,1.0,1.0
4.14,0.2,0.21701044,0.030933414,0.018046262,10.574617,1.0,1.0
4.14,0.4,0.3924389,-0.010413817,-0.050403684,13.174406,1.0,1.0
4.14,0.6,0.5753578,0.017196117,-0.012726229,15.143095,1.0,1.0
4.14,0.8,0.8413921,0.026108101,-0.0978506,27.59434,1.0,1.0
4.14,1.0,0.9590068,0.071956456,-0.09952201,28.764198,1.0,1.0
4.14,1.2,1.2692986,0.0773084,0.10624689,59.792526,1.0,1.0
4.14,1.4,1.4448118,0.04376354,-0.0551231,125.581924,1.0,1.0
4.14,1.6,1.5185485,0.041844524,-0.04475889,88.42964,1.0,1.0
4.14,1.8,1.7334362,0.028923403,-0.041802436,190.42291,1.0,1.0
4.14,2.0,1.9777062,0.0015697945,-0.10882914,130.77148,1.0,1.0
4.14,2.2,2.2182932,0.008021609,0.008401361,204.91577,1.0,1.0
4.14,2.4,2.43884,0.044875823,-0.06748986,193.21237,1.0,1.0
4.14,2.6,2.5744421,0.05346045,-0.13261306,774.1265,1.0,1.0
4.14,2.8,2.827349,0.035163604,0.3360956,428.06882,1.0,0.0
4.14,3.0,2.9400933,0.079336844,-0.060067542,254.78418,1.0,1.0
4.16,0.0,0.03966628,0.03479351,-0.0005671643,9.109486,1.0,1.0
4.16,0.2,0.21704149,0.026414096,0.03678655,12.06205,1.0,1.0
4.16,0.4,0.40511093,-0.019508883,-0.055709094,13.24067,1.0,1.0
4.16,0.6,0.58401966,0.026832078,-0.024558257,22.677658,1.0,1.0
4.16,0.8,0.8635038,0.028323181,-0.13345672,42.669647,1.0,1.0
4.16,1.0,0.9610266,0.068226434,-0.0613555,27.210625,1.0,1.0
4.16,1.2,1.2703502,0.07970549,0.041094527,82.87654,1.0,1.0
4.16,1.4,1.3909063,0.03643449,0.037275877,115.376274,1.0,1.0
4.16,1.6,1.5550752,0.050394982,-0.058175437,92.57936,1.0,1.0
4.16,1.8,1.7060075,0.01630987,-0.10924639,91.55531,1.0,1.0
4.16,2.0,2.0080562,0.01503801,-0.09796296,133.95328,1.0,1.0
4.16,2.2,2.2532554,0.005901126,-0.030951481,177.38742,1.0,1.0
4.16,2.4,2.4685483,0.0628074,-0.07469681,178.91716,1.0,1.0
4.16,2.6,2.5554223,0.060118377,0.12763932,398.98163,1.0,1.0
4.16,2.8,2.764541,0.05982513,0.089516476,814.3264,1.0,0.9375
4.16,3.0,2.9638982,0.09182666,-0.18704647,162.46078,1.0,0.6875
4.18,0.0,0.038836703,0.03081873,0.011014106,8.420818,1.0,1.0
4.18,0.2,0.20875481,0.024104152,0.014846429,11.853039,1.0,1.0
4.18,0.4,0.42454365,-0.026582751,-0.085318506,14.566409,1.0,1.0
4.18,0.6,0.60346544,0.036680974,-0.017045528,25.39464,1.0,1.0
4.18,0.8,0.83763945,0.03168326,-0.10015131,20.670973,1.0,1.0
4.18,1.0,0.9745835,0.0665859,-0.031657957,32.049183,1.0,1.0
4.18,1.2,1.2187531,0.08154997,-0.022744581,63.07737,1.0,1.0
4.18,1.4,1.3486359,0.04138834,0.04487912,105.75189,1.0,1.0
4.18,1.6,1.6072967,0.05302304,-0.110268995,82.95614,1.0,1.0
4.18,1.8,1.708785,0.015928498,-0.10562846,88.961975,1.0,1.0
4.18,2.0,2.04572,0.033814225,-0.05916778,140.17056,1.0,1.0
4.18,2.2,2.2825234,0.0005330383,0.0447144,147.14914,1.0,1.0
4.18,2.4,2.5025835,0.06671005,-0.19060045,131.71204,1.0,0.6875
4.18,2.6,2.5998216,0.044244114,0.2039889,289.8391,1.0,0.4375
4.18,2.8,2.6998725,0.029328763,0.038574822,533.5563,1.0,1.0
4.18,3.0,2.9347987,0.097984344,-0.2980176,520.0437,1.0,0.0
4.2,0.0,0.036092963,0.025288148,0.007576696,7.704693,1.0,1.0
4.2,0.2,0.2007106,0.021510804,-0.014363764,13.12023,1.0,1.0
4.2,0.4,0.44173467,-0.027492225,-0.1318553,11.367377,1.0,1.0
4.2,0.6,0.6341676,0.04402411,0.031804644,18.34217,1.0,1.0
4.2,0.8,0.81636184,0.031361602,-0.02596211,11.647902,1.0,1.0
4.2,1.0,1.001251,0.06662612,-0.033404093,38.55171,1.0,1.0
4.2,1.2,1.1745005,0.073851034,-0.09087713,56.95854,1.0,1.0
4.2,1.4,1.3265712,0.042537957,0.0192618,71.22757,1.0,1.0
4.2,1.6,1.6528478,0.059083946,-0.115438804,108.90466,1.0,1.0
4.2,1.8,1.7354639,0.026321614,-0.054332837,107.18948,1.0,1.0
4.2,2.0,2.0876803,0.03908587,-0.12217492,120.23399,1.0,1.0
4.2,2.2,2.3190203,-0.015930688,0.22385107,189.70502,1.0,0.0625
4.2,2.4,2.4821658,0.058007665,-0.18475881,392.79156,1.0,0.75
4.2,2.6,2.6484003,0.03671966,0.072589636,249.86469,1.0,1.0
4.2,2.8,2.7150624,0.014044881,0.0044737915,298.08008,1.0,1.0
4.2,3.0,2.8594618,0.08485474,-0.26488882,1051.7852,1.0,0.125
4.22,0.0,0.030594928,0.021498386,-0.0065906253,9.803843,1.0,1.0
4.22,0.2,0.19509858,0.012164358,-0.052818503,8.445225,1.0,1.0
4.22,0.4,0.43985468,-0.016966369,-0.17339149,21.42963,1.0,1.0
4.22,0.6,0.63832164,0.045307703,0.031413555,25.620064,1.0,1.0
4.22,0.8,0.7958727,0.034596637,-0.0029691146,16.419651,1.0,1.0
4.22,1.0,1.0435532,0.06649871,-0.0768127,39.623543,1.0,1.0
4.22,1.2,1.1507643,0.06541444,-0.12753613,51.55829,1.0,1.0
4.22,1.4,1.3241467,0.04263629,-0.022051955,46.843224,1.0,1.0
4.22,1.6,1.6175275,0.04476137,-0.019271411,174.94263,1.0,1.0
4.22,1.8,1.7748417,0.03872194,-0.04905085,113.92999,1.0,1.0
4.22,2.0,2.1121244,0.043395873,-0.15326853,172.76889,1.0,1.0
4.22,2.2,2.2766294,0.010764057,0.110084265,270.01028,1.0,1.0
4.22,2.4,2.412461,0.049734935,-0.060546566,652.1665,1.0,0.9375
4.22,2.6,2.6783104,0.038294878,0.047015388,189.0146,1.0,1.0
4.22,2.8,2.7624984,0.037055746,-0.04016545,215.26479,1.0,1.0
4.22,3.0,2.8243203,0.103824936,-0.011510834,644.54456,1.0,1.0
4.24,0.0,0.02556542,0.018831514,-0.024002826,12.623345,1.0,1.0
4.24,0.2,0.19247943,0.0025043685,-0.05426292,5.7111526,1.0,1.0
4.24,0.4,0.4248568,-0.010772623,-0.107151836,22.30189,1.0,1.0
4.24,0.6,0.6119491,0.04101812,-0.020933382,10.806448,1.0,1.0
4.24,0.8,0.7785051,0.036533773,0.0049301856,24.009014,1.0,1.0
4.24,1.0,1.0871632,0.070597425,-0.14178222,54.731476,1.0,1.0
4.24,1.2,1.1443486,0.05960753,-0.10692609,30.472763,1.0,1.0
4.24,1.4,1.3384422,0.04810765,-0.028960926,65.79864,1.0,1.0
4.24,1.6,1.5611036,0.044269644,0.035985127,165.80502,1.0,1.0
4.24,1.8,1.8239663,0.042094663,-0.11579205,106.87449,1.0,1.0
4.24,2.0,2.0589623,0.020024534,-0.028872013,381.99896,1.0,1.0
4.24,2.2,2.2020717,0.01628688,0.039320193,458.3587,1.0,1.0
4.24,2.4,2.3765428,0.05293504,0.11079085,379.92224,1.0,1.0
4.24,2.6,2.6965113,0.027494304,0.22491275,125.04268,1.0,0.125
4.24,2.8,2.812299,0.06371891,-0.109244846,238.81381,1.0,1.0
4.24,3.0,2.8742018,0.09139786,0.23227137,312.25415,1.0,0.125
4.26,0.0,0.021494312,0.0141261965,-0.048088457,6.6666255,1.0,1.0
4.26,0.2,0.1923117,-0.004592886,-0.050551653,8.231271,1.0,1.0
4.26,0.4,0.4141953,-0.008194173,-0.014195016,13.792637,1.0,1.0
4.26,0.6,0.5888677,0.032942552,-0.083173074,8.236233,1.0,1.0
4.26,0.8,0.7699623,0.039487682,0.009334864,20.666397,1.0,1.0
4.26,1.0,1.0563598,0.06838176,-0.06649925,50.28289,1.0,1.0
4.26,1.2,1.1501861,0.058378965,-0.06422518,40.23537,1.0,1.0
4.26,1.4,1.3689138,0.050219297,0.0036219214,78.49075,1.0,1.0
4.26,1.6,1.5286072,0.046276703,0.042911697,123.484886,1.0,1.0
4.26,1.8,1.8685982,0.0460716,-0.12407912,134.772,1.0,1.0
4.26,2.0,1.9956558,0.024190005,0.06122911,360.55307,1.0,1.0
4.26,2.2,2.1536238,-0.008335995,-0.012460625,280.82928,1.0,1.0
4.26,2.4,2.406424,0.038384043,0.16984978,274.93118,1.0,0.6875
4.26,2.6,2.6632226,0.026063472,0.37186968,398.8493,1.0,0.0
4.26,2.8,2.8387423,0.083165325,-0.15039293,203.90688,1.0,0.875
4.26,3.0,2.9333587,0.074195236,0.1840505,315.75934,1.0,0.875
4.28,0.0,0.019667588,0.00819277,-0.062324844,3.9763112,1.0,1.0
4.28,0.2,0.19593792,-0.011099629,-0.05231855,9.754998,1.0,1.0
4.28,0.4,0.40416354,-0.0059784604,0.0133767035,12.000534,1.0,1.0
4.28,0.6,0.57261163,0.02494166,-0.09412737,15.158182,1.0,1.0
4.28,0.8,0.77087533,0.045330428,0.0022317139,22.064379,1.0,1.0
4.28,1.0,1.0197752,0.06506457,0.0066655437,42.59994,1.0,1.0
4.28,1.2,1.1702113,0.059703846,-0.039698854,49.041664,1.0,1.0
4.28,1.4,1.415435,0.048708215,0.06519887,80.09271,1.0,1.0
4.28,1.6,1.521688,0.046159998,0.004942073,68.09439,1.0,1.0
4.28,1.8,1.8253233,0.026317729,-0.024632234,242.25475,1.0,1.0
4.28,2.0,1.9759479,0.022253636,0.10773054,182.02426,1.0,1.0
4.28,2.2,2.1516795,-0.01027232,-0.08250506,196.54578,1.0,1.0
4.28,2.4,2.4534087,0.02957587,0.059589237,223.41882,1.0,1.0
4.28,2.6,2.6014836,0.05896962,0.16139266,694.6219,1.0,1.0
4.28,2.8,2.8538594,0.08750532,-0.28539902,287.60843,1.0,0.0
4.28,3.0,2.9782295,0.07164257,0.15744954,237.84845,1.0,0.9375
4.3,0.0,0.019432759,0.0037430576,-0.06764691,6.2330675,1.0,1.0
4.3,0.2,0.20298848,-0.019358825,-0.06455899,10.814554,1.0,1.0
4.3,0.4,0.39429012,-0.003996215,9.7197655e-05,11.882749,1.0,1.0
4.3,0.6,0.5660789,0.020241104,-0.08619073,21.893032,1.0,1.0
4.3,0.8,0.78369933,0.052093886,-0.009097399,34.57739,1.0,1.0
4.3,1.0,0.98841393,0.06828652,0.021915186,39.36155,1.0,1.0
4.3,1.2,1.2066905,0.06262894,-0.051526893,54.799747,1.0,1.0
4.3,1.4,1.4623241,0.047894176,0.12712985,121.27789,1.0,1.0
4.3,1.6,1.5381188,0.04704328,-0.048149418,81.02444,1.0,1.0
4.3,1.8,1.7639873,0.024727019,0.037526358,246.48267,1.0,1.0
4.3,2.0,2.0047717,0.01726479,0.06470062,159.33383,1.0,1.0
4.3,2.2,2.1855247,0.0054931836,-0.12144984,168.47305,1.0,1.0
4.3,2.4,2.4863257,0.028163726,0.023611084,186.08786,1.0,1.0
4.3,2.6,2.529314,0.029195901,0.12758225,595.2988,1.0,1.0
4.3,2.8,2.7916956,0.07294239,-0.30519027,965.0515,1.0,0.0625
4.3,3.0,2.9991217,0.05834073,0.35487306,143.70224,1.0,0.0
4.32,0.0,0.021462444,-0.0012972837,-0.07049771,7.604826,1.0,1.0
4.32,0.2,0.21390578,-0.028807383,-0.085327715,11.154323,1.0,1.0
4.32,0.4,0.38669506,-0.0009080516,-0.012349356,11.34383,1.0,1.0
4.32,0.6,0.5668932,0.016033206,-0.06214959,20.226234,1.0,1.0
4.32,0.8,0.81025356,0.060181983,-0.004489147,40.634827,1.0,1.0
4.32,1.0,0.9680747,0.068455175,0.017621338,39.973877,1.0,1.0
4.32,1.2,1.2579561,0.063952886,-0.11203614,49.184082,1.0,1.0
4.32,1.4,1.4286432,0.054270662,0.044944048,115.91343,1.0,1.0
4.32,1.6,1.5683398,0.050453015,-0.048903026,96.59651,1.0,1.0
4.32,1.8,1.7357572,0.024750857,0.05603817,145.9052,1.0,1.0
4.32,2.0,2.045525,0.013861444,-0.008571838,151.80412,1.0,1.0
4.32,2.2,2.2181358,0.023983102,-0.107773945,170.9133,1.0,1.0
4.32,2.4,2.5100622,0.01863218,0.14703506,148.99648,1.0,1.0
4.32,2.6,2.5254087,0.0027133413,0.063023835,300.56726,1.0,1.0
4.32,2.8,2.709293,0.09627556,-0.16807047,871.8822,1.0,0.5625
4.32,3.0,2.979711,0.041996643,0.6045394,481.0244,1.0,0.0
4.34,0.0,0.025769379,-0.0063252,-0.08071831,8.426889,1.0,1.0
4.34,0.2,0.22837248,-0.035535514,-0.10413765,11.2241745,1.0,1.0
4.34,0.4,0.3834796,0.0058606057,-0.015109209,9.49132,1.0,1.0
4.34,0.6,0.57291067,0.00937191,-0.044434205,18.505642,1.0,1.0
4.34,0.8,0.84775144,0.06647609,0.042343445,31.045115,1.0,1.0
4.34,1.0,0.96048677,0.0710181,0.0066387365,25.335506,1.0,1.0
4.34,1.2,1.2965739,0.07055198,-0.11332675,71.94382,1.0,1.0
4.34,1.4,1.3709329,0.05314696,-0.06098108,93.58783,1.0,1.0
4.34,1.6,1.610666,0.049965844,0.010052833,93.99042,1.0,1.0
4.34,1.8,1.7388253,0.022660121,0.012178274,101.9258,1.0,1.0
4.34,2.0,2.0840077,0.01170771,-0.012677856,131.61977,1.0,1.0
4.34,2.2,2.250799,0.0388616,-0.12162705,156.27979,1.0,1.0
4.34,2.4,2.519772,0.007663252,0.2893902,278.94733,1.0,0.0625
4.34,2.6,2.5679152,0.017088082,-0.006017087,201.81934,1.0,1.0
4.34,2.8,2.727822,0.10188599,0.16637713,384.15192,1.0,0.75
4.34,3.0,2.9189153,0.083267115,0.3144382,778.31287,1.0,0.0625
4.36,0.0,0.03173168,-0.011831575,-0.100883335,9.077329,1.0,1.0
4.36,0.2,0.22872527,-0.029399395,-0.13445984,8.0650215,1.0,1.0
4.36,0.4,0.38652104,0.015833171,-0.018740334,12.125132,1.0,1.0
4.36,0.6,0.5874076,0.002024226,-0.0402119,18.294342,1.0,1.0
4.36,0.8,0.8620261,0.070334956,0.046185054,40.776894,1.0,1.0
4.36,1.0,0.96486306,0.076126024,0.0014565509,30.70807,1.0,1.0
4.36,1.2,1.2556381,0.06153855,-0.03525977,83.75719,1.0,1.0
4.36,1.4,1.3266704,0.042187765,-0.11848503,90.21057,1.0,1.0
4.36,1.6,1.6666576,0.045552187,0.10674539,101.419624,1.0,1.0
4.36,1.8,1.7638557,0.02205029,-0.048948333,115.39885,1.0,1.0
4.36,2.0,2.1250358,0.0029726247,0.08709203,122.42998,1.0,1.0
4.36,2.2,2.2932239,0.033215877,-0.23720706,148.26965,1.0,0.0
4.36,2.4,2.4624832,0.03575626,0.16628239,433.35852,1.0,0.75
4.36,2.6,2.6220105,0.039844286,-0.07324281,215.38046,1.0,1.0
4.36,2.8,2.7845695,0.08319833,0.22946997,293.81784,1.0,0.1875
4.36,3.0,2.8318825,0.05232524,0.23372686,842.34094,1.0,0.25
4.38,0.0,0.038230814,-0.016579594,-0.120638385,8.995927,1.0,1.0
4.38,0.2,0.22595036,-0.016201092,-0.14416718,18.21874,1.0,1.0
4.38,0.4,0.39822188,0.026446335,-0.017258942,14.114106,1.0,1.0
4.38,0.6,0.61188066,-0.0046574855,-0.061206207,17.207542,1.0,1.0
4.38,0.8,0.8251693,0.067443505,-0.00458343,22.844944,1.0,1.0
4.38,1.0,0.9832512,0.081359416,0.005040382,46.64364,1.0,1.0
4.38,1.2,1.2117786,0.06144535,7.89084e-05,69.721436,1.0,1.0
4.38,1.4,1.3052278,0.035403848,-0.1253339,48.86318,1.0,1.0
4.38,1.6,1.6646317,0.048311457,0.04220225,143.05206,1.0,1.0
4.38,1.8,1.7988582,0.021576587,-0.049175885,119.666046,1.0,1.0
4.38,2.0,2.141056,0.0006559342,0.12861171,204.58017,1.0,1.0
4.38,2.2,2.258892,0.021011723,-0.1489813,434.15857,1.0,1.0
4.38,2.4,2.390165,0.021383408,0.117877334,527.0354,1.0,1.0
4.38,2.6,2.6535563,0.05880242,-0.09541816,207.79218,1.0,1.0
4.38,2.8,2.8401866,0.076224625,0.14584032,278.61523,1.0,1.0
4.38,3.0,2.8272872,0.014270641,0.1961229,322.4704,1.0,0.375
4.4,0.0,0.03926626,-0.012124604,-0.12586892,2.988352,1.0,1.0
4.4,0.2,0.21632685,-0.008935316,-0.088069715,16.816433,1.0,1.0
4.4,0.4,0.41912627,0.035117723,0.010118071,14.835228,1.0,1.0
4.4,0.6,0.643958,-0.005343752,-0.12381873,18.270887,1.0,1.0
4.4,0.8,0.7927027,0.06056991,-0.07138753,19.928673,1.0,1.0
4.4,1.0,1.0172756,0.08646269,0.024000406,54.81095,1.0,1.0
4.4,1.2,1.1801665,0.06303238,-0.0061730817,62.511375,1.0,1.0
4.4,1.4,1.3015249,0.030308714,-0.08978166,44.989494,1.0,1.0
4.4,1.6,1.5966471,0.060800888,-0.011143577,150.89111,1.0,1.0
4.4,1.8,1.8411412,0.018289907,0.021391412,107.17845,1.0,1.0
4.4,2.0,2.075362,0.030159606,0.044383813,332.0354,1.0,1.0
4.4,2.2,2.1895704,0.024823975,-0.020116493,504.6662,1.0,1.0
4.4,2.4,2.3643456,-0.0053642876,0.05668122,275.1599,1.0,1.0
4.4,2.6,2.6876373,0.062269013,-0.24303105,117.952774,1.0,0.0
4.4,2.8,2.8717704,0.072459646,0.18200333,172.94193,1.0,0.5625
4.4,3.0,2.8696086,0.0175737,0.16969213,205.09354,1.0,0.6875
4.42,0.0,0.03821462,-6.24028e-05,-0.13680287,12.425899,1.0,1.0
4.42,0.2,0.20976546,-0.0038279926,-0.011048185,10.290055,1.0,1.0
4.42,0.4,0.4314474,0.036177248,0.03582619,16.965584,1.0,1.0
4.42,0.6,0.64531016,5.559996e-07,-0.17209396,27.32755,1.0,1.0
4.42,0.8,0.76961046,0.052091554,-0.1020122,23.600523,1.0,1.0
4.42,1.0,1.0631065,0.09157121,0.08774314,41.57689,1.0,1.0
4.42,1.2,1.1644306,0.06331595,-0.0295361,37.036613,1.0,1.0
4.42,1.4,1.3155657,0.031213567,-0.05463361,61.875866,1.0,1.0
4.42,1.6,1.5434608,0.052682456,-0.09289,141.16135,1.0,1.0
4.42,1.8,1.8898886,0.00713598,0.14415252,167.01175,1.0,1.0
4.42,2.0,2.0037982,0.013647754,0.016691666,310.90076,1.0,1.0
4.42,2.2,2.1642702,0.026542123,0.092576824,268.19244,1.0,1.0
4.42,2.4,2.391766,-9.985641e-06,-0.027106825,205.36609,1.0,1.0
4.42,2.6,2.6537461,0.05870372,-0.25777695,471.74838,1.0,0.0
4.42,2.8,2.8988307,0.053435907,0.4064038,173.04335,1.0,0.0
4.42,3.0,2.9257002,0.040871136,0.07191893,266.36987,1.0,1.0
4.44,0.0,0.035658017,0.011133104,-0.12447651,12.753872,1.0,1.0
4.44,0.2,0.20400289,-0.0014506483,0.020759737,7.6665154,1.0,1.0
4.44,0.4,0.41593224,0.02994813,0.010334959,13.017845,1.0,1.0
4.44,0.6,0.6263392,0.005386768,-0.11368236,17.42846,1.0,1.0
4.44,0.8,0.7606546,0.047349703,-0.09931408,26.917377,1.0,1.0
4.44,1.0,1.071363,0.0943569,0.05016417,61.760643,1.0,1.0
4.44,1.2,1.1633404,0.06959014,-0.048860006,32.4921,1.0,1.0
4.44,1.4,1.3477862,0.036412433,-0.050025556,75.6485,1.0,1.0
4.44,1.6,1.5148149,0.039205104,-0.12823737,78.82376,1.0,1.0
4.44,1.8,1.853669,0.025445495,0.080567054,219.58472,1.0,1.0
4.44,2.0,1.9680476,-0.002740563,-0.039390225,137.85205,1.0,1.0
4.44,2.2,2.1922145,0.018245839,0.08955247,225.94957,1.0,1.0
4.44,2.4,2.4411712,0.019059416,-0.07475767,195.93687,1.0,1.0
4.44,2.6,2.5734072,0.053874113,-0.11752118,782.62146,1.0,1.0
4.44,2.8,2.8388095,0.07432841,0.29559946,470.20013,1.0,0.0
4.44,3.0,2.9653661,0.06003344,-0.030477425,234.59947,1.0,1.0
4.46,0.0,0.03153119,0.016535662,-0.092031404,10.984224,1.0,1.0
4.46,0.2,0.19798915,0.0004723894,0.009384088,6.3672957,1.0,1.0
4.46,0.4,0.39937907,0.024503078,-0.044111423,9.677383,1.0,1.0
4.46,0.6,0.6124536,0.007460627,-0.026791956,10.38079,1.0,1.0
4.46,0.8,0.7598208,0.04280366,-0.06962049,21.081905,1.0,1.0
4.46,1.0,1.0253792,0.09471856,0.010914957,41.29768,1.0,1.0
4.46,1.2,1.1770813,0.076665595,-0.03888239,50.90175,1.0,1.0
4.46,1.4,1.3958366,0.039743774,-0.09200966,70.54219,1.0,1.0
4.46,1.6,1.5131363,0.03709012,-0.08955987,63.75116,1.0,1.0
4.46,1.8,1.7798933,0.032376766,0.0068410654,211.80829,1.0,1.0
4.46,2.0,1.9773588,0.001247243,-0.10733238,130.98015,1.0,1.0
4.46,2.2,2.2336173,0.016417064,-0.005516195,199.29605,1.0,1.0
4.46,2.4,2.4751697,0.037669934,-0.07633343,181.83112,1.0,1.0
4.46,2.6,2.5575585,0.05911078,0.14194591,408.89868,1.0,1.0
4.46,2.8,2.7643423,0.09253304,0.101650916,809.8456,1.0,1.0
4.46,3.0,2.9945302,0.06646218,-0.1951473,195.22234,1.0,0.625
4.48,0.0,0.031083222,0.019823473,-0.05243066,5.3854775,1.0,1.0
4.48,0.2,0.19440553,0.0038969298,0.00073706085,4.8615036,1.0,1.0
4.48,0.4,0.38738692,0.016396897,-0.07715045,8.219964,1.0,1.0
4.48,0.6,0.5984646,0.009972158,-0.0028662868,14.394044,1.0,1.0
4.48,0.8,0.7665036,0.03816352,-0.043444157,24.73513,1.0,1.0
4.48,1.0,0.9869232,0.086952746,-0.056315515,33.99144,1.0,1.0
4.48,1.2,1.2075732,0.080202155,-0.0016079493,67.44057,1.0,1.0
4.48,1.4,1.4587098,0.039002497,-0.14516547,89.53585,1.0,1.0
4.48,1.6,1.5317844,0.04219629,-0.038972788,78.47244,1.0,1.0
4.48,1.8,1.7273574,0.020588847,-0.08248828,157.15659,1.0,1.0
4.48,2.0,2.007801,0.014690667,-0.096448995,134.24858,1.0,1.0
4.48,2.2,2.265577,0.014750901,-0.01926627,169.96698,1.0,1.0
4.48,2.4,2.5087662,0.04460975,-0.15882339,134.14075,1.0,0.875
4.48,2.6,2.6037765,0.042932887,0.21221939,292.02878,1.0,0.25
4.48,2.8,2.7040753,0.056376703,0.04978683,444.85083,1.0,1.0
4.48,3.0,2.9564097,0.06799626,-0.28553677,777.4855,1.0,0.0625
4.5,0.0,0.030841589,0.021998674,-0.035006337,2.8402524,1.0,1.0
4.5,0.2,0.19403484,0.010083704,0.0012746466,4.1652265,1.0,1.0
4.5,0.4,0.37965673,0.009678638,-0.07266164,12.16338,1.0,1.0
4.5,0.6,0.58507496,0.012952507,0.00035659558,17.740978,1.0,1.0
4.5,0.8,0.7849022,0.033665568,-0.0362583,24.925488,1.0,1.0
4.5,1.0,0.9645097,0.077910215,-0.10379159,37.06936,1.0,1.0
4.5,1.2,1.253818,0.08396891,0.06578312,61.416866,1.0,1.0
4.5,1.4,1.4467133,0.043276086,-0.053044192,128.7571,1.0,1.0
4.5,1.6,1.566973,0.052060336,-0.03523027,92.44571,1.0,1.0
4.5,1.8,1.7042603,0.011750635,-0.13073127,79.11118,1.0,1.0
4.5,2.0,2.0455542,0.033305287,-0.058254145,140.22278,1.0,1.0
4.5,2.2,2.2980783,0.00723231,0.08095684,143.37985,1.0,1.0
4.5,2.4,2.5015168,0.04202863,-0.20000976,323.2453,1.0,0.4375
4.5,2.6,2.6526408,0.035738233,0.077488646,252.09818,1.0,1.0
4.5,2.8,2.7226076,0.044446506,0.02922003,274.6037,1.0,1.0
4.5,3.0,2.856094,0.06217748,-0.20470418,972.62683,1.0,0.5
4.5200000000000005,0.0,0.030014453,0.023310866,-0.025178852,3.1071012,1.0,1.0
4.5200000000000005,0.2,0.19762346,0.017827475,0.0004283447,5.597356,1.0,1.0
4.5200000000000005,0.4,0.37748957,0.0053995117,-0.06038017,15.398388,1.0,1.0
4.5200000000000005,0.6,0.57678235,0.015494916,-0.0027062614,16.36348,1.0,1.0
4.5200000000000005,0.8,0.8163533,0.029891074,-0.059431378,27.436579,1.0,1.0
4.5200000000000005,1.0,0.9583233,0.07170427,-0.10009351,29.021046,1.0,1.0
4.5200000000000005,1.2,1.2910138,0.08565257,0.09728879,72.639626,1.0,1.0
4.5200000000000005,1.4,1.3925507,0.03572268,0.037911326,117.00499,1.0,1.0
4.5200000000000005,1.6,1.6151791,0.056759756,-0.07868314,87.178116,1.0,1.0
4.5200000000000005,1.8,1.7118055,0.016493943,-0.097291514,90.40447,1.0,1.0
4.5200000000000005,2.0,2.0875986,0.038391247,-0.12258603,120.45534,1.0,1.0
4.5200000000000005,2.2,2.3237803,-0.0032425446,0.2182728,230.80206,1.0,0.125
4.5200000000000005,2.4,2.4304533,0.02353092,-0.11411165,664.556,1.0,1.0
4.5200000000000005,2.6,2.6820889,0.03714506,0.054647878,191.76608,1.0,1.0
4.5200000000000005,2.8,2.7690692,0.06860906,-0.01980663,222.85535,1.0,1.0
4.5200000000000005,3.0,2.857578,0.070778646,0.15497985,462.9897,1.0,0.875
4.54,0.0,0.030825976,0.025515981,-0.012980321,4.9622207,1.0,1.0
4.54,0.2,0.20700961,0.026025262,0.005379727,9.25161,1.0,1.0
4.54,0.4,0.38120025,-0.0008671237,-0.05032636,13.135591,1.0,1.0
4.54,0.6,0.5751918,0.02171141,-0.013093267,14.508287,1.0,1.0
4.54,0.8,0.854526,0.029335674,-0.13374102,27.046032,1.0,1.0
4.54,1.0,0.96033335,0.06804305,-0.06188231,27.329586,1.0,1.0
4.54,1.2,1.2401174,0.09059861,0.04883229,73.0838,1.0,1.0
4.54,1.4,1.3504784,0.040645685,0.04603251,108.11583,1.0,1.0
4.54,1.6,1.6780143,0.05812574,-0.14848377,112.48283,1.0,1.0
4.54,1.8,1.7401824,0.0279127,-0.052052606,110.517815,1.0,1.0
4.54,2.0,2.1116538,0.04273723,-0.15293318,172.0101,1.0,1.0
4.54,2.2,2.2700768,0.024298333,0.11440463,360.22656,1.0,1.0
4.54,2.4,2.374686,0.034000117,0.029541295,460.9751,1.0,1.0
4.54,2.6,2.7003598,0.025989637,0.2296527,126.65341,1.0,0.0625
4.54,2.8,2.8131728,0.09470343,-0.092604786,235.37823,1.0,1.0
4.54,3.0,2.908805,0.048501715,0.2714379,297.8074,1.0,0.0
4.5600000000000005,0.0,0.0329221,0.02892653,-0.004192136,6.376094,1.0,1.0
4.5600000000000005,0.2,0.2174134,0.03117032,0.015100559,10.601875,1.0,1.0
4.5600000000000005,0.4,0.38909376,-0.009215066,-0.0515737,13.026662,1.0,1.0
4.5600000000000005,0.6,0.58208203,0.031249054,-0.025311656,22.313278,1.0,1.0
4.5600000000000005,0.8,0.8494632,0.03307022,-0.12948361,38.341732,1.0,1.0
4.5600000000000005,1.0,0.9738306,0.06640261,-0.03223528,31.868736,1.0,1.0
4.5600000000000005,1.2,1.1891215,0.08596145,-0.0376594,58.178215,1.0,1.0
4.5600000000000005,1.4,1.3285694,0.041918334,0.020942038,73.4932,1.0,1.0
4.5600000000000005,1.6,1.6560812,0.050778195,-0.040471025,179.50958,1.0,1.0
4.5600000000000005,1.8,1.7792809,0.03911125,-0.0650873,111.02809,1.0,1.0
4.5600000000000005,2.0,2.0566401,0.019302454,-0.03188222,382.80545,1.0,1.0
4.5600000000000005,2.2,2.1986768,0.014576277,0.075848356,425.49234,1.0,1.0
4.5600000000000005,2.4,2.3886466,0.027033178,0.14354739,284.86096,1.0,0.9375
4.5600000000000005,2.6,2.6676073,0.023408264,0.36508,409.79297,1.0,0.0
4.5600000000000005,2.8,2.836171,0.111106716,-0.14344282,183.63991,1.0,1.0
4.5600000000000005,3.0,2.9641232,0.033656612,0.1795832,295.24997,1.0,0.8125
4.58,0.0,0.03667418,0.033158924,0.002193245,8.068974,1.0,1.0
4.58,0.2,0.21738662,0.026584135,0.03360305,12.4188385,1.0,1.0
4.58,0.4,0.40422708,-0.017645743,-0.06151173,13.472988,1.0,1.0
4.58,0.6,0.5999884,0.04151808,-0.021851711,26.077831,1.0,1.0
4.58,0.8,0.8233366,0.03581819,-0.058603674,14.1622715,1.0,1.0
4.58,1.0,1.0004339,0.066407435,-0.03381397,38.316696,1.0,1.0
4.58,1.2,1.1554809,0.07686099,-0.10102021,52.850166,1.0,1.0
4.58,1.4,1.3262477,0.042196073,-0.019843884,47.58657,1.0,1.0
4.58,1.6,1.5914414,0.04006681,0.02500487,168.53378,1.0,1.0
4.58,1.8,1.8319985,0.040249605,-0.14284483,103.25798,1.0,1.0
4.58,2.0,1.9935235,0.023765106,0.059508596,360.12973,1.0,1.0
4.58,2.2,2.1646612,-0.008012477,0.011570915,216.15901,1.0,1.0
4.58,2.4,2.4351835,0.015580157,0.06709105,237.74196,1.0,1.0
4.58,2.6,2.6037827,0.056911066,0.1599645,685.10986,1.0,0.9375
4.58,2.8,2.830864,0.11591701,-0.26558617,350.54874,1.0,0.0
4.58,3.0,2.9963772,0.029717438,0.1894893,199.95938,1.0,0.625
4.6000000000000005,0.0,0.039759565,0.034875162,-0.00061918434,9.118043,1.0,1.0
4.6000000000000005,0.2,0.20894162,0.023917187,0.012732506,11.901649,1.0,1.0
4.6000000000000005,0.4,0.42503428,-0.02361842,-0.09658112,15.984402,1.0,1.0
4.6000000000000005,0.6,0.62953305,0.04934272,0.01863807,20.660175,1.0,1.0
4.6000000000000005,0.8,0.8023398,0.03625056,-0.010333515,13.317765,1.0,1.0
4.6000000000000005,1.0,1.0426915,0.06622334,-0.0769958,39.493782,1.0,1.0
4.6000000000000005,1.2,1.1403157,0.07119641,-0.10851069,29.518965,1.0,1.0
4.6000000000000005,1.4,1.3405066,0.04773973,-0.027044972,65.53909,1.0,1.0
4.6000000000000005,1.6,1.5492717,0.040584564,0.03818997,139.2706,1.0,1.0
4.6000000000000005,1.8,1.8540007,0.04553372,-0.082833774,134.58746,1.0,1.0
4.6000000000000005,2.0,1.9741316,0.02185897,0.10649946,182.01762,1.0,1.0
4.6000000000000005,2.2,2.1787765,-0.003962078,-0.07747175,177.754,1.0,1.0
4.6000000000000005,2.4,2.476478,0.015682861,0.009819372,199.86954,1.0,1.0
4.6000000000000005,2.6,2.5303564,0.026741892,0.12363386,601.509,1.0,1.0
4.6000000000000005,2.8,2.7678685,0.0969223,-0.27028215,1027.926,1.0,0.125
4.6000000000000005,3.0,3.012784,0.010546491,0.443169,161.63042,1.0,0.0
4.62,0.0,0.038928967,0.030905882,0.0108593805,8.416203,1.0,1.0
4.62,0.2,0.20079976,0.021230616,-0.015266206,13.141325,1.0,1.0
4.62,0.4,0.4351923,-0.018951286,-0.14290345,11.874508,1.0,1.0
4.62,0.6,0.64636225,0.054036252,0.043921717,28.83435,1.0,1.0
4.62,0.8,0.7822596,0.038523197,-0.002035797,19.055948,1.0,1.0
4.62,1.0,1.0864829,0.07023114,-0.14289775,55.536755,1.0,1.0
4.62,1.2,1.1398417,0.06772174,-0.07185582,34.632378,1.0,1.0
4.62,1.4,1.3708522,0.04983208,0.0042002983,78.929214,1.0,1.0
4.62,1.6,1.5312294,0.040589325,0.00507669,77.55391,1.0,1.0
4.62,1.8,1.7989731,0.022781234,0.008632919,246.4112,1.0,1.0
4.62,2.0,2.0031629,0.0168811,0.06308817,159.46834,1.0,1.0
4.62,2.2,2.2160416,0.011361468,-0.08811095,166.33481,1.0,1.0
4.62,2.4,2.5024128,0.009620609,0.09991877,160.64539,1.0,1.0
4.62,2.6,2.5259175,-0.00034853816,0.059021335,299.97107,1.0,1.0
4.62,2.8,2.6937456,0.12084673,-0.12387501,815.16956,1.0,0.875
4.62,3.0,2.9497857,0.020894043,0.4261257,469.20413,1.0,0.0
4.64,0.0,0.036180705,0.025351819,0.0074171973,7.741913,1.0,1.0
4.64,0.2,0.19516042,0.01190647,-0.052583784,8.423483,1.0,1.0
4.64,0.4,0.42774868,-0.008529592,-0.13775061,20.568264,1.0,1.0
4.64,0.6,0.62244606,0.04950344,0.0071961386,14.037324,1.0,1.0
4.64,0.8,0.76759106,0.04037358,0.0060961675,23.754034,1.0,1.0
4.64,1.0,1.0558681,0.06808714,-0.06740032,50.094566,1.0,1.0
4.64,1.2,1.1521645,0.06728582,-0.034901164,44.516953,1.0,1.0
4.64,1.4,1.4172065,0.0483458,0.06395954,80.994095,1.0,1.0
4.64,1.6,1.536675,0.04134529,-0.05565977,72.09944,1.0,1.0
4.64,1.8,1.7451947,0.025913201,0.05549392,234.86002,1.0,1.0
4.64,2.0,2.0439024,0.013488481,-0.009956634,151.83182,1.0,1.0
4.64,2.2,2.2485971,0.028640652,-0.06658957,163.28448,1.0,1.0
4.64,2.4,2.532834,-0.0066002347,0.29710037,197.83136,1.0,0.0625
4.64,2.6,2.5679195,0.014187101,-0.0079403985,201.54507,1.0,1.0
4.64,2.8,2.7203016,0.12119303,0.19399165,351.86517,1.0,0.375
4.64,3.0,2.8882084,0.047802188,0.14044237,883.7675,1.0,0.8125
4.66,0.0,0.030685002,0.02152788,-0.006753925,9.735377,1.0,1.0
4.66,0.2,0.19252262,0.002254789,-0.053658724,5.7754226,1.0,1.0
4.66,0.4,0.4158613,-0.0054070195,-0.07236123,20.485678,1.0,1.0
4.66,0.6,0.59828854,0.04215304,-0.06328163,7.3011727,1.0,1.0
4.66,0.8,0.76199895,0.04380048,0.009598332,18.947678,1.0,1.0
4.66,1.0,1.0195316,0.0648756,0.005688112,42.368454,1.0,1.0
4.66,1.2,1.1823301,0.070162185,-0.019844938,53.518013,1.0,1.0
4.66,1.4,1.4640758,0.04746841,0.12571028,123.55298,1.0,1.0
4.66,1.6,1.5594083,0.043706983,-0.066313475,95.978226,1.0,1.0
4.66,1.8,1.7253987,0.027705431,0.061585844,135.27855,1.0,1.0
4.66,2.0,2.082269,0.011351758,-0.013726687,131.69374,1.0,1.0
4.66,2.2,2.2834096,0.03664287,-0.13023135,139.35724,1.0,1.0
4.66,2.4,2.47936,0.020070756,0.17722036,357.5341,1.0,0.75
4.66,2.6,2.621291,0.036931206,-0.07403692,216.89114,1.0,1.0
4.66,2.8,2.7780566,0.10053344,0.22389047,298.99054,1.0,0.25
4.66,3.0,2.8231277,0.010534957,0.05663666,598.3342,1.0,1.0
4.68,0.0,0.025646675,0.018845696,-0.024074705,12.533461,1.0,1.0
4.68,0.2,0.19241378,-0.004842178,-0.050057046,8.237112,1.0,1.0
4.68,0.4,0.4089143,-0.0033227121,-0.0003454578,12.959555,1.0,1.0
4.68,0.6,0.57985437,0.034371726,-0.0848894,13.2493,1.0,1.0
4.68,0.8,0.7657579,0.05013883,0.0003736598,25.362103,1.0,1.0
4.68,1.0,0.9882856,0.06818543,0.021227324,39.097946,1.0,1.0
4.68,1.2,1.2265153,0.07287144,-0.060982767,53.114204,1.0,1.0
4.68,1.4,1.4292681,0.053647667,0.043494135,114.037384,1.0,1.0
4.68,1.6,1.5945897,0.044939034,-0.019845717,96.32527,1.0,1.0
4.68,1.8,1.7350798,0.026900334,0.010391014,100.24472,1.0,1.0
4.68,2.0,2.1232014,0.0026190942,0.08591142,122.97766,1.0,1.0
4.68,2.2,2.3032465,0.035894986,-0.18774453,214.93265,1.0,0.5625
4.68,2.4,2.4032288,0.019850781,0.07358579,553.6317,1.0,1.0
4.68,2.6,2.6525807,0.05632147,-0.09677136,207.87283,1.0,1.0
4.68,2.8,2.8333788,0.095166214,0.14445561,266.98917,1.0,0.9375
4.68,3.0,2.8445737,-0.0069337115,0.024764147,288.489,1.0,1.0
4.7,0.0,0.021554288,0.014135173,-0.048091065,6.58035,1.0,1.0
4.7,0.2,0.19610876,-0.011302339,-0.051963676,9.729877,1.0,1.0
4.7,0.4,0.40174007,-0.0014052484,0.0054299836,11.18553,1.0,1.0
4.7,0.6,0.5709056,0.02952857,-0.082065254,21.254654,1.0,1.0
4.7,0.8,0.7829458,0.057412002,-0.011534237,37.44771,1.0,1.0
4.7,1.0,0.96795136,0.068434395,0.017221149,39.926384,1.0,1.0
4.7,1.2,1.2822031,0.0754391,-0.12586823,68.48666,1.0,1.0
4.7,1.4,1.371415,0.05156655,-0.06204478,92.08595,1.0,1.0
4.7,1.6,1.6459396,0.03874673,0.07466131,91.99071,1.0,1.0
4.7,1.8,1.7650359,0.025965588,-0.0383924,113.35132,1.0,1.0
4.7,2.0,2.1386704,0.00031178165,0.12502864,204.15271,1.0,1.0
4.7,2.2,2.2514615,0.01523987,-0.09344611,498.17535,1.0,1.0
4.7,2.4,2.359613,-0.008237723,0.021624062,305.86328,1.0,1.0
4.7,2.6,2.686185,0.06009833,-0.24359569,117.4716,1.0,0.0
4.7,2.8,2.862646,0.08888465,0.21079922,166.66801,1.0,0.25
4.7,3.0,2.894507,0.01538676,-0.010939192,230.9401,1.0,1.0
4.72,0.0,0.019694371,0.008195268,-0.06214203,3.9725447,1.0,1.0
4.72,0.2,0.20320514,-0.019519156,-0.0641659,10.758622,1.0,1.0
4.72,0.4,0.39442125,0.00059482176,-0.011595978,10.728715,1.0,1.0
4.72,0.6,0.5698826,0.026004652,-0.06174682,20.654276,1.0,1.0
4.72,0.8,0.81365514,0.06537607,0.003419516,39.364555,1.0,1.0
4.72,1.0,0.960312,0.071062006,0.0066659665,25.330582,1.0,1.0
4.72,1.2,1.2571138,0.07391794,-0.020153418,84.51052,1.0,1.0
4.72,1.4,1.3268565,0.040549356,-0.1201718,89.22177,1.0,1.0
4.72,1.6,1.6694444,0.038653743,0.070044175,127.90075,1.0,1.0
4.72,1.8,1.8016987,0.025678864,-0.020689191,113.38256,1.0,1.0
4.72,2.0,2.0723329,0.029772006,0.043274324,330.72546,1.0,1.0
4.72,2.2,2.1891267,0.021034736,0.013180466,447.73755,1.0,1.0
4.72,2.4,2.3732972,-0.006483471,-0.049929626,227.16907,1.0,1.0
4.72,2.6,2.6589823,0.057498403,-0.26150614,490.0212,1.0,0.0
4.72,2.8,2.8922346,0.068530306,0.44820002,210.10722,1.0,0.0
4.72,3.0,2.950169,0.046040706,-0.09612641,258.7869,1.0,1.0
4.74,0.0,0.01943712,0.0037499014,-0.06743336,6.227685,1.0,1.0
4.74,0.2,0.21407765,-0.02891063,-0.085003406,11.105173,1.0,1.0
4.74,0.4,0.38906056,0.004295092,-0.017363807,9.739399,1.0,1.0
4.74,0.6,0.5739536,0.020109821,-0.04266972,17.82467,1.0,1.0
4.74,0.8,0.8532022,0.07152811,0.06339659,26.157747,1.0,1.0
4.74,1.0,0.9646428,0.07621455,0.001993564,30.694252,1.0,1.0
4.74,1.2,1.2110336,0.06789394,0.043643013,76.534744,1.0,1.0
4.74,1.4,1.3051559,0.034180127,-0.12751791,48.54979,1.0,1.0
4.74,1.6,1.6069405,0.05761895,0.05530695,150.94586,1.0,1.0
4.74,1.8,1.8476036,0.020231148,0.058822494,108.51114,1.0,1.0
4.74,2.0,2.0010116,0.012917554,0.014685333,309.66162,1.0,1.0
4.74,2.2,2.1790035,0.01913593,0.10032232,243.25337,1.0,1.0
4.74,2.4,2.4176393,0.014463356,-0.1067207,192.56299,1.0,1.0
4.74,2.6,2.579664,0.051501453,-0.11031443,774.25964,1.0,1.0
4.74,2.8,2.8246307,0.09821134,0.27458835,510.62506,1.0,0.0
4.74,3.0,2.982758,0.06709918,-0.15550771,200.6724,1.0,1.0
4.76,0.0,0.021450998,-0.0012873301,-0.07033851,7.5919147,1.0,1.0
4.76,0.2,0.22844599,-0.03555663,-0.10371257,11.143528,1.0,1.0
4.76,0.4,0.38731003,0.011972474,-0.019646857,8.74448,1.0,1.0
4.76,0.6,0.5857405,0.012758482,-0.035671465,17.93935,1.0,1.0
4.76,0.8,0.8464198,0.07244916,0.04223498,36.069214,1.0,1.0
4.76,1.0,0.9829835,0.08152564,0.0058289543,46.56321,1.0,1.0
4.76,1.2,1.1742427,0.069673695,0.041359857,71.82582,1.0,1.0
4.76,1.4,1.301269,0.029348748,-0.09212842,45.926643,1.0,1.0
4.76,1.6,1.5464225,0.049392402,-0.052199762,133.69159,1.0,1.0
4.76,1.8,1.8851072,0.012981383,0.12038484,169.83084,1.0,1.0
4.76,2.0,1.9653957,-0.0033425414,-0.041895278,136.81696,1.0,1.0
4.76,2.2,2.218607,0.010869067,0.06776533,209.68137,1.0,1.0
4.76,2.4,2.4521403,0.03579244,-0.11480957,190.71317,1.0,1.0
4.76,2.6,2.5587723,0.056058656,0.14739892,402.6197,1.0,1.0
4.76,2.8,2.742045,0.10283683,0.12501565,771.1001,1.0,0.9375
4.76,3.0,2.9864488,0.07290283,-0.26804236,372.6206,1.0,0.125
4.78,0.0,0.025758652,-0.0063063265,-0.080661565,8.479883,1.0,1.0
4.78,0.2,0.22873986,-0.029450618,-0.13420716,8.091833,1.0,1.0
4.78,0.4,0.39209518,0.022121038,-0.022154253,11.5891,1.0,1.0
4.78,0.6,0.60781074,0.0062302714,-0.04949654,18.304544,1.0,1.0
4.78,0.8,0.8090478,0.066275015,-0.024693917,18.65076,1.0,1.0
4.78,1.0,1.0169659,0.08669541,0.024515096,54.753983,1.0,1.0
4.78,1.2,1.15405,0.06725353,0.019527221,53.14952,1.0,1.0
4.78,1.4,1.3151426,0.030382825,-0.056680143,62.565544,1.0,1.0
4.78,1.6,1.5093384,0.037306715,-0.13244686,94.85506,1.0,1.0
4.78,1.8,1.8312354,0.033915974,0.07632685,224.62682,1.0,1.0
4.78,2.0,1.9748437,0.00088855205,-0.109779656,130.67844,1.0,1.0
4.78,2.2,2.2630944,0.007370398,-0.004883765,184.28445,1.0,1.0
4.78,2.4,2.4798083,0.048911925,-0.15586455,164.1546,1.0,1.0
4.78,2.6,2.602089,0.039037954,0.22102104,290.79913,1.0,0.25
4.78,2.8,2.6932392,0.064212635,0.07161364,373.7856,1.0,0.9375
4.78,3.0,2.921564,0.059622943,-0.3177031,1140.9463,1.0,0.0625
4.8,0.0,0.031700104,-0.01180546,-0.10075353,9.013343,1.0,1.0
4.8,0.2,0.22587384,-0.016315572,-0.14373401,18.168415,1.0,1.0
4.8,0.4,0.40655613,0.032644123,-0.013825554,14.352427,1.0,1.0
4.8,0.6,0.63710296,0.0033396175,-0.106619075,18.174004,1.0,1.0
4.8,0.8,0.7793157,0.0589053,-0.08765124,17.975683,1.0,1.0
4.8,1.0,1.0627966,0.09184078,0.08776091,41.53025,1.0,1.0
4.8,1.2,1.1495626,0.06809207,-0.010848127,33.495407,1.0,1.0
4.8,1.4,1.3472999,0.035760053,-0.0515541,76.19899,1.0,1.0
4.8,1.6,1.4977398,0.03196463,-0.13994738,55.11652,1.0,1.0
4.8,1.8,1.7606304,0.030818831,-0.011300244,202.22186,1.0,1.0
4.8,2.0,2.0053647,0.014480855,-0.098721065,134.17679,1.0,1.0
4.8,2.2,2.297256,0.0027324762,0.023523191,151.43538,1.0,1.0
4.8,2.4,2.4891949,0.052115813,-0.24440241,270.06952,1.0,0.1875
4.8,2.6,2.6501212,0.030457508,0.0870258,248.10715,1.0,1.0
4.8,2.8,2.715443,0.05724901,0.059475154,249.1073,1.0,1.0
4.8,3.0,2.8362625,0.083861426,-0.17982039,928.8993,1.0,0.6875
4.82,0.0,0.038192894,-0.016550507,-0.12073158,9.032408,1.0,1.0
4.82,0.2,0.21622393,-0.009176932,-0.0877197,16.743252,1.0,1.0
4.82,0.4,0.42900807,0.04071249,0.023080034,14.174393,1.0,1.0
4.82,0.6,0.6472333,0.008501559,-0.17170882,27.514183,1.0,1.0
4.82,0.8,0.7622718,0.05167048,-0.1032665,26.76987,1.0,1.0
4.82,1.0,1.0711167,0.094399884,0.05171913,61.925137,1.0,1.0
4.82,1.2,1.158986,0.07264388,-0.016750565,45.50846,1.0,1.0
4.82,1.4,1.395226,0.039300907,-0.093262,70.8063,1.0,1.0
4.82,1.6,1.5074829,0.035408534,-0.08843218,74.394165,1.0,1.0
4.82,1.8,1.7154574,0.01900634,-0.105397016,129.10884,1.0,1.0
4.82,2.0,2.0431056,0.03321704,-0.06057184,139.83952,1.0,1.0
4.82,2.2,2.3356338,-0.011267394,0.164577,148.28938,1.0,0.75
4.82,2.4,2.4308493,0.03188411,-0.16956094,640.75653,1.0,0.625
4.82,2.6,2.6797845,0.03117429,0.060111158,190.12105,1.0,1.0
4.82,2.8,2.7630413,0.08129809,0.0013387402,225.197,1.0,1.0
4.82,3.0,2.8616023,0.08938732,0.17351232,376.64734,1.0,0.6875
4.84,0.0,0.039351895,-0.0120743085,-0.12568617,3.0131445,1.0,1.0
4.84,0.2,0.20968676,-0.0041419477,-0.011413596,10.216763,1.0,1.0
4.84,0.4,0.43194062,0.03744723,0.027718086,13.987199,1.0,1.0
4.84,0.6,0.6284776,0.013839668,-0.1239434,19.377243,1.0,1.0
4.84,0.8,0.7574583,0.047997713,-0.090304315,26.697906,1.0,1.0
4.84,1.0,1.0251044,0.09470743,0.012727296,41.47289,1.0,1.0
4.84,1.2,1.1840565,0.07509096,0.0033597518,61.408745,1.0,1.0
4.84,1.4,1.457711,0.038481943,-0.14021042,84.90054,1.0,1.0
4.84,1.6,1.5367959,0.043948226,-0.059452042,91.95434,1.0,1.0
4.84,1.8,1.6992985,0.01299352,-0.14066626,76.03987,1.0,1.0
4.84,2.0,2.0851438,0.038316764,-0.12498899,120.05029,1.0,1.0
4.84,2.2,2.3204799,-0.0026419056,0.1750607,276.4626,1.0,0.5625
4.84,2.4,2.3677988,0.045528546,-0.027563754,572.81683,1.0,1.0
4.84,2.6,2.6978643,0.019363873,0.23317695,131.22989,1.0,0.0
4.84,2.8,2.8029122,0.105898246,-0.071796104,230.43613,1.0,1.0
4.84,3.0,2.920268,0.07082511,0.22898836,310.28342,1.0,0.1875
4.86,0.0,0.038309902,1.0733958e-05,-0.13674012,12.437734,1.0,1.0
4.86,0.2,0.20394269,-0.0017277098,0.019980034,7.589015,1.0,1.0
4.86,0.4,0.4145314,0.0301054,-0.002708518,15.620838,1.0,1.0
4.86,0.6,0.61348164,0.015942253,-0.032687746,10.473296,1.0,1.0
4.86,0.8,0.7595265,0.043249853,-0.058492884,22.701717,1.0,1.0
4.86,1.0,0.9866221,0.086837515,-0.054936092,34.116226,1.0,1.0
4.86,1.2,1.2250519,0.076277085,0.045846403,65.89201,1.0,1.0
4.86,1.4,1.4455928,0.04410863,-0.058478784,123.813515,1.0,1.0
4.86,1.6,1.5781007,0.051488526,-0.078897394,89.5941,1.0,1.0
4.86,1.8,1.7126193,0.020903297,-0.09246127,95.9093,1.0,1.0
4.86,2.0,2.109142,0.042748824,-0.15385243,173.83572,1.0,1.0
4.86,2.2,2.2510538,0.019130357,0.06688928,452.6292,1.0,1.0
4.86,2.4,2.3688843,0.04512039,0.1484536,308.63443,1.0,0.9375
4.86,2.6,2.6682541,0.015897393,0.36997283,413.54938,1.0,0.0
4.86,2.8,2.8250356,0.1192558,-0.14554909,160.78813,1.0,1.0
4.86,3.0,2.9769785,0.0644366,0.16405314,288.73557,1.0,0.9375
4.88,0.0,0.03577019,0.011204976,-0.1243822,12.7181225,1.0,1.0
4.88,0.2,0.19798987,0.00021790224,0.008680416,6.328596,1.0,1.0
4.88,0.4,0.39822122,0.021262381,-0.0647086,10.303116,1.0,1.0
4.88,0.6,0.5998522,0.018053832,-0.008480428,13.189501,1.0,1.0
4.88,0.8,0.7686244,0.038594138,-0.03728002,23.913818,1.0,1.0
4.88,1.0,0.96421045,0.07771469,-0.103019655,37.045986,1.0,1.0
4.88,1.2,1.2781256,0.07911527,0.13477926,83.09047,1.0,1.0
4.88,1.4,1.3917944,0.036897123,0.034935534,114.33832,1.0,1.0
4.88,1.6,1.6356587,0.053854816,-0.14103289,82.27833,1.0,1.0
4.88,1.8,1.7444363,0.033346206,-0.05462839,113.63346,1.0,1.0
4.88,2.0,2.0528083,0.019545749,-0.03355911,379.54657,1.0,1.0
4.88,2.2,2.184897,-0.003174108,0.03699893,372.54846,1.0,1.0
4.88,2.4,2.417601,0.03135577,0.13292582,253.05524,1.0,1.0
4.88,2.6,2.6047807,0.04971534,0.1644927,692.2811,1.0,0.9375
4.88,2.8,2.807673,0.12370432,-0.2592404,402.70715,1.0,0.0
4.88,3.0,3.0083394,0.059022278,0.2513333,167.80753,1.0,0.0625
4.9,0.0,0.03164883,0.016587166,-0.091907986,10.954517,1.0,1.0
4.9,0.2,0.19451079,0.0036759202,0.00044204487,4.7559166,1.0,1.0
4.9,0.4,0.3869182,0.011737439,-0.080997445,8.093115,1.0,1.0
4.9,0.6,0.5861734,0.020077776,-0.003961836,16.796513,1.0,1.0
4.9,0.8,0.79009557,0.033275515,-0.035736393,23.875065,1.0,1.0
4.9,1.0,0.9580256,0.07148263,-0.099735975,29.029018,1.0,1.0
4.9,1.2,1.2588092,0.081776366,0.059272677,79.51441,1.0,1.0
4.9,1.4,1.3495753,0.042126033,0.043950573,105.07516,1.0,1.0
4.9,1.6,1.6557137,0.05851911,-0.069200255,101.16359,1.0,1.0
4.9,1.8,1.7855184,0.04306886,-0.0836582,107.93936,1.0,1.0
4.9,2.0,1.9897047,0.024390794,0.058956724,357.5788,1.0,1.0
4.9,2.2,2.1659698,-0.017295495,-0.023312923,205.655,1.0,1.0
4.9,2.4,2.4682627,0.028764702,0.049407028,218.88123,1.0,1.0
4.9,2.6,2.531836,0.019084036,0.13056554,612.79584,1.0,1.0
4.9,2.8,2.7460074,0.105144136,-0.2029029,1017.70996,1.0,0.4375
4.9,3.0,3.0321715,0.035135694,0.53769994,278.7477,1.0,0.0
4.92,0.0,0.031190783,0.019857544,-0.052416764,5.3961563,1.0,1.0
4.92,0.2,0.19419143,0.009882938,0.0013124731,4.1238136,1.0,1.0
4.92,0.4,0.3800633,0.00553997,-0.06920247,12.885513,1.0,1.0
4.92,0.6,0.57703936,0.021527115,-0.0017846684,17.07518,1.0,1.0
4.92,0.8,0.82311183,0.029324163,-0.07138775,26.593037,1.0,1.0
4.92,1.0,0.9600211,0.06779418,-0.061695397,27.383574,1.0,1.0
4.92,1.2,1.2076786,0.078740224,-0.021729939,60.90857,1.0,1.0
4.92,1.4,1.3274835,0.043597296,0.018644314,71.907196,1.0,1.0
4.92,1.6,1.6019311,0.040705584,0.016598284,169.66919,1.0,1.0
4.92,1.8,1.842379,0.043356664,-0.1657898,104.423584,1.0,1.0
4.92,2.0,1.9701469,0.02256703,0.10579446,179.85483,1.0,1.0
4.92,2.2,2.1929688,-0.006978381,-0.09258494,166.711,1.0,1.0
4.92,2.4,2.5001745,0.02511684,0.07451038,167.40929,1.0,1.0
4.92,2.6,2.5278902,-0.007921122,0.06277586,303.20172,1.0,1.0
4.92,2.8,2.6875334,0.12260007,-0.020494964,702.08307,1.0,1.0
4.92,3.0,2.9576688,0.06579938,0.32314324,611.7571,1.0,0.0
4.94,0.0,0.030943323,0.022035563,-0.0349859,2.8362026,1.0,1.0
4.94,0.2,0.19781193,0.017648678,0.00038670088,5.554373,1.0,1.0
4.94,0.4,0.378794,0.001002226,-0.05710617,14.471714,1.0,1.0
4.94,0.6,0.57430863,0.026011754,-0.0036422717,13.279907,1.0,1.0
4.94,0.8,0.86344796,0.028300948,-0.11914892,32.73129,1.0,1.0
4.94,1.0,0.9735068,0.066105515,-0.03216141,31.728657,1.0,1.0
4.94,1.2,1.1652055,0.06781167,-0.08931708,57.578262,1.0,1.0
4.94,1.4,1.3248643,0.04388168,-0.022436218,46.52665,1.0,1.0
4.94,1.6,1.5534515,0.04374477,0.048716746,161.04456,1.0,1.0
4.94,1.8,1.8425766,0.04248006,-0.056326922,157.12878,1.0,1.0
4.94,2.0,1.999007,0.017608942,0.062328923,159.1868,1.0,1.0
4.94,2.2,2.230741,0.010390485,-0.08524981,168.69208,1.0,1.0
4.94,2.4,2.5331354,0.011262361,0.22276348,144.56789,1.0,0.3125
4.94,2.6,2.5702395,0.006053727,-0.0054474883,202.53578,1.0,1.0
4.94,2.8,2.7231479,0.11474153,0.24459326,332.59824,1.0,0.0
4.94,3.0,2.8728585,0.070064865,0.14828789,899.1384,1.0,0.9375
4.96,0.0,0.030114576,0.02335708,-0.025187358,3.107781,1.0,1.0
4.96,0.2,0.20720097,0.02583369,0.005387284,9.212408,1.0,1.0
4.96,0.4,0.38358653,-0.0061688954,-0.04932692,12.939151,1.0,1.0
4.96,0.6,0.5798245,0.034690812,-0.013829641,20.439297,1.0,1.0
4.96,0.8,0.84560657,0.032591127,-0.12710777,32.412926,1.0,1.0
4.96,1.0,1.0001178,0.0660608,-0.033931393,38.25117,1.0,1.0
4.96,1.2,1.1418302,0.06116938,-0.12181048,48.055153,1.0,1.0
4.96,1.4,1.3389304,0.049466178,-0.02856359,65.214386,1.0,1.0
4.96,1.6,1.5297208,0.047569185,0.038915567,106.05362,1.0,1.0
4.96,1.8,1.781749,0.022643514,0.03332947,249.79997,1.0,1.0
4.96,2.0,2.0397224,0.01426976,-0.010420835,151.72891,1.0,1.0
4.96,2.2,2.2657318,0.02766855,-0.07235768,161.791,1.0,1.0
4.96,2.4,2.496359,0.025785143,0.22475111,319.82806,1.0,0.5
4.96,2.6,2.6243901,0.028883372,-0.07324247,218.72037,1.0,1.0
4.96,2.8,2.7807875,0.09372519,0.22006723,294.67056,1.0,0.375
4.96,3.0,2.8293333,0.030173786,0.086603835,415.96707,1.0,0.9375
4.98,0.0,0.030918926,0.025570214,-0.013023929,4.9450226,1.0,1.0
4.98,0.2,0.21745571,0.030986328,0.01568804,10.5829525,1.0,1.0
4.98,0.4,0.392762,-0.015413127,-0.051958255,12.383049,1.0,1.0
4.98,0.6,0.5958874,0.044658914,-0.01804604,25.723286,1.0,1.0
4.98,0.8,0.8221165,0.034177672,-0.047002103,12.885234,1.0,1.0
4.98,1.0,1.0424135,0.06583969,-0.07710759,39.391632,1.0,1.0
4.98,1.2,1.1357143,0.05558659,-0.10422043,33.089394,1.0,1.0
4.98,1.4,1.3691137,0.051906377,0.0042866413,78.15424,1.0,1.0
4.98,1.6,1.5325652,0.048154473,-0.007323971,68.47352,1.0,1.0
4.98,1.8,1.7362797,0.026017696,0.06434886,205.98341,1.0,1.0
4.98,2.0,2.0781384,0.012184227,-0.013315637,131.44907,1.0,1.0
4.98,2.2,2.3072128,0.02652352,-0.1880603,131.54892,1.0,0.5625
4.98,2.4,2.4228177,0.045868218,0.0830659,539.90295,1.0,0.9375
4.98,2.6,2.6566162,0.048328675,-0.095879175,210.13953,1.0,1.0
4.98,2.8,2.8314104,0.08984157,0.14927971,246.7474,1.0,1.0
4.98,3.0,2.8547897,0.022784136,0.09591505,260.9488,1.0,0.9375
5.0,0.0,0.0330087,0.028990906,-0.004249967,6.381464,1.0,1.0
5.0,0.2,0.21743762,0.026405599,0.03434995,12.387082,1.0,1.0
5.0,0.4,0.4094689,-0.023724616,-0.069706306,13.433426,1.0,1.0
5.0,0.6,0.6238166,0.0529023,0.008630954,22.740593,1.0,1.0
5.0,0.8,0.80223083,0.037213657,-0.017520059,14.549562,1.0,1.0
5.0,1.0,1.0862695,0.069760814,-0.1428653,55.621307,1.0,1.0
5.0,1.2,1.1427474,0.05434868,-0.06729242,44.26041,1.0,1.0
5.0,1.4,1.4154902,0.050696425,0.06629519,80.06117,1.0,1.0
5.0,1.6,1.5555094,0.04891879,-0.0358366,84.6889,1.0,1.0
5.0,1.8,1.7240108,0.028272662,0.04816764,119.69204,1.0,1.0
5.0,2.0,2.119131,0.003489662,0.08702092,122.061066,1.0,1.0
5.0,2.2,2.2928429,0.022506848,-0.14757372,315.5888,1.0,1.0
5.0,2.4,2.3592253,0.018903716,0.03919585,391.4626,1.0,1.0
5.0,2.6,2.690949,0.051927824,-0.24163684,121.298645,1.0,0.0625
5.0,2.8,2.856861,0.080414854,0.26219743,162.76837,1.0,0.0
5.0,3.0,2.9026208,0.04910606,0.03499388,247.37515,1.0,1.0
5.0200000000000005,0.0,0.036751136,0.033233628,0.0021256588,8.081684,1.0,1.0
5.0200000000000005,0.2,0.20898679,0.023798913,0.013029385,11.891849,1.0,1.0
5.0200000000000005,0.4,0.4319002,-0.02915026,-0.11358532,15.901355,1.0,1.0
5.0200000000000005,0.6,0.6529554,0.05830681,0.058346912,28.841343,1.0,1.0
5.0200000000000005,0.8,0.78311694,0.040028587,-0.013312219,21.008417,1.0,1.0
5.0200000000000005,1.0,1.0557615,0.06769757,-0.06807728,50.11875,1.0,1.0
5.0200000000000005,1.2,1.1664857,0.056432165,-0.04668163,55.83864,1.0,1.0
5.0200000000000005,1.4,1.4623908,0.050032534,0.12852141,119.73867,1.0,1.0
5.0200000000000005,1.6,1.5887386,0.051447347,-0.011742109,91.35335,1.0,1.0
5.0200000000000005,1.8,1.7379465,0.028706556,-0.0128630875,99.86525,1.0,1.0
5.0200000000000005,2.0,2.1347704,0.0011137724,0.1282791,203.60071,1.0,1.0
5.0200000000000005,2.2,2.2202673,0.009145466,-0.039368637,542.59216,1.0,1.0
5.0200000000000005,2.4,2.3550835,0.007860174,-0.02474999,249.87122,1.0,1.0
5.0200000000000005,2.6,2.6644826,0.049206015,-0.26430374,492.565,1.0,0.0
5.0200000000000005,2.8,2.8805518,0.05905576,0.5144774,306.32043,1.0,0.0
5.0200000000000005,3.0,2.9449906,0.07433678,-0.07469562,253.08264,1.0,1.0
5.04,0.0,0.03981635,0.03494958,-0.0006987468,9.113808,1.0,1.0
5.04,0.2,0.20082003,0.021135502,-0.0155327,13.084093,1.0,1.0
5.04,0.4,0.4390984,-0.023068551,-0.15849091,13.67325,1.0,1.0
5.04,0.6,0.6315809,0.053638615,0.037149493,19.927696,1.0,1.0
5.04,0.8,0.7709421,0.042550445,-0.0037144097,22.471022,1.0,1.0
5.04,1.0,1.0195339,0.0645757,0.0048338664,42.31878,1.0,1.0
5.04,1.2,1.2059281,0.05917164,-0.064207956,56.83125,1.0,1.0
5.04,1.4,1.4290953,0.056038022,0.045030594,116.10588,1.0,1.0
5.04,1.6,1.6360295,0.0470677,0.06557168,91.01727,1.0,1.0
5.04,1.8,1.7689636,0.028388323,-0.048043944,113.394745,1.0,1.0
5.04,2.0,2.0688038,0.030058485,0.045475967,330.11694,1.0,1.0
5.04,2.2,2.1749053,0.0125369,0.067564815,348.76004,1.0,1.0
5.04,2.4,2.392745,0.025268847,-0.09415908,183.74976,1.0,1.0
5.04,2.6,2.5815153,0.04282575,-0.119579375,789.59705,1.0,1.0
5.04,2.8,2.8101368,0.09585888,0.29007795,563.31323,1.0,0.0
5.04,3.0,2.9681427,0.08963381,-0.1854782,172.10532,1.0,0.6875
5.0600000000000005,0.0,0.038970843,0.030972129,0.010747724,8.429228,1.0,1.0
5.0600000000000005,0.2,0.19515133,0.011800385,-0.053000838,8.396086,1.0,1.0
5.0600000000000005,0.4,0.42721897,-0.013049802,-0.11898184,20.678602,1.0,1.0
5.0600000000000005,0.6,0.6051595,0.044427194,-0.042178784,7.384203,1.0,1.0
5.0600000000000005,0.8,0.7683079,0.047170967,0.0011600525,19.142916,1.0,1.0
5.0600000000000005,1.0,0.9883361,0.06795381,0.020548303,39.048466,1.0,1.0
5.0600000000000005,1.2,1.2604889,0.06092526,-0.13502602,49.309204,1.0,1.0
5.0600000000000005,1.4,1.3717005,0.055351686,-0.05888473,94.3073,1.0,1.0
5.0600000000000005,1.6,1.6870759,0.0416213,0.15980107,147.6087,1.0,1.0
5.0600000000000005,1.8,1.8060312,0.028617315,-0.009465658,109.39878,1.0,1.0
5.0600000000000005,2.0,1.9977193,0.013255842,0.016865436,309.78723,1.0,1.0
5.0600000000000005,2.2,2.1844063,0.0063993614,0.100230545,239.11589,1.0,1.0
5.0600000000000005,2.4,2.433149,0.04817476,-0.10770721,190.7673,1.0,1.0
5.0600000000000005,2.6,2.5615873,0.04850579,0.13550588,414.2009,1.0,1.0
5.0600000000000005,2.8,2.7254732,0.08145069,0.18423301,765.3401,1.0,0.6875
5.0600000000000005,3.0,2.9421167,0.099122174,-0.31496513,478.19547,1.0,0.0
5.08,0.0,0.03619597,0.025402987,0.0071861753,7.7493544,1.0,1.0
5.08,0.2,0.1924622,0.0021406014,-0.054054983,5.774356,1.0,1.0
5.08,0.4,0.41541815,-0.010018975,-0.046623386,17.738674,1.0,1.0
5.08,0.6,0.5850513,0.03453041,-0.077360645,11.818253,1.0,1.0
5.08,0.8,0.77587473,0.053855337,-0.0039096144,30.215446,1.0,1.0
5.08,1.0,0.9680202,0.06827598,0.016875116,39.967518,1.0,1.0
5.08,1.2,1.282027,0.06624066,-0.07770446,81.20775,1.0,1.0
5.08,1.4,1.3275312,0.04443429,-0.11578686,90.56926,1.0,1.0
5.08,1.6,1.6391264,0.05330393,0.09902911,166.50891,1.0,1.0
5.08,1.8,1.856136,0.021159343,0.092966795,114.23517,1.0,1.0
5.08,2.0,1.9624532,-0.0031101461,-0.03976965,137.35684,1.0,1.0
5.08,2.2,2.2242036,0.0023389189,0.014704904,206.15263,1.0,1.0
5.08,2.4,2.4604263,0.065579936,-0.115582414,176.23541,1.0,1.0
5.08,2.6,2.604837,0.033276513,0.20491639,296.0513,1.0,0.4375
5.08,2.8,2.6951218,0.042349502,0.12992217,332.5412,1.0,0.8125
5.08,3.0,2.8660398,0.08238119,-0.32420743,1132.7281,1.0,0.0625
5.1000000000000005,0.0,0.030658543,0.021560246,-0.006868782,9.793843,1.0,1.0
5.1000000000000005,0.2,0.19231848,-0.0049764337,-0.050416104,8.267592,1.0,1.0
5.1000000000000005,0.4,0.4074756,-0.008652513,0.011332111,12.659102,1.0,1.0
5.1000000000000005,0.6,0.5734892,0.027737807,-0.079817116,20.16838,1.0,1.0
5.1000000000000005,0.8,0.7974995,0.061891593,-0.006996204,40.533585,1.0,1.0
5.1000000000000005,1.0,0.960401,0.07096647,0.0065417374,25.364328,1.0,1.0
5.1000000000000005,1.2,1.237921,0.05776745,-0.007974418,77.837975,1.0,1.0
5.1000000000000005,1.4,1.3061937,0.037150446,-0.12296383,49.345673,1.0,1.0
5.1000000000000005,1.6,1.5708678,0.052835677,-0.02484373,137.93771,1.0,1.0
5.1000000000000005,1.8,1.8735356,0.021713754,0.0808485,159.07202,1.0,1.0
5.1000000000000005,2.0,1.9722488,0.0009420975,-0.10796618,131.31659,1.0,1.0
5.1000000000000005,2.2,2.2591481,0.00013015373,-0.030498944,177.6071,1.0,1.0
5.1000000000000005,2.4,2.4920144,0.06667418,-0.2327601,152.7915,1.0,0.125
5.1000000000000005,2.6,2.6512198,0.026681148,0.06838305,254.49884,1.0,1.0
5.1000000000000005,2.8,2.7235441,0.040645324,0.10777019,218.85846,1.0,1.0
5.1000000000000005,3.0,2.813341,0.10711638,-0.110034145,737.1963,1.0,0.75
5.12,0.0,0.025592016,0.018870782,-0.024153015,12.588169,1.0,1.0
5.12,0.2,0.19600247,-0.011475065,-0.0523412,9.748472,1.0,1.0
5.12,0.4,0.39876026,-0.007074455,0.009831339,11.730547,1.0,1.0
5.12,0.6,0.57054067,0.023498166,-0.06458275,22.083208,1.0,1.0
5.12,0.8,0.8321247,0.069203585,0.020672323,37.567635,1.0,1.0
5.12,1.0,0.96474516,0.0761645,0.0018413147,30.717192,1.0,1.0
5.12,1.2,1.198457,0.060056068,0.02374367,65.862976,1.0,1.0
5.12,1.4,1.3025287,0.031786226,-0.08722222,44.795265,1.0,1.0
5.12,1.6,1.5210625,0.043387987,-0.11730054,114.07349,1.0,1.0
5.12,1.8,1.807014,0.04185016,0.051219545,223.55757,1.0,1.0
5.12,2.0,2.0030823,0.014368033,-0.09724891,133.48264,1.0,1.0
5.12,2.2,2.2889333,-0.0051939404,0.03970348,147.85333,1.0,1.0
5.12,2.4,2.4581885,0.054049462,-0.18238786,468.01215,1.0,0.6875
5.12,2.6,2.6793857,0.02890724,0.043026578,195.29797,1.0,1.0
5.12,2.8,2.7733138,0.0632677,0.029056195,237.49937,1.0,1.0
5.12,3.0,2.8592703,0.10177293,0.19516659,323.19296,1.0,0.5
5.14,0.0,0.021481697,0.014141503,-0.048217922,6.6427817,1.0,1.0
5.14,0.2,0.20309913,-0.019715028,-0.06454304,10.780028,1.0,1.0
5.14,0.4,0.39069176,-0.0052142423,-0.00595098,11.599695,1.0,1.0
5.14,0.6,0.57313144,0.017880552,-0.049540333,18.82814,1.0,1.0
5.14,0.8,0.870207,0.07431167,0.070519365,35.543655,1.0,1.0
5.14,1.0,0.9830911,0.081530355,0.0056312755,46.559944,1.0,1.0
5.14,1.2,1.1719669,0.06136118,0.01798788,64.18239,1.0,1.0
5.14,1.4,1.3166132,0.032526355,-0.052595243,61.54958,1.0,1.0
5.14,1.6,1.496038,0.034563877,-0.14124075,50.804943,1.0,1.0
5.14,1.8,1.7432343,0.03137599,-0.03201271,203.95923,1.0,1.0
5.14,2.0,2.040997,0.032930683,-0.05963417,139.14352,1.0,1.0
5.14,2.2,2.3253353,-0.02194367,0.21077338,189.22556,1.0,0.25
5.14,2.4,2.3897605,0.056392353,-0.052633457,634.28564,1.0,1.0
5.14,2.6,2.6971393,0.018372782,0.21460056,131.40671,1.0,0.1875
5.14,2.8,2.8109007,0.084423594,-0.049501263,228.76598,1.0,1.0
5.14,3.0,2.919875,0.08388124,0.18496832,323.51175,1.0,0.5
5.16,0.0,0.019635778,0.008187731,-0.062310178,3.9841986,1.0,1.0
5.16,0.2,0.21401608,-0.0291262,-0.08533274,11.15437,1.0,1.0
5.16,0.4,0.38534588,-0.0014117751,-0.011806406,10.035997,1.0,1.0
5.16,0.6,0.58294004,0.009825068,-0.0409107,19.130867,1.0,1.0
5.16,0.8,0.8443864,0.07132104,0.039041393,30.538525,1.0,1.0
5.16,1.0,1.0170698,0.0867537,0.02429262,54.780678,1.0,1.0
5.16,1.2,1.1611336,0.06202517,-0.0056073433,38.19867,1.0,1.0
5.16,1.4,1.3488132,0.03766769,-0.048109964,75.28424,1.0,1.0
5.16,1.6,1.4969512,0.03505559,-0.08598841,66.32237,1.0,1.0
5.16,1.8,1.7075886,0.018901054,-0.116481006,108.89948,1.0,1.0
5.16,2.0,2.0832047,0.03788027,-0.124662235,120.15622,1.0,1.0
5.16,2.2,2.280944,0.005438593,0.102382906,279.2387,1.0,1.0
5.16,2.4,2.3701165,0.058115132,0.12618276,341.90894,1.0,1.0
5.16,2.6,2.6744535,0.0130542815,0.35533452,426.0798,1.0,0.0
5.16,2.8,2.836522,0.094351456,-0.15766826,142.22983,1.0,0.9375
5.16,3.0,2.970932,0.0812243,0.14544511,256.98218,1.0,0.875
5.18,0.0,0.019390266,0.0037368892,-0.06761362,6.2327685,1.0,1.0
5.18,0.2,0.22826195,-0.035836004,-0.104643926,10.818606,1.0,1.0
5.18,0.4,0.3844164,0.0061486075,-0.017759612,9.963046,1.0,1.0
5.18,0.6,0.6029295,0.00169414,-0.04671499,19.36816,1.0,1.0
5.18,0.8,0.8076612,0.06315285,-0.034058183,18.04077,1.0,1.0
5.18,1.0,1.0628856,0.09194864,0.08754757,41.57186,1.0,1.0
5.18,1.2,1.1643451,0.068092994,-0.01840442,38.428123,1.0,1.0
5.18,1.4,1.3968564,0.040865526,-0.0895254,70.302475,1.0,1.0
5.18,1.6,1.519285,0.040875785,-0.04519061,88.3239,1.0,1.0
5.18,1.8,1.7014077,0.014959421,-0.1361161,82.977325,1.0,1.0
5.18,2.0,2.1076007,0.04232408,-0.15340455,172.55692,1.0,1.0
5.18,2.2,2.2051954,0.011818569,0.034179006,457.38226,1.0,1.0
5.18,2.4,2.4114695,0.04344698,0.15593739,267.83386,1.0,0.875
5.18,2.6,2.6148438,0.04829134,0.16637541,662.9486,1.0,1.0
5.18,2.8,2.811901,0.095967434,-0.2567126,480.3971,1.0,0.0625
5.18,3.0,2.9953542,0.07070089,0.3059263,149.9078,1.0,0.0
5.2,0.0,0.02141537,-0.0012960053,-0.07046044,7.593879,1.0,1.0
5.2,0.2,0.2289466,-0.029456645,-0.13425338,8.068577,1.0,1.0
5.2,0.4,0.39078116,0.015677107,-0.022092948,12.664242,1.0,1.0
5.2,0.6,0.63107944,-0.0029866667,-0.08993913,17.589542,1.0,1.0
5.2,0.8,0.77839005,0.054596696,-0.086566694,18.55806,1.0,1.0
5.2,1.0,1.07138,0.09458268,0.05226705,60.99377,1.0,1.0
5.2,1.2,1.1820481,0.073819086,-0.010645201,54.18754,1.0,1.0
5.2,1.4,1.4598521,0.040192805,-0.14707854,90.99915,1.0,1.0
5.2,1.6,1.5559596,0.0494017,-0.058533624,93.00818,1.0,1.0
5.2,1.8,1.7220559,0.024891037,-0.08088678,101.177155,1.0,1.0
5.2,2.0,2.049901,0.019506253,-0.034514315,378.64783,1.0,1.0
5.2,2.2,2.1561043,-0.012753155,-0.019560456,279.65613,1.0,1.0
5.2,2.4,2.4624574,0.03787752,0.05127111,222.12683,1.0,1.0
5.2,2.6,2.5416367,0.022110522,0.14465633,624.4679,1.0,1.0
5.2,2.8,2.7381096,0.07889531,-0.17896542,948.4917,1.0,0.5625
5.2,3.0,3.0011175,0.049644127,0.60453767,419.6855,1.0,0.0
5.22,0.0,0.025721237,-0.0063159224,-0.08070309,8.44444,1.0,1.0
5.22,0.2,0.2261922,-0.016142271,-0.14377731,18.181469,1.0,1.0
5.22,0.4,0.40688998,0.024970822,-0.011154289,15.184296,1.0,1.0
5.22,0.6,0.6514547,-0.002025121,-0.16260073,21.365253,1.0,1.0
5.22,0.8,0.7639793,0.048103116,-0.09748717,27.507736,1.0,1.0
5.22,1.0,1.0253047,0.09471991,0.012960272,40.485184,1.0,1.0
5.22,1.2,1.2166073,0.0767707,0.023130149,68.186356,1.0,1.0
5.22,1.4,1.4467,0.04374095,-0.04990775,128.94775,1.0,1.0
5.22,1.6,1.6081944,0.05196035,-0.109526366,83.62474,1.0,1.0
5.22,1.8,1.7587293,0.038142636,-0.055629335,114.68512,1.0,1.0
5.22,2.0,1.9868265,0.024235513,0.05868078,357.5863,1.0,1.0
5.22,2.2,2.1535592,-0.013741206,-0.090863205,197.1276,1.0,1.0
5.22,2.4,2.4950387,0.03555088,0.038911425,177.68787,1.0,1.0
5.22,2.6,2.5363698,-0.0072011203,0.08786813,305.10187,1.0,1.0
5.22,2.8,2.6999664,0.09286795,0.060742863,579.9939,1.0,0.875
5.22,3.0,2.9331427,0.09372786,0.2889114,743.1555,1.0,0.0625
5.24,0.0,0.031668115,-0.011811665,-0.10084133,9.040969,1.0,1.0
5.24,0.2,0.216626,-0.008902493,-0.08774237,16.831253,1.0,1.0
5.24,0.4,0.4298427,0.031650618,0.028661637,14.40984,1.0,1.0
5.24,0.6,0.63401914,0.0062593203,-0.13319291,20.448505,1.0,1.0
5.24,0.8,0.76026905,0.043517724,-0.07902916,23.588512,1.0,1.0
5.24,1.0,0.9868469,0.08669526,-0.055249643,33.63347,1.0,1.0
5.24,1.2,1.2649236,0.08059431,0.08645547,56.5213,1.0,1.0
5.24,1.4,1.3926146,0.036172763,0.04054399,116.65071,1.0,1.0
5.24,1.6,1.6551393,0.057672188,-0.12017939,110.87598,1.0,1.0
5.24,1.8,1.8035259,0.045583792,-0.099813774,105.224655,1.0,1.0
5.24,2.0,1.9673241,0.022353087,0.105833314,179.73112,1.0,1.0
5.24,2.2,2.186224,0.0027364483,-0.12852144,166.7911,1.0,1.0
5.24,2.4,2.5223172,0.024216577,0.17729673,138.37282,1.0,0.875
5.24,2.6,2.5790205,0.005231224,0.016788442,205.63654,1.0,1.0
5.24,2.8,2.7414675,0.07872148,0.24657366,311.27472,1.0,0.125
5.24,3.0,2.8405972,0.07170016,0.23068538,849.4633,1.0,0.375
5.26,0.0,0.038165763,-0.016549345,-0.12061291,8.999022,1.0,1.0
5.26,0.2,0.2100991,-0.0038160044,-0.011076472,10.269299,1.0,1.0
5.26,0.4,0.42732248,0.02930428,0.0178706,12.838018,1.0,1.0
5.26,0.6,0.6173844,0.007451417,-0.04965096,11.621401,1.0,1.0
5.26,0.8,0.764304,0.03762205,-0.04786024,25.456123,1.0,1.0
5.26,1.0,0.9644804,0.077479854,-0.103510186,37.053013,1.0,1.0
5.26,1.2,1.2930782,0.081498444,0.06434196,75.138275,1.0,1.0
5.26,1.4,1.3504548,0.04083405,0.047080304,107.814835,1.0,1.0
5.26,1.6,1.6213388,0.043758303,-0.02178348,176.39752,1.0,1.0
5.26,1.8,1.8614147,0.04617717,-0.16830373,122.33209,1.0,1.0
5.26,2.0,1.996198,0.017370796,0.06234581,159.25839,1.0,1.0
5.26,2.2,2.2180548,0.021954335,-0.11405699,170.63971,1.0,1.0
5.26,2.4,2.5127602,0.020945473,0.27997446,323.20044,1.0,0.0625
5.26,2.6,2.6334832,0.026992436,-0.05593289,217.08134,1.0,1.0
5.26,2.8,2.7953703,0.060273133,0.17081422,289.56754,1.0,0.8125
5.26,3.0,2.82546,0.030155346,0.1930139,330.89526,1.0,0.4375
5.28,0.0,0.039221674,-0.012089627,-0.12576112,3.0294747,1.0,1.0
5.28,0.2,0.20432585,-0.0014276975,0.020411585,7.642855,1.0,1.0
5.28,0.4,0.41093063,0.025027301,-0.017687757,14.10617,1.0,1.0
5.28,0.6,0.6044138,0.008321801,0.0011141484,13.056371,1.0,1.0
5.28,0.8,0.7775793,0.032517735,-0.03241717,25.671026,1.0,1.0
5.28,1.0,0.95833254,0.07115109,-0.10026403,29.139164,1.0,1.0
5.28,1.2,1.2374897,0.08372046,0.017139206,67.51623,1.0,1.0
5.28,1.4,1.3284321,0.04188279,0.021746052,72.12683,1.0,1.0
5.28,1.6,1.5640752,0.042451028,0.033591896,166.4568,1.0,1.0
5.28,1.8,1.8392217,0.03656767,-0.049939472,211.15936,1.0,1.0
5.28,2.0,2.0369449,0.014010556,-0.010314695,151.72937,1.0,1.0
5.28,2.2,2.2500231,0.03734871,-0.12681097,156.40927,1.0,1.0
5.28,2.4,2.4487708,0.04994761,0.12907009,526.72864,1.0,1.0
5.28,2.6,2.6657367,0.046478078,-0.08234088,207.62965,1.0,1.0
5.28,2.8,2.8356526,0.058663294,0.12252243,227.12285,1.0,1.0
5.28,3.0,2.8607035,0.029797018,0.18070352,206.6235,1.0,0.5625
5.3,0.0,0.0381567,-2.2517692e-05,-0.13675335,12.433786,1.0,1.0
5.3,0.2,0.19830203,0.0005054972,0.009127775,6.3950624,1.0,1.0
5.3,0.4,0.39695746,0.01670165,-0.07563371,9.221479,1.0,1.0
5.3,0.6,0.5913024,0.01106218,0.007258947,16.483473,1.0,1.0
5.3,0.8,0.8046199,0.027483016,-0.0401143,26.572338,1.0,1.0
5.3,1.0,0.9603646,0.06735985,-0.062119834,27.437431,1.0,1.0
5.3,1.2,1.1885161,0.07802226,-0.05860237,57.96257,1.0,1.0
5.3,1.4,1.3261074,0.04202807,-0.019879438,47.472206,1.0,1.0
5.3,1.6,1.5306442,0.04453595,0.04116535,125.40335,1.0,1.0
5.3,1.8,1.7758462,0.02638868,0.03157008,244.47725,1.0,1.0
5.3,2.0,2.075372,0.011921034,-0.013479732,131.5857,1.0,1.0
5.3,2.2,2.2912798,0.03261365,-0.23987982,151.82144,1.0,0.0
5.3,2.4,2.373853,0.026347717,0.098288074,499.38153,1.0,1.0
5.3,2.6,2.699408,0.05087885,-0.22719511,116.749985,1.0,0.0625
5.3,2.8,2.8552716,0.04708644,0.28518024,146.5444,1.0,0.0
5.3,3.0,2.913742,0.053670585,0.08514862,259.41672,1.0,1.0
5.32,0.0,0.035587348,0.011173818,-0.12454431,12.7594595,1.0,1.0
5.32,0.2,0.1947573,0.0039355885,0.0007612592,4.8063297,1.0,1.0
5.32,0.4,0.38822174,0.007820835,-0.07692981,8.81192,1.0,1.0
5.32,0.6,0.5809934,0.013122776,0.0050424333,18.924295,1.0,1.0
5.32,0.8,0.8408321,0.024124531,-0.095736265,27.373337,1.0,1.0
5.32,1.0,0.97387195,0.06555872,-0.032398842,31.734299,1.0,1.0
5.32,1.2,1.1597171,0.06880732,-0.10872193,54.420513,1.0,1.0
5.32,1.4,1.3404601,0.04756197,-0.028023107,65.99213,1.0,1.0
5.32,1.6,1.5228069,0.044538237,0.0038095396,69.13666,1.0,1.0
5.32,1.8,1.7375855,0.027883377,0.05068867,168.5109,1.0,1.0
5.32,2.0,2.116333,0.0032460028,0.086400576,122.35436,1.0,1.0
5.32,2.2,2.257935,0.01940165,-0.15002759,408.5843,1.0,1.0
5.32,2.4,2.355497,0.0027658772,0.030980486,265.4667,1.0,1.0
5.32,2.6,2.6744938,0.04884106,-0.2651439,497.08038,1.0,0.0
5.32,2.8,2.8515592,0.030688792,0.49526137,409.1187,1.0,0.0
5.32,3.0,2.9535944,0.07410076,-0.02827539,238.63686,1.0,1.0
5.34,0.0,0.031452447,0.016581189,-0.09207669,11.010464,1.0,1.0
5.34,0.2,0.19438533,0.010126842,0.0014411516,4.1376786,1.0,1.0
5.34,0.4,0.38372105,0.0021611098,-0.061269403,13.793198,1.0,1.0
5.34,0.6,0.57566714,0.016820524,0.0029472632,14.293734,1.0,1.0
5.34,0.8,0.86523116,0.024848036,-0.12445102,41.12613,1.0,1.0
5.34,1.0,1.0005271,0.06540379,-0.034232333,38.354733,1.0,1.0
5.34,1.2,1.1494133,0.06174304,-0.09917213,29.226254,1.0,1.0
5.34,1.4,1.3710332,0.049567573,0.0038688364,79.00943,1.0,1.0
5.34,1.6,1.5383815,0.045519255,-0.0498375,80.23297,1.0,1.0
5.34,1.8,1.7314723,0.02816661,0.017453931,102.96698,1.0,1.0
5.34,2.0,2.1308827,0.0009351764,0.12283948,201.55017,1.0,1.0
5.34,2.2,2.1906986,0.022747833,-0.016705722,503.76416,1.0,1.0
5.34,2.4,2.386232,0.012921011,-0.047145996,193.35234,1.0,1.0
5.34,2.6,2.5902727,0.039493695,-0.12122586,776.8373,1.0,1.0
5.34,2.8,2.7885942,0.06955481,0.26895246,647.0034,1.0,0.125
5.34,3.0,2.9811482,0.082490586,-0.17640693,162.57635,1.0,0.8125
5.36,0.0,0.03101912,0.019858025,-0.052415706,5.4234962,1.0,1.0
5.36,0.2,0.19794086,0.017877063,0.00036584013,5.5884914,1.0,1.0
5.36,0.4,0.38415214,-0.0023650723,-0.05085497,14.509655,1.0,1.0
5.36,0.6,0.5775813,0.025122939,-0.011021216,18.847784,1.0,1.0
5.36,0.8,0.8394134,0.0296384,-0.108115286,21.130577,1.0,1.0
5.36,1.0,1.0428758,0.06507254,-0.07731815,39.510246,1.0,1.0
5.36,1.2,1.1520712,0.058720127,-0.056623243,36.584923,1.0,1.0
5.36,1.4,1.4174575,0.047923833,0.064115696,80.8282,1.0,1.0
5.36,1.6,1.5680096,0.04901774,-0.051372327,96.76579,1.0,1.0
5.36,1.8,1.7491212,0.02869172,-0.04560567,107.77024,1.0,1.0
5.36,2.0,2.0669346,0.030959656,0.04169769,331.45108,1.0,1.0
5.36,2.2,2.1660209,0.024572372,0.09519542,266.03207,1.0,1.0
5.36,2.4,2.4332957,0.0335601,-0.07974793,196.84242,1.0,1.0
5.36,2.6,2.5655572,0.045893706,0.13357784,404.92108,1.0,1.0
5.36,2.8,2.7062366,0.04393305,0.20150912,739.0755,1.0,0.375
5.36,3.0,2.9484396,0.0851296,-0.29558733,698.6754,1.0,0.0
5.38,0.0,0.030815907,0.022020277,-0.03491804,2.8052578,1.0,1.0
5.38,0.2,0.20728299,0.026066564,0.005218087,9.248212,1.0,1.0
5.38,0.4,0.3899719,-0.009469364,-0.047457222,13.262653,1.0,1.0
5.38,0.6,0.58978045,0.03514253,-0.0236873,25.171768,1.0,1.0
5.38,0.8,0.8174263,0.030011006,-0.032798156,11.428065,1.0,1.0
5.38,1.0,1.086818,0.068853416,-0.14258441,56.00022,1.0,1.0
5.38,1.2,1.1688269,0.058842346,-0.028462902,46.333553,1.0,1.0
5.38,1.4,1.4643767,0.047015063,0.1262734,123.67784,1.0,1.0
5.38,1.6,1.6097894,0.048703164,0.0065164305,94.71878,1.0,1.0
5.38,1.8,1.7813423,0.028824164,-0.061807014,118.166595,1.0,1.0
5.38,2.0,1.9962878,0.014348891,0.014069507,310.81592,1.0,1.0
5.38,2.2,2.1943846,0.0165254,0.09035244,224.44606,1.0,1.0
5.38,2.4,2.4642763,0.052073292,-0.08219566,182.77092,1.0,1.0
5.38,2.6,2.606844,0.029300895,0.21067974,291.45984,1.0,0.375
5.38,2.8,2.6947894,0.007095143,0.15207422,316.13257,1.0,0.8125
5.38,3.0,2.8615153,0.0766289,-0.19805054,976.7832,1.0,0.625
5.4,0.0,0.030005611,0.023328925,-0.025169231,3.0972767,1.0,1.0
5.4,0.2,0.21761084,0.031202383,0.015253613,10.652115,1.0,1.0
5.4,0.4,0.4006784,-0.018195875,-0.05380225,12.301508,1.0,1.0
5.4,0.6,0.61395514,0.04432969,-0.009097561,25.11035,1.0,1.0
5.4,0.8,0.79674125,0.033260904,-0.008044857,15.796589,1.0,1.0
5.4,1.0,1.0562068,0.06688765,-0.068851575,49.937004,1.0,1.0
5.4,1.2,1.2029824,0.061483253,-0.034100763,55.2276,1.0,1.0
5.4,1.4,1.429821,0.05351094,0.04348544,114.693344,1.0,1.0
5.4,1.6,1.6657841,0.044301696,0.10331474,105.24957,1.0,1.0
5.4,1.8,1.8200836,0.02860555,0.00023686129,106.79625,1.0,1.0
5.4,2.0,1.9613112,-0.002027248,-0.042352222,138.57278,1.0,1.0
5.4,2.2,2.2362318,0.014791058,-0.005390144,198.71027,1.0,1.0
5.4,2.4,2.498433,0.05697256,-0.19065353,132.84158,1.0,0.6875
5.4,2.6,2.6541395,0.02030002,0.076109946,249.30016,1.0,1.0
5.4,2.8,2.7327743,0.011618577,0.109831825,204.78284,1.0,1.0
5.4,3.0,2.8512018,0.08720454,0.1427076,498.88477,1.0,0.75
5.42,0.0,0.030823879,0.025530517,-0.013055324,4.9426847,1.0,1.0
5.42,0.2,0.21746211,0.02659871,0.03399843,12.399494,1.0,1.0
5.42,0.4,0.41851312,-0.0256002,-0.07849231,13.357285,1.0,1.0
5.42,0.6,0.64581776,0.05079139,0.047278974,16.128748,1.0,1.0
5.42,0.8,0.7788557,0.035442684,-2.5501708e-05,23.398876,1.0,1.0
5.42,1.0,1.0199444,0.06396131,0.0036099546,42.17434,1.0,1.0
5.42,1.2,1.2519331,0.06283807,-0.08681585,51.729843,1.0,1.0
5.42,1.4,1.3718946,0.052087426,-0.06274466,92.33003,1.0,1.0
5.42,1.6,1.6651595,0.047808416,0.039025158,144.44131,1.0,1.0
5.42,1.8,1.8740224,0.018137896,0.1457217,129.3186,1.0,1.0
5.42,2.0,1.9712349,0.0019810675,-0.11012069,131.74463,1.0,1.0
5.42,2.2,2.2683568,0.013137329,-0.017594062,168.69559,1.0,1.0
5.42,2.4,2.4826493,0.05214945,-0.1973696,368.2761,1.0,0.5
5.42,2.6,2.6837773,0.021857373,0.04576464,190.55617,1.0,1.0
5.42,2.8,2.7874007,0.03449914,0.015435407,242.65933,1.0,1.0
5.42,3.0,2.9003522,0.06522977,0.29158953,299.21216,1.0,0.0625
5.44,0.0,0.03292781,0.028934952,-0.0042645633,6.3896236,1.0,1.0
5.44,0.2,0.20891616,0.023884986,0.01281935,11.915826,1.0,1.0
5.44,0.4,0.44155467,-0.028927926,-0.12075581,12.796663,1.0,1.0
5.44,0.6,0.63433045,0.0490949,0.018912388,24.023506,1.0,1.0
5.44,0.8,0.7697683,0.038304124,0.004329265,20.541008,1.0,1.0
5.44,1.0,0.9887155,0.067452274,0.019618342,38.894814,1.0,1.0
5.44,1.2,1.2994907,0.066370785,-0.12125827,75.28139,1.0,1.0
5.44,1.4,1.327309,0.04107787,-0.12089262,89.49081,1.0,1.0
5.44,1.6,1.5974216,0.060076106,-0.008132355,150.39267,1.0,1.0
5.44,1.8,1.8645599,0.02691819,0.081958055,177.55647,1.0,1.0
5.44,2.0,2.0021076,0.015466625,-0.09870768,132.7789,1.0,1.0
5.44,2.2,2.3009703,0.005465893,0.08287834,142.02652,1.0,1.0
5.44,2.4,2.4132025,0.0373948,-0.071581125,660.6404,1.0,0.9375
5.44,2.6,2.7009363,0.010661833,0.22229831,131.34402,1.0,0.125
5.44,2.8,2.824205,0.054093517,-0.05259946,222.68353,1.0,1.0
5.44,3.0,2.9553654,0.047939904,0.20241794,295.90454,1.0,0.4375
5.46,0.0,0.036673497,0.03316574,0.0021283915,8.051006,1.0,1.0
5.46,0.2,0.20068026,0.021119665,-0.015626919,13.144983,1.0,1.0
5.46,0.4,0.44288737,-0.020983685,-0.1677079,17.358856,1.0,1.0
5.46,0.6,0.6043491,0.041607186,-0.050549325,11.33063,1.0,1.0
5.46,0.8,0.77021646,0.044084884,-0.0012526975,21.678356,1.0,1.0
5.46,1.0,0.9684014,0.06787865,0.016439505,39.865963,1.0,1.0
5.46,1.2,1.2590764,0.060388103,-0.03260195,86.30231,1.0,1.0
5.46,1.4,1.305584,0.034683123,-0.12816373,48.487755,1.0,1.0
5.46,1.6,1.5436461,0.051898777,-0.092233285,140.69537,1.0,1.0
5.46,1.8,1.7924571,0.04294511,0.039099984,225.28003,1.0,1.0
5.46,2.0,2.0400238,0.034143165,-0.06058683,139.07281,1.0,1.0
5.46,2.2,2.3237944,-0.0037674387,0.21245252,242.5744,1.0,0.125
5.46,2.4,2.3706436,0.04295422,0.0967904,397.57803,1.0,1.0
5.46,2.6,2.670038,0.007803168,0.3599097,406.30902,1.0,0.0
5.46,2.8,2.8549757,0.059691437,-0.18951234,134.1453,1.0,0.6875
5.46,3.0,2.989888,0.044066302,0.19332713,208.95782,1.0,0.625
5.48,0.0,0.0397845,0.034905657,-0.00064571085,9.115828,1.0,1.0
5.48,0.2,0.1949986,0.011736607,-0.052857827,8.394684,1.0,1.0
5.48,0.4,0.4286753,-0.011802196,-0.11721283,21.618158,1.0,1.0
5.48,0.6,0.58089507,0.032423057,-0.10364996,10.299648,1.0,1.0
5.48,0.8,0.78255576,0.050868556,-0.010756858,34.31447,1.0,1.0
5.48,1.0,0.9608006,0.070717126,0.0064686122,25.333166,1.0,1.0
5.48,1.2,1.2111597,0.05861163,0.0052156276,72.76173,1.0,1.0
5.48,1.4,1.3017359,0.029794363,-0.092803165,45.75311,1.0,1.0
5.48,1.6,1.5141683,0.03848806,-0.13106939,80.39087,1.0,1.0
5.48,1.8,1.7339375,0.029472353,-0.039100647,194.81326,1.0,1.0
5.48,2.0,2.082209,0.039249886,-0.1246597,120.742065,1.0,1.0
5.48,2.2,2.2731643,0.025294213,0.10284061,371.91833,1.0,1.0
5.48,2.4,2.3946867,0.030902823,0.16761714,279.65887,1.0,0.625
5.48,2.6,2.6071355,0.042103607,0.15206984,681.77966,1.0,1.0
5.48,2.8,2.8284764,0.058840416,-0.26978472,571.403,1.0,0.0
5.48,3.0,3.0063038,0.026174843,0.43413314,150.47112,1.0,0.0
5.5,0.0,0.038955543,0.030941425,0.010782049,8.443594,1.0,1.0
5.5,0.2,0.19230169,0.0020897023,-0.05380658,5.7753253,1.0,1.0
5.5,0.4,0.41628808,-0.009733321,-0.032424334,15.0501175,1.0,1.0
5.5,0.6,0.5659876,0.024943337,-0.10290742,17.761293,1.0,1.0
5.5,0.8,0.8085917,0.058946006,-0.005604663,40.680084,1.0,1.0
5.5,1.0,0.96517265,0.07601464,0.0018337162,30.790136,1.0,1.0
5.5,1.2,1.1743064,0.059284776,-0.0040187603,63.5356,1.0,1.0
5.5,1.4,1.3156371,0.030810673,-0.056830134,62.526237,1.0,1.0
5.5,1.6,1.5116787,0.036268294,-0.095491335,63.52497,1.0,1.0
5.5,1.8,1.7058218,0.016614636,-0.10932195,93.73016,1.0,1.0
5.5,2.0,2.1075196,0.043679833,-0.15550922,170.18274,1.0,1.0
5.5,2.2,2.2000396,0.015189511,0.0793641,426.9676,1.0,1.0
5.5,2.4,2.440502,0.021710219,0.056645937,227.1365,1.0,1.0
5.5,2.6,2.5350206,0.01274509,0.11931139,608.4457,1.0,1.0
5.5,2.8,2.745325,0.048638828,-0.14821339,892.92456,1.0,0.9375
5.5,3.0,2.946873,0.03099797,0.48686326,463.3282,1.0,0.0
5.5200000000000005,0.0,0.036197625,0.025383506,0.0072943764,7.7392445,1.0,1.0
5.5200000000000005,0.2,0.19218934,-0.00501306,-0.05020999,8.249154,1.0,1.0
5.5200000000000005,0.4,0.4064655,-0.009006526,0.019337036,12.315374,1.0,1.0
5.5200000000000005,0.6,0.56141,0.020652514,-0.08702868,21.37224,1.0,1.0
5.5200000000000005,0.8,0.8458408,0.065334715,0.039825536,31.74427,1.0,1.0
5.5200000000000005,1.0,0.98356426,0.08146881,0.0056267325,46.67353,1.0,1.0
5.5200000000000005,1.2,1.1549823,0.057417065,-0.027382746,38.482864,1.0,1.0
5.5200000000000005,1.4,1.3478339,0.03614626,-0.05144972,76.2946,1.0,1.0
5.5200000000000005,1.6,1.5297251,0.04120648,-0.045172237,78.868095,1.0,1.0
5.5200000000000005,1.8,1.7077515,0.015566019,-0.10881584,88.850235,1.0,1.0
5.5200000000000005,2.0,2.053319,0.020498013,-0.030579992,381.39166,1.0,1.0
5.5200000000000005,2.2,2.1666853,-0.007548846,0.018784808,218.75806,1.0,1.0
5.5200000000000005,2.4,2.4748492,0.021560777,0.011520935,192.27097,1.0,1.0
5.5200000000000005,2.6,2.5308905,-0.013374735,0.051959258,299.1148,1.0,1.0
5.5200000000000005,2.8,2.7269263,0.05628767,0.14284024,473.0731,1.0,0.9375
5.5200000000000005,3.0,2.892942,0.06392006,0.18810982,915.05774,1.0,0.625
5.54,0.0,0.03069064,0.021548748,-0.006817973,9.728491,1.0,1.0
5.54,0.2,0.19591343,-0.011499403,-0.052150197,9.758846,1.0,1.0
5.54,0.4,0.3969084,-0.0069436245,0.013314881,11.9353485,1.0,1.0
5.54,0.6,0.56302196,0.016067892,-0.066712394,18.115398,1.0,1.0
5.54,0.8,0.86346877,0.06903102,0.048720986,40.285934,1.0,1.0
5.54,1.0,1.0176078,0.08676743,0.024423448,54.86357,1.0,1.0
5.54,1.2,1.1517417,0.061398014,-0.050664566,31.355637,1.0,1.0
5.54,1.4,1.3957981,0.039695513,-0.09338195,71.13214,1.0,1.0
5.54,1.6,1.5646381,0.05129631,-0.03926222,92.950485,1.0,1.0
5.54,1.8,1.7341981,0.025765374,-0.05704797,105.44061,1.0,1.0
5.54,2.0,1.9903786,0.024774585,0.059938096,359.62845,1.0,1.0
5.54,2.2,2.1814961,-0.004301031,-0.069990665,178.63808,1.0,1.0
5.54,2.4,2.4978662,0.013850188,0.122961424,156.84369,1.0,1.0
5.54,2.6,2.5732794,0.0010621957,-0.014898245,202.7991,1.0,1.0
5.54,2.8,2.7723742,0.03661914,0.25311935,297.42517,1.0,0.0625
5.54,3.0,2.8237395,0.027844228,0.118728824,691.48425,1.0,0.75
5.5600000000000005,0.0,0.025641195,0.018864568,-0.02411014,12.517507,1.0,1.0
5.5600000000000005,0.2,0.20304978,-0.01973597,-0.064330176,10.79824,1.0,1.0
5.5600000000000005,0.4,0.38928485,-0.0044329874,-0.0021730436,11.558547,1.0,1.0
5.5600000000000005,0.6,0.57102406,0.008358267,-0.048470203,19.142897,1.0,1.0
5.5600000000000005,0.8,0.8277305,0.06669169,0.0012515201,22.822838,1.0,1.0
5.5600000000000005,1.0,1.0634855,0.09205041,0.0877918,41.577087,1.0,1.0
5.5600000000000005,1.2,1.1630663,0.06749029,-0.04652168,48.677006,1.0,1.0
5.5600000000000005,1.4,1.4583898,0.039160453,-0.14356068,85.895645,1.0,1.0
5.5600000000000005,1.6,1.6124711,0.056356184,-0.08008695,87.37284,1.0,1.0
5.5600000000000005,1.8,1.773493,0.038135894,-0.0491437,113.4276,1.0,1.0
5.5600000000000005,2.0,1.971039,0.022858376,0.10601936,182.13644,1.0,1.0
5.5600000000000005,2.2,2.219633,0.010959098,-0.083457276,167.44739,1.0,1.0
5.5600000000000005,2.4,2.5193727,-0.0009593442,0.29473406,247.74619,1.0,0.0625
5.5600000000000005,2.6,2.6282623,0.024957102,-0.08377754,218.36871,1.0,1.0
5.5600000000000005,2.8,2.8237243,0.022462308,0.14263692,275.78714,1.0,0.9375
5.5600000000000005,3.0,2.8408122,0.003296785,0.082334176,310.03397,1.0,0.75
5.58,0.0,0.021540238,0.014148384,-0.048127346,6.5409513,1.0,1.0
5.58,0.2,0.213955,-0.029129233,-0.085129626,11.1313095,1.0,1.0
5.58,0.4,0.38519394,0.00041979365,-0.009842372,9.42371,1.0,1.0
5.58,0.6,0.58721024,0.0003427174,-0.045251,17.52074,1.0,1.0
5.58,0.8,0.7952626,0.059582833,-0.06526018,19.293419,1.0,1.0
5.58,1.0,1.0721737,0.094835036,0.05271178,60.899654,1.0,1.0
5.58,1.2,1.189534,0.07091443,-0.014543923,63.456623,1.0,1.0
5.58,1.4,1.44554,0.044515952,-0.05839082,123.78888,1.0,1.0
5.58,1.6,1.6758527,0.05792981,-0.15323716,109.78047,1.0,1.0
5.58,1.8,1.821971,0.04202807,-0.11255284,106.706894,1.0,1.0
5.58,2.0,1.9999397,0.018004443,0.06325173,158.69453,1.0,1.0
5.58,2.2,2.2529345,0.028330233,-0.062373113,163.57037,1.0,1.0
5.58,2.4,2.4646914,0.02770067,0.17537765,422.01572,1.0,0.75
5.58,2.6,2.660943,0.045038115,-0.106727496,207.4663,1.0,1.0
5.58,2.8,2.8566697,0.020922832,0.12422791,200.51854,1.0,1.0
5.58,3.0,2.890641,0.019414589,0.047955357,219.6347,1.0,0.875
5.6000000000000005,0.0,0.019667687,0.00820439,-0.06212628,3.9835114,1.0,1.0
5.6000000000000005,0.2,0.2283938,-0.0357439,-0.10365601,11.459413,1.0,1.0
5.6000000000000005,0.4,0.38617373,0.008826503,-0.017654581,10.978985,1.0,1.0
5.6000000000000005,0.6,0.6136141,-0.005094503,-0.0731281,16.570343,1.0,1.0
5.6000000000000005,0.8,0.7718107,0.05098597,-0.09787223,23.075787,1.0,1.0
5.6000000000000005,1.0,1.0260241,0.09511074,0.013766992,40.787834,1.0,1.0
5.6000000000000005,1.2,1.232434,0.07355278,0.042825796,63.592384,1.0,1.0
5.6000000000000005,1.4,1.3914891,0.037370697,0.034990843,113.90583,1.0,1.0
5.6000000000000005,1.6,1.6568788,0.052130803,-0.04484437,170.42624,1.0,1.0
5.6000000000000005,1.8,1.8692193,0.045223344,-0.13323554,137.6008,1.0,1.0
5.6000000000000005,2.0,2.0407481,0.014685946,-0.009129251,151.62082,1.0,1.0
5.6000000000000005,2.2,2.2886763,0.036199126,-0.12714058,138.93703,1.0,1.0
5.6000000000000005,2.4,2.3914945,0.017612243,0.11511114,544.1878,1.0,1.0
5.6000000000000005,2.6,2.695216,0.04942622,-0.24895024,115.986336,1.0,0.0
5.6000000000000005,2.8,2.8740182,0.0056722313,0.32710594,133.41595,1.0,0.0
5.6000000000000005,3.0,2.9485476,0.04803738,-0.039216734,262.23846,1.0,1.0
5.62,0.0,0.01940757,0.003757954,-0.067409724,6.219368,1.0,1.0
5.62,0.2,0.2286576,-0.029530644,-0.13435806,8.14517,1.0,1.0
5.62,0.4,0.3949095,0.01856172,-0.020760208,13.180885,1.0,1.0
5.62,0.6,0.6428606,-0.006747311,-0.14094728,19.516132,1.0,1.0
5.62,0.8,0.7624908,0.045961093,-0.097604915,26.825935,1.0,1.0
5.62,1.0,0.9874736,0.08708769,-0.054197483,33.822678,1.0,1.0
5.62,1.2,1.2767247,0.075897284,0.10393282,80.593925,1.0,1.0
5.62,1.4,1.3492515,0.04247096,0.044692285,105.00316,1.0,1.0
5.62,1.6,1.5926377,0.04065813,0.023351956,168.60104,1.0,1.0
5.62,1.8,1.8274829,0.026791314,-0.033579655,243.48013,1.0,1.0
5.62,2.0,2.0792627,0.01260259,-0.013117082,131.90628,1.0,1.0
5.62,2.2,2.3086698,0.03390178,-0.18790138,211.57617,1.0,0.4375
5.62,2.4,2.3608356,-0.009965222,0.05319071,282.38382,1.0,1.0
5.62,2.6,2.6657238,0.047488715,-0.274754,484.1184,1.0,0.0625
5.62,2.8,2.8334575,0.0044149607,0.42783287,434.831,1.0,0.0
5.62,3.0,2.9840863,0.06833458,-0.105586335,217.72385,1.0,1.0
5.64,0.0,0.021425165,-0.0012746484,-0.07030564,7.5917015,1.0,1.0
5.64,0.2,0.22570479,-0.01633716,-0.14287698,17.980091,1.0,1.0
5.64,0.4,0.41343993,0.027166199,-0.002035053,15.185723,1.0,1.0
5.64,0.6,0.6344471,-4.509464e-06,-0.16122189,23.439331,1.0,1.0
5.64,0.8,0.7614229,0.041360676,-0.06980549,21.114857,1.0,1.0
5.64,1.0,0.9650519,0.077782944,-0.10272735,36.950546,1.0,1.0
5.64,1.2,1.238848,0.080133036,0.044246636,76.88161,1.0,1.0
5.64,1.4,1.3271835,0.04381392,0.019496584,72.10294,1.0,1.0
5.64,1.6,1.5496421,0.04145845,0.037322775,140.7084,1.0,1.0
5.64,1.8,1.7651317,0.024198562,0.030419374,244.01466,1.0,1.0
5.64,2.0,2.1203399,0.0039899545,0.0855573,123.2543,1.0,1.0
5.64,2.2,2.2559812,0.013949182,-0.09219229,506.04266,1.0,1.0
5.64,2.4,2.383836,-0.00576354,-0.030576061,213.10887,1.0,1.0
5.64,2.6,2.5857182,0.041107874,-0.12320884,774.60626,1.0,1.0
5.64,2.8,2.770236,0.03740713,0.16533923,777.24756,1.0,0.625
5.64,3.0,2.9992142,0.07168348,-0.2319546,308.34955,1.0,0.375
5.66,0.0,0.025740638,-0.0062917313,-0.080639414,8.506409,1.0,1.0
5.66,0.2,0.21611974,-0.009227874,-0.08692394,16.715725,1.0,1.0
5.66,0.4,0.43398225,0.032618016,0.03132551,15.953936,1.0,1.0
5.66,0.6,0.6175358,0.0032815496,-0.09018247,16.71176,1.0,1.0
5.66,0.8,0.7679391,0.03655771,-0.043110885,24.778687,1.0,1.0
5.66,1.0,0.9588884,0.07134934,-0.09976609,28.886627,1.0,1.0
5.66,1.2,1.1862686,0.075595304,-0.037765525,62.202477,1.0,1.0
5.66,1.4,1.3246049,0.044039704,-0.021277104,46.765224,1.0,1.0
5.66,1.6,1.530726,0.04178131,0.006201616,79.21689,1.0,1.0
5.66,1.8,1.7354002,0.024382029,0.048594214,147.08185,1.0,1.0
5.66,2.0,2.135838,0.0012359396,0.12161338,200.75284,1.0,1.0
5.66,2.2,2.1942346,0.019487448,0.013694735,441.67798,1.0,1.0
5.66,2.4,2.4317436,0.013814693,-0.08485691,198.4581,1.0,1.0
5.66,2.6,2.5644693,0.04737756,0.13681671,402.78522,1.0,1.0
5.66,2.8,2.6943707,0.0041004866,0.09771593,671.7334,1.0,0.75
5.66,3.0,2.9395344,0.06194269,-0.29673892,1004.0779,1.0,0.125
5.68,0.0,0.031671748,-0.011787064,-0.100715145,8.986588,1.0,1.0
5.68,0.2,0.20959634,-0.004136177,-0.010667512,10.16464,1.0,1.0
5.68,0.4,0.42318076,0.028494388,0.015494067,12.934317,1.0,1.0
5.68,0.6,0.60669345,0.00385236,-0.015107727,13.316181,1.0,1.0
5.68,0.8,0.78596425,0.03196829,-0.03528212,24.803677,1.0,1.0
5.68,1.0,0.96093726,0.067492306,-0.061688073,27.331678,1.0,1.0
5.68,1.2,1.1475173,0.06606102,-0.096457735,58.966606,1.0,1.0
5.68,1.4,1.3386714,0.049513925,-0.027536541,65.39412,1.0,1.0
5.68,1.6,1.535566,0.042565882,-0.053822227,71.34319,1.0,1.0
5.68,1.8,1.7370579,0.02273908,0.006276151,100.588264,1.0,1.0
5.68,2.0,2.0692868,0.03133654,0.0441272,329.0712,1.0,1.0
5.68,2.2,2.1843073,0.017245714,0.09545853,244.19382,1.0,1.0
5.68,2.4,2.4653454,0.03323526,-0.087028384,186.37434,1.0,1.0
5.68,2.6,2.6085868,0.031805478,0.21040967,288.5913,1.0,0.25
5.68,2.8,2.6983323,-0.020963445,0.047457866,308.78333,1.0,0.8125
5.68,3.0,2.8392315,0.077114984,-0.21018875,961.14514,1.0,0.4375
5.7,0.0,0.038093515,-0.016553791,-0.12103899,9.041504,1.0,1.0
5.7,0.2,0.20381956,-0.0016806927,0.020437762,7.5772448,1.0,1.0
5.7,0.4,0.40671888,0.025290169,-0.026708176,12.807787,1.0,1.0
5.7,0.6,0.5940736,0.006239269,0.002927844,16.130196,1.0,1.0
5.7,0.8,0.81718886,0.028258402,-0.057377078,27.537182,1.0,1.0
5.7,1.0,0.974517,0.06569133,-0.032044053,31.891161,1.0,1.0
5.7,1.2,1.1287287,0.061050028,-0.115572974,38.58034,1.0,1.0
5.7,1.4,1.3687434,0.051825516,0.004397156,78.28338,1.0,1.0
5.7,1.6,1.5581064,0.04496029,-0.064619064,95.240585,1.0,1.0
5.7,1.8,1.7607311,0.022352802,-0.054275513,115.08783,1.0,1.0
5.7,2.0,1.9984555,0.0146141,0.014734804,308.91125,1.0,1.0
5.7,2.2,2.2226958,0.009440139,0.058635157,210.03322,1.0,1.0
5.7,2.4,2.4964375,0.04284905,-0.15263951,147.83914,1.0,1.0
5.7,2.6,2.65755,0.024336834,0.076323956,247.91536,1.0,1.0
5.7,2.8,2.7426605,-0.004830882,0.0042822855,203.89235,1.0,1.0
5.7,3.0,2.859379,0.085736476,0.14811507,405.15497,1.0,0.8125
5.72,0.0,0.03936435,-0.012045829,-0.12573673,3.0322616,1.0,1.0
5.72,0.2,0.19785282,0.00028284872,0.009271018,6.302785,1.0,1.0
5.72,0.4,0.39458516,0.01740637,-0.07561531,9.018133,1.0,1.0
5.72,0.6,0.58221924,0.008195858,0.004657085,18.61043,1.0,1.0
5.72,0.8,0.8551619,0.027439725,-0.13056988,27.173994,1.0,1.0
5.72,1.0,1.0012599,0.06557079,-0.033998325,38.491337,1.0,1.0
5.72,1.2,1.1259004,0.057126913,-0.087775365,34.419228,1.0,1.0
5.72,1.4,1.4150662,0.05055836,0.065517336,80.11441,1.0,1.0
5.72,1.6,1.5930679,0.04640474,-0.018610017,95.84531,1.0,1.0
5.72,1.8,1.7952886,0.021881722,-0.055184744,120.095825,1.0,1.0
5.72,2.0,1.9628,-0.0017644214,-0.042260315,136.83163,1.0,1.0
5.72,2.2,2.2654982,0.0063616345,-0.012133619,183.96045,1.0,1.0
5.72,2.4,2.4971523,0.04368841,-0.22355637,311.2695,1.0,0.375
5.72,2.6,2.6882534,0.026216187,0.051044375,189.7973,1.0,1.0
5.72,2.8,2.7979167,0.022178873,-0.07631707,245.24968,1.0,1.0
5.72,3.0,2.9165602,0.06745156,0.22186169,307.34045,1.0,0.3125
5.74,0.0,0.03834122,5.1254756e-05,-0.13678294,12.438942,1.0,1.0
5.74,0.2,0.19435984,0.0037421605,0.0009854469,4.739908,1.0,1.0
5.74,0.4,0.38684428,0.008922562,-0.073651955,9.955502,1.0,1.0
5.74,0.6,0.57520294,0.010343156,0.00042337773,15.155039,1.0,1.0
5.74,0.8,0.8523453,0.03069662,-0.12976035,38.588074,1.0,1.0
5.74,1.0,1.0436761,0.0652813,-0.07727168,39.62465,1.0,1.0
5.74,1.2,1.135685,0.056268215,-0.051158585,42.668427,1.0,1.0
5.74,1.4,1.4620445,0.04971026,0.12818092,120.193474,1.0,1.0
5.74,1.6,1.6440778,0.04032564,0.0745642,91.39873,1.0,1.0
5.74,1.8,1.8372005,0.019024864,0.015904265,107.35314,1.0,1.0
5.74,2.0,1.9719833,0.0022650985,-0.10992801,130.60855,1.0,1.0
5.74,2.2,2.2986946,0.0018841992,0.0196122,152.95789,1.0,1.0
5.74,2.4,2.433811,0.023426106,-0.1338503,657.8164,1.0,0.9375
5.74,2.6,2.7063463,0.015717492,0.22558631,128.107,1.0,0.0625
5.74,2.8,2.8313174,0.04285056,-0.12327223,219.8992,1.0,0.9375
5.74,3.0,2.9729824,0.05999718,0.1479609,296.3368,1.0,0.9375
5.76,0.0,0.03581239,0.011251365,-0.12436829,12.733317,1.0,1.0
5.76,0.2,0.19402623,0.009947094,0.00169533,4.136577,1.0,1.0
5.76,0.4,0.38355082,0.0035828976,-0.058685884,14.913353,1.0,1.0
5.76,0.6,0.5747255,0.016902946,-0.012773201,15.181677,1.0,1.0
5.76,0.8,0.82584137,0.033806406,-0.060612,14.558426,1.0,1.0
5.76,1.0,1.0875825,0.069147125,-0.14239599,55.508522,1.0,1.0
5.76,1.2,1.1630688,0.059183322,-0.032491412,53.883926,1.0,1.0
5.76,1.4,1.4295044,0.05586344,0.042592093,116.14037,1.0,1.0
5.76,1.6,1.670819,0.03944029,0.08240161,129.06358,1.0,1.0
5.76,1.8,1.8880999,0.007726416,0.14902452,163.16643,1.0,1.0
5.76,2.0,2.002307,0.015808448,-0.09848959,133.6871,1.0,1.0
5.76,2.2,2.3366506,-0.012431109,0.17008398,150.50072,1.0,0.625
5.76,2.4,2.3726604,0.035078533,0.009944009,519.03986,1.0,1.0
5.76,2.6,2.6742954,0.01333436,0.37441427,400.84662,1.0,0.0
5.76,2.8,2.8640854,0.045942023,-0.27060458,163.42072,1.0,0.25
5.76,3.0,3.0045848,0.05620899,0.2147679,176.69339,1.0,0.3125
5.78,0.0,0.031691566,0.016635792,-0.091919616,10.999815,1.0,1.0
5.78,0.2,0.19766682,0.017694376,0.00059577794,5.648764,1.0,1.0
5.78,0.4,0.38557824,-0.0016430579,-0.050286718,13.749618,1.0,1.0
5.78,0.6,0.5833978,0.026436647,-0.024640815,22.673906,1.0,1.0
5.78,0.8,0.8044398,0.03419528,-0.012594033,13.197817,1.0,1.0
5.78,1.0,1.0567534,0.06712788,-0.068100624,49.221962,1.0,1.0
5.78,1.2,1.2037628,0.06256136,-0.06451205,54.58757,1.0,1.0
5.78,1.4,1.372135,0.05518186,-0.059539653,94.77936,1.0,1.0
5.78,1.6,1.6097044,0.058087766,0.06411484,153.14575,1.0,1.0
5.78,1.8,1.8559358,0.025072636,0.075182006,214.24637,1.0,1.0
5.78,2.0,2.0399535,0.034621105,-0.059860602,139.53072,1.0,1.0
5.78,2.2,2.323648,-0.0029115046,0.16757429,275.36774,1.0,0.5
5.78,2.4,2.3796792,0.030658798,0.15570939,295.21222,1.0,0.875
5.78,2.6,2.611552,0.047395237,0.16261001,683.60925,1.0,1.0
5.78,2.8,2.8213525,0.041922346,-0.31919146,654.9608,1.0,0.0
5.78,3.0,3.026564,0.034718916,0.49904138,227.45866,1.0,0.0
5.8,0.0,0.031234216,0.019897126,-0.05243282,5.411414,1.0,1.0
5.8,0.2,0.20706378,0.025866915,0.005485337,9.272645,1.0,1.0
5.8,0.4,0.39232236,-0.009507156,-0.05016604,13.144823,1.0,1.0
5.8,0.6,0.6028403,0.036152795,-0.017094929,25.328133,1.0,1.0
5.8,0.8,0.78402025,0.036252923,-0.00321191,18.713184,1.0,1.0
5.8,1.0,1.0203042,0.06408179,0.004683151,42.386044,1.0,1.0
5.8,1.2,1.2593222,0.06445648,-0.13964744,53.288307,1.0,1.0
5.8,1.4,1.3280225,0.04426804,-0.11520535,91.17479,1.0,1.0
5.8,1.6,1.5482032,0.04984629,-0.04809895,134.23502,1.0,1.0
5.8,1.8,1.781596,0.03406509,0.009608212,215.44382,1.0,1.0
5.8,2.0,2.0819602,0.03998629,-0.122614585,120.04405,1.0,1.0
5.8,2.2,2.2517712,0.015928444,0.06581426,456.44537,1.0,1.0
5.8,2.4,2.4280217,0.017416531,0.10706368,244.06204,1.0,1.0
5.8,2.6,2.5370746,0.018272698,0.12544122,613.29395,1.0,1.0
5.8,2.8,2.7259288,0.048740104,-0.20076701,882.47144,1.0,0.5625
5.8,3.0,2.9507413,0.062230133,0.32579303,553.0311,1.0,0.0
5.82,0.0,0.030986734,0.0220736,-0.034978375,2.8188548,1.0,1.0
5.82,0.2,0.217313,0.031022822,0.01570878,10.608543,1.0,1.0
5.82,0.4,0.40528226,-0.01857722,-0.056524202,13.285736,1.0,1.0
5.82,0.6,0.6335353,0.043373294,0.031802658,18.257492,1.0,1.0
5.82,0.8,0.7689884,0.037940126,0.004965411,23.569838,1.0,1.0
5.82,1.0,0.98891747,0.06745829,0.020313337,39.141304,1.0,1.0
5.82,1.2,1.259644,0.068542525,-0.049726363,82.7594,1.0,1.0
5.82,1.4,1.3066678,0.036920622,-0.12209564,50.0165,1.0,1.0
5.82,1.6,1.5099556,0.037851818,-0.13081947,96.71654,1.0,1.0
5.82,1.8,1.7280978,0.021716483,-0.07667326,164.44543,1.0,1.0
5.82,2.0,2.1066015,0.04460413,-0.15280838,169.90656,1.0,1.0
5.82,2.2,2.1868134,-0.0068896655,0.03600558,370.73303,1.0,1.0
5.82,2.4,2.4742336,0.016124243,0.03592102,207.49857,1.0,1.0
5.82,2.6,2.532095,-0.008504391,0.06061758,305.4375,1.0,1.0
5.82,2.8,2.7282424,0.059406966,0.12559986,415.35336,1.0,0.9375
5.82,3.0,2.8764596,0.07497734,0.11801907,899.5855,1.0,0.9375
5.84,0.0,0.030146323,0.023398105,-0.025216464,3.120854,1.0,1.0
5.84,0.2,0.21720436,0.026392072,0.03395405,12.177704,1.0,1.0
5.84,0.4,0.42484668,-0.025542576,-0.08665007,14.815409,1.0,1.0
5.84,0.6,0.63799345,0.044861004,0.033347704,25.732315,1.0,1.0
5.84,0.8,0.76319516,0.041422896,0.008096669,18.94347,1.0,1.0
5.84,1.0,0.9685431,0.067785785,0.016793117,39.89794,1.0,1.0
5.84,1.2,1.2151661,0.06045244,0.023255903,77.4666,1.0,1.0
5.84,1.4,1.3029835,0.03150863,-0.086228974,44.883358,1.0,1.0
5.84,1.6,1.4969879,0.03231249,-0.13986884,54.346973,1.0,1.0
5.84,1.8,1.7042952,0.012513816,-0.1288719,81.92305,1.0,1.0
5.84,2.0,2.0534015,0.020891074,-0.031498592,377.41373,1.0,1.0
5.84,2.2,2.1684759,-0.020080019,-0.02565955,204.15738,1.0,1.0
5.84,2.4,2.5032938,0.010517703,0.09081608,163.42523,1.0,1.0
5.84,2.6,2.5738125,0.005980253,-0.0067112665,201.64523,1.0,1.0
5.84,2.8,2.7792532,0.043965302,0.19880961,295.04898,1.0,0.5
5.84,3.0,2.826577,0.03707456,0.06074282,459.16388,1.0,1.0
5.86,0.0,0.030949436,0.025618952,-0.013051857,4.960088,1.0,1.0
5.86,0.2,0.20878711,0.023836523,0.012761227,11.941112,1.0,1.0
5.86,0.4,0.44099844,-0.025934596,-0.13459569,11.527229,1.0,1.0
5.86,0.6,0.6117557,0.040452626,-0.019840326,10.655218,1.0,1.0
5.86,0.8,0.7667788,0.0478995,-0.0017927589,25.44635,1.0,1.0
5.86,1.0,0.9609619,0.07054641,0.0063580377,25.32177,1.0,1.0
5.86,1.2,1.178786,0.06322204,0.04778627,70.332825,1.0,1.0
5.86,1.4,1.3170248,0.032212894,-0.051866338,61.65842,1.0,1.0
5.86,1.6,1.5058413,0.0353977,-0.08813047,73.046524,1.0,1.0
5.86,1.8,1.7112107,0.016531145,-0.10120408,90.01709,1.0,1.0
5.86,2.0,1.9906703,0.02563876,0.060286645,357.44458,1.0,1.0
5.86,2.2,2.1954005,-0.008949161,-0.095856085,168.49707,1.0,1.0
5.86,2.4,2.5377536,-0.0056172274,0.2637665,163.79039,1.0,0.0625
5.86,2.6,2.6274705,0.028966319,-0.07356361,217.94647,1.0,1.0
5.86,2.8,2.8318448,0.037446,0.09266044,277.8613,1.0,1.0
5.86,3.0,2.851933,0.026850611,0.065932035,273.38135,1.0,1.0
5.88,0.0,0.03302866,0.029047145,-0.0043108864,6.382184,1.0,1.0
5.88,0.2,0.20066386,0.021123977,-0.015804604,13.081127,1.0,1.0
5.88,0.4,0.4382093,-0.015331397,-0.16896515,21.530748,1.0,1.0
5.88,0.6,0.5887358,0.03269341,-0.082754925,8.147645,1.0,1.0
5.88,0.8,0.7837162,0.055150766,-0.01344323,37.440136,1.0,1.0
5.88,1.0,0.96536887,0.075796515,0.0013531905,30.8058,1.0,1.0
5.88,1.2,1.1570499,0.06328514,0.038439274,66.15569,1.0,1.0
5.88,1.4,1.3492141,0.03738378,-0.047596797,75.52454,1.0,1.0
5.88,1.6,1.5343058,0.04354933,-0.05731862,91.232254,1.0,1.0
5.88,1.8,1.739615,0.027739765,-0.054889515,110.03825,1.0,1.0
5.88,2.0,1.9710298,0.023858042,0.10706555,179.88806,1.0,1.0
5.88,2.2,2.232539,0.008354575,-0.08989123,171.22644,1.0,1.0
5.88,2.4,2.4909062,0.017634543,0.17732173,341.4807,1.0,0.6875
5.88,2.6,2.6590724,0.04891839,-0.0977107,211.14384,1.0,1.0
5.88,2.8,2.8626854,0.038029447,0.10729828,185.39957,1.0,1.0
5.88,3.0,2.901071,0.052979507,0.014270256,241.74496,1.0,1.0
5.9,0.0,0.03675577,0.03329783,0.002056832,8.0604725,1.0,1.0
5.9,0.2,0.19503441,0.0117542725,-0.053129446,8.4171095,1.0,1.0
5.9,0.4,0.42369914,-0.009571915,-0.10259493,22.221806,1.0,1.0
5.9,0.6,0.5724708,0.024912965,-0.093739524,15.193607,1.0,1.0
5.9,0.8,0.8140878,0.06303103,0.0012404334,39.53337,1.0,1.0
5.9,1.0,0.98378557,0.08118533,0.0048680566,46.758743,1.0,1.0
5.9,1.2,1.150808,0.063563526,0.010298748,38.481407,1.0,1.0
5.9,1.4,1.3971817,0.040611092,-0.08927409,70.51486,1.0,1.0
5.9,1.6,1.5750439,0.05104605,-0.0753731,89.784386,1.0,1.0
5.9,1.8,1.7788897,0.039278172,-0.064573765,111.74487,1.0,1.0
5.9,2.0,1.999744,0.018855214,0.06460947,157.87502,1.0,1.0
5.9,2.2,2.2672675,0.025849558,-0.080480225,162.26776,1.0,1.0
5.9,2.4,2.4138129,0.02769208,0.06647761,561.149,1.0,1.0
5.9,2.6,2.692486,0.05316099,-0.24375625,122.6768,1.0,0.0
5.9,2.8,2.8822412,0.023593277,0.33319306,132.33496,1.0,0.0
5.9,3.0,2.94759,0.08031683,-0.087600745,249.86772,1.0,1.0
5.92,0.0,0.039804105,0.035014287,-0.00069645,9.108406,1.0,1.0
5.92,0.2,0.19236043,0.0021644374,-0.054156233,5.7228622,1.0,1.0
5.92,0.4,0.41359386,-0.0071298564,-0.013061743,13.637424,1.0,1.0
5.92,0.6,0.56588566,0.02029832,-0.085877106,21.924229,1.0,1.0
5.92,0.8,0.85327405,0.06918864,0.061147034,26.501932,1.0,1.0
5.92,1.0,1.0178494,0.08643259,0.023901382,54.94891,1.0,1.0
5.92,1.2,1.1580856,0.06827803,-0.0029278472,41.655396,1.0,1.0
5.92,1.4,1.4597378,0.038778346,-0.13193227,88.99599,1.0,1.0
5.92,1.6,1.6320233,0.05332665,-0.13700905,82.2525,1.0,1.0
5.92,1.8,1.8310063,0.04098267,-0.1407873,105.1255,1.0,1.0
5.92,2.0,2.0406055,0.015426928,-0.008018542,151.74197,1.0,1.0
5.92,2.2,2.3081346,0.024423707,-0.19219753,126.52449,1.0,0.5625
5.92,2.4,2.360468,-0.0009385254,0.022458931,342.17255,1.0,1.0
5.92,2.6,2.662747,0.050857652,-0.26245165,484.05963,1.0,0.0
5.92,2.8,2.8315458,0.033135384,0.35713428,417.83237,1.0,0.0
5.92,3.0,2.9723444,0.09808033,-0.17613852,176.68835,1.0,0.8125
5.94,0.0,0.03894287,0.031024778,0.010704547,8.427208,1.0,1.0
5.94,0.2,0.19222781,-0.0048961444,-0.05050409,8.206554,1.0,1.0
5.94,0.4,0.40408385,-0.005118816,0.012455069,11.867512,1.0,1.0
5.94,0.6,0.56661046,0.01615494,-0.06213846,20.28276,1.0,1.0
5.94,0.8,0.84715694,0.07010778,0.038349945,35.918564,1.0,1.0
5.94,1.0,1.0637255,0.09166894,0.087676466,41.66639,1.0,1.0
5.94,1.2,1.1799766,0.07215044,0.001951674,57.38563,1.0,1.0
5.94,1.4,1.445874,0.044156373,-0.05688473,123.05089,1.0,1.0
5.94,1.6,1.6548128,0.058366727,-0.07538782,95.46019,1.0,1.0
5.94,1.8,1.8564153,0.04660278,-0.08831037,132.53206,1.0,1.0
5.94,2.0,2.0792913,0.013250072,-0.011599233,131.44543,1.0,1.0
5.94,2.2,2.2960534,0.021319453,-0.15282547,330.41547,1.0,1.0
5.94,2.4,2.365859,-0.0046582464,-0.046431877,240.96133,1.0,1.0
5.94,2.6,2.578681,0.044464964,-0.12428339,784.8811,1.0,1.0
5.94,2.8,2.7659388,0.05902256,0.09321877,822.7933,1.0,1.0
5.94,3.0,2.9502442,0.10698333,-0.29733157,432.42722,1.0,0.0
5.96,0.0,0.036152232,0.025439192,0.007066516,7.7615213,1.0,1.0
5.96,0.2,0.1959163,-0.011348857,-0.052409053,9.727662,1.0,1.0
5.96,0.4,0.39464164,-0.0031732246,-0.0013908137,11.697855,1.0,1.0
5.96,0.6,0.5725863,0.009527666,-0.044515565,18.52985,1.0,1.0
5.96,0.8,0.8096643,0.0649253,-0.02767029,18.207644,1.0,1.0
5.96,1.0,1.0722353,0.09457183,0.050986707,61.737087,1.0,1.0
5.96,1.2,1.2179084,0.07375326,0.03291589,67.69494,1.0,1.0
5.96,1.4,1.3923603,0.037337925,0.03559209,114.26208,1.0,1.0
5.96,1.6,1.6042061,0.04022991,0.012200498,169.61906,1.0,1.0
5.96,1.8,1.8033698,0.024077801,0.0075655743,244.91437,1.0,1.0
5.96,2.0,2.12047,0.0045499345,0.08868166,120.6628,1.0,1.0
5.96,2.2,2.2255168,0.00943342,-0.04230105,538.7266,1.0,1.0
5.96,2.4,2.4071472,0.015785992,-0.10973261,188.3941,1.0,1.0
5.96,2.6,2.5587797,0.05024254,0.13435198,412.43237,1.0,1.0
5.96,2.8,2.6981912,0.02673956,0.032760233,549.04456,1.0,1.0
5.96,3.0,2.8806028,0.08985351,-0.3225593,1154.7625,1.0,0.0
5.98,0.0,0.03061337,0.021578064,-0.0070584905,9.707423,1.0,1.0
5.98,0.2,0.20302662,-0.019571478,-0.06452805,10.800644,1.0,1.0
5.98,0.4,0.3873865,-2.4917535e-05,-0.01268196,11.083693,1.0,1.0
5.98,0.6,0.5869896,0.0022748504,-0.040280387,18.299263,1.0,1.0
5.98,0.8,0.77989346,0.058040343,-0.08931665,17.83313,1.0,1.0
5.98,1.0,1.0262159,0.095130205,0.012218672,41.508568,1.0,1.0
5.98,1.2,1.267874,0.07769866,0.10140629,57.927406,1.0,1.0
5.98,1.4,1.3502067,0.042569846,0.04347284,105.6046,1.0,1.0
5.98,1.6,1.5552194,0.043230653,0.045972783,161.48235,1.0,1.0
5.98,1.8,1.7484592,0.026408285,0.058573894,239.46196,1.0,1.0
5.98,2.0,2.136711,0.0022129025,0.1342225,203.18665,1.0,1.0
5.98,2.2,2.17921,0.013995333,0.06091714,344.14117,1.0,1.0
5.98,2.4,2.4439151,0.038347825,-0.11556794,191.49396,1.0,1.0
5.98,2.6,2.6022263,0.034577277,0.20927782,294.8844,1.0,0.25
5.98,2.8,2.7110374,0.011003599,-0.007325203,294.17365,1.0,1.0
5.98,3.0,2.8188543,0.11570477,-0.13360211,790.0592,1.0,0.875
6.0,0.0,0.025522325,0.018880967,-0.02427888,12.494564,1.0,1.0
6.0,0.2,0.21394637,-0.028957263,-0.085317954,11.1385,1.0,1.0
6.0,0.4,0.38431865,0.006840964,-0.015629135,9.383884,1.0,1.0
6.0,0.6,0.6114,-0.004281915,-0.06082201,17.215076,1.0,1.0
6.0,0.8,0.7626684,0.050957806,-0.10473514,26.629177,1.0,1.0
6.0,1.0,0.98767877,0.08738315,-0.05488909,34.09398,1.0,1.0
6.0,1.2,1.2730293,0.08035834,0.049287867,80.45001,1.0,1.0
6.0,1.4,1.3280544,0.043788955,0.018533798,71.146576,1.0,1.0
6.0,1.6,1.530799,0.047183435,0.038203277,107.544586,1.0,1.0
6.0,1.8,1.7275405,0.02776272,0.06779358,138.37672,1.0,1.0
6.0,2.0,2.0735664,0.03145266,0.046993054,334.3691,1.0,1.0
6.0,2.2,2.1884975,0.008484472,0.0917031,238.64302,1.0,1.0
6.0,2.4,2.4709282,0.054124452,-0.1353589,171.84567,1.0,1.0
6.0,2.6,2.6491313,0.027104054,0.07461951,254.08331,1.0,1.0
6.0,2.8,2.7568622,0.03429819,-0.050797854,214.53006,1.0,1.0
6.0,3.0,2.8594825,0.11390457,0.19157502,331.56042,1.0,0.625
6.0200000000000005,0.0,0.02139673,0.014137834,-0.04823491,6.5096383,1.0,1.0
6.0200000000000005,0.2,0.22840089,-0.035562657,-0.103738435,11.577467,1.0,1.0
6.0200000000000005,0.4,0.3874905,0.016821142,-0.019530986,12.011726,1.0,1.0
6.0200000000000005,0.6,0.6435865,-0.0046882946,-0.12241003,18.24456,1.0,1.0
6.0200000000000005,0.8,0.7578089,0.047505267,-0.09146944,26.499285,1.0,1.0
6.0200000000000005,1.0,0.9652039,0.07826381,-0.102754414,36.930267,1.0,1.0
6.0200000000000005,1.2,1.221252,0.08208765,-0.0141503615,62.9433,1.0,1.0
6.0200000000000005,1.4,1.3255389,0.04382275,-0.022825718,46.847645,1.0,1.0
6.0200000000000005,1.6,1.533071,0.047826543,-0.006751335,68.356255,1.0,1.0
6.0200000000000005,1.8,1.7367059,0.026594214,0.017577259,101.39603,1.0,1.0
6.0200000000000005,2.0,2.0021095,0.015187597,0.019444326,312.7697,1.0,1.0
6.0200000000000005,2.2,2.2277765,0.004750012,0.008749426,203.18784,1.0,1.0
6.0200000000000005,2.4,2.4943414,0.055108663,-0.24494104,205.17262,1.0,0.0625
6.0200000000000005,2.6,2.6777468,0.028882336,0.04905083,194.97018,1.0,1.0
6.0200000000000005,2.8,2.8075068,0.06199585,-0.119789615,240.29659,1.0,1.0
6.0200000000000005,3.0,2.9204214,0.095436215,0.20307694,323.37747,1.0,0.5625
6.04,0.0,0.019529115,0.008179705,-0.062267702,3.9646754,1.0,1.0
6.04,0.2,0.22859116,-0.029321613,-0.13464867,8.188311,1.0,1.0
6.04,0.4,0.39949554,0.027397834,-0.017115545,14.094683,1.0,1.0
6.04,0.6,0.64463717,0.00053841807,-0.17273541,27.21642,1.0,1.0
6.04,0.8,0.75982666,0.043010257,-0.05907213,22.580437,1.0,1.0
6.04,1.0,0.95900005,0.07194427,-0.09953059,28.767378,1.0,1.0
6.04,1.2,1.1766903,0.074342154,-0.085303165,56.482735,1.0,1.0
6.04,1.4,1.3397651,0.049306728,-0.030136837,66.23842,1.0,1.0
6.04,1.6,1.5557591,0.04867871,-0.037269685,83.9285,1.0,1.0
6.04,1.8,1.7665076,0.0256341,-0.034857392,114.27477,1.0,1.0
6.04,2.0,1.9665306,-0.001464841,-0.036628164,139.72235,1.0,1.0
6.04,2.2,2.2623858,0.0026976708,-0.030934177,175.86896,1.0,1.0
6.04,2.4,2.4477448,0.03890694,-0.18353751,545.9086,1.0,0.625
6.04,2.6,2.6952326,0.017863642,0.22022557,132.03424,1.0,0.125
6.04,2.8,2.8348534,0.08244511,-0.15650532,203.79362,1.0,0.9375
6.04,3.0,2.9745014,0.09240662,0.15245172,266.1668,1.0,0.9375
6.0600000000000005,0.0,0.019279502,0.0037189226,-0.067615375,6.236408,1.0,1.0
6.0600000000000005,0.2,0.22565892,-0.016171921,-0.14341885,18.170643,1.0,1.0
6.0600000000000005,0.4,0.42056003,0.036015004,0.0117863435,14.69397,1.0,1.0
6.0600000000000005,0.6,0.6256678,0.0057516564,-0.11381529,17.589108,1.0,1.0
6.0600000000000005,0.8,0.7688631,0.038618036,-0.036988944,23.714806,1.0,1.0
6.0600000000000005,1.0,0.9610196,0.0682156,-0.061370816,27.211002,1.0,1.0
6.0600000000000005,1.2,1.1526074,0.06559986,-0.12534903,52.129055,1.0,1.0
6.0600000000000005,1.4,1.3702887,0.05152663,0.0030009681,78.693,1.0,1.0
6.0600000000000005,1.6,1.5888443,0.05140779,-0.015113311,91.701454,1.0,1.0
6.0600000000000005,1.8,1.8032279,0.02537012,-0.023476325,115.185776,1.0,1.0
6.0600000000000005,2.0,1.9759603,0.0020669699,-0.10504372,132.22444,1.0,1.0
6.0600000000000005,2.2,2.2919662,-0.0023837702,0.04501319,147.04996,1.0,1.0
6.0600000000000005,2.4,2.3805416,0.04899436,-0.058812775,605.2814,1.0,1.0
6.0600000000000005,2.6,2.6709647,0.013415735,0.3540706,419.17874,1.0,0.0
6.0600000000000005,2.8,2.854032,0.08657005,-0.2907362,276.24142,1.0,0.0
6.0600000000000005,3.0,3.001113,0.08370527,0.29223943,153.1159,1.0,0.0
6.08,0.0,0.021308783,-0.0013213935,-0.0704713,7.5948687,1.0,1.0
6.08,0.2,0.21604612,-0.009049889,-0.08737311,16.722822,1.0,1.0
6.08,0.4,0.43197888,0.037046783,0.03458135,16.422594,1.0,1.0
6.08,0.6,0.6118649,0.0076050563,-0.026345313,10.521819,1.0,1.0
6.08,0.8,0.79018784,0.033530794,-0.035070755,23.647232,1.0,1.0
6.08,1.0,0.9745752,0.066575214,-0.031676907,32.04814,1.0,1.0
6.08,1.2,1.1458364,0.059669755,-0.10617511,30.269264,1.0,1.0
6.08,1.4,1.4167736,0.0501095,0.065252006,80.42915,1.0,1.0
6.08,1.6,1.635682,0.0474719,0.06091716,91.604355,1.0,1.0
6.08,1.8,1.8485255,0.0203619,0.05193359,107.87511,1.0,1.0
6.08,2.0,2.0066206,0.015136867,-0.09448844,133.13412,1.0,1.0
6.08,2.2,2.3297448,-0.019233469,0.22731262,184.72217,1.0,0.125
6.08,2.4,2.3721707,0.05116848,0.11734519,321.0993,1.0,1.0
6.08,2.6,2.6100144,0.04733065,0.1613155,648.35516,1.0,0.875
6.08,2.8,2.798168,0.07466826,-0.3036397,852.1049,1.0,0.0
6.08,3.0,3.0148084,0.061584935,0.6078932,346.51062,1.0,0.0
6.1000000000000005,0.0,0.025630936,-0.0063354196,-0.08075402,8.515596,1.0,1.0
6.1000000000000005,0.2,0.20950332,-0.004018658,-0.010698641,10.197964,1.0,1.0
6.1000000000000005,0.4,0.4163377,0.030656366,0.00817832,13.250578,1.0,1.0
6.1000000000000005,0.6,0.59787834,0.009976686,-0.0019501381,14.412027,1.0,1.0
6.1000000000000005,0.8,0.82307684,0.029849824,-0.070287615,26.571568,1.0,1.0
6.1000000000000005,1.0,1.0012429,0.06661579,-0.033418544,38.548553,1.0,1.0
6.1000000000000005,1.2,1.1513003,0.05822052,-0.063669205,39.58863,1.0,1.0
6.1000000000000005,1.4,1.4635938,0.04942309,0.12732215,120.812744,1.0,1.0
6.1000000000000005,1.6,1.6871126,0.042477407,0.15123609,142.776,1.0,1.0
6.1000000000000005,1.8,1.8896244,0.012116816,0.13109262,174.42894,1.0,1.0
6.1000000000000005,2.0,2.0445523,0.033443056,-0.05614926,139.52557,1.0,1.0
6.1000000000000005,2.2,2.285531,0.007180253,0.11906487,289.05206,1.0,1.0
6.1000000000000005,2.4,2.4172153,0.0384819,0.1249726,260.24,1.0,1.0
6.1000000000000005,2.6,2.5361953,0.020120978,0.13150483,617.3855,1.0,0.9375
6.1000000000000005,2.8,2.7139835,0.09583652,-0.17232138,873.63696,1.0,0.625
6.1000000000000005,3.0,2.939292,0.10030977,0.3242442,708.18054,1.0,0.0625
6.12,0.0,0.031570118,-0.011829266,-0.10082859,9.027582,1.0,1.0
6.12,0.2,0.20372678,-0.0016307989,0.020582333,7.6165943,1.0,1.0
6.12,0.4,0.39993942,0.024953753,-0.046682455,9.592644,1.0,1.0
6.12,0.6,0.5844773,0.01284186,0.0012409241,17.733341,1.0,1.0
6.12,0.8,0.86326873,0.02902298,-0.1179997,32.673447,1.0,1.0
6.12,1.0,1.0435462,0.06648802,-0.076825984,39.62119,1.0,1.0
6.12,1.2,1.1706812,0.059279904,-0.03895282,48.359245,1.0,1.0
6.12,1.4,1.4302964,0.055759866,0.045700558,116.200745,1.0,1.0
6.12,1.6,1.6419725,0.05280944,0.096855335,165.0444,1.0,1.0
6.12,1.8,1.8366771,0.032978617,0.08402715,224.32999,1.0,1.0
6.12,2.0,2.08672,0.038387384,-0.120449886,120.823524,1.0,1.0
6.12,2.2,2.2096624,0.012720603,0.04784844,457.2181,1.0,1.0
6.12,2.4,2.4681447,0.03596491,0.03482963,223.80212,1.0,1.0
6.12,2.6,2.5313396,-0.007991374,0.06992461,303.03897,1.0,1.0
6.12,2.8,2.7288432,0.102906264,0.15872341,384.5264,1.0,0.8125
6.12,3.0,2.848654,0.08563909,0.22519949,855.7634,1.0,0.25
6.140000000000001,0.0,0.038064025,-0.016576527,-0.12066713,8.992063,1.0,1.0
6.140000000000001,0.2,0.19775198,0.00031523546,0.009277252,6.326672,1.0,1.0
6.140000000000001,0.4,0.3881002,0.016756542,-0.07744928,8.217704,1.0,1.0
6.140000000000001,0.6,0.5761532,0.015211945,-0.0022968627,16.229557,1.0,1.0
6.140000000000001,0.8,0.84546125,0.03332115,-0.12546477,32.381947,1.0,1.0
6.140000000000001,1.0,1.0871632,0.070585415,-0.14182006,54.74908,1.0,1.0
6.140000000000001,1.2,1.2065686,0.062117226,-0.049965523,54.920162,1.0,1.0
6.140000000000001,1.4,1.3726492,0.05492754,-0.05869364,93.79492,1.0,1.0
6.140000000000001,1.6,1.5738654,0.05284605,-0.023636242,137.67313,1.0,1.0
6.140000000000001,1.8,1.7650605,0.031309336,-0.0050865794,201.20215,1.0,1.0
6.140000000000001,2.0,2.1119184,0.04261077,-0.15408334,169.68626,1.0,1.0
6.140000000000001,2.2,2.160973,-0.011809054,-0.01046404,278.2443,1.0,1.0
6.140000000000001,2.4,2.5004005,0.0334861,0.044878114,172.93362,1.0,1.0
6.140000000000001,2.6,2.573717,0.005449321,0.0021325839,204.69199,1.0,1.0
6.140000000000001,2.8,2.7854128,0.084629916,0.22387534,290.04218,1.0,0.25
6.140000000000001,3.0,2.8236394,0.042814516,0.18534805,347.58167,1.0,0.5625
6.16,0.0,0.039130673,-0.012106208,-0.1257558,3.0371711,1.0,1.0
6.16,0.2,0.19425324,0.003759633,0.00095574354,4.7676873,1.0,1.0
6.16,0.4,0.3804418,0.010071709,-0.07183312,12.298031,1.0,1.0
6.16,0.6,0.5744952,0.021298278,-0.013332894,14.383311,1.0,1.0
6.16,0.8,0.82185477,0.034812093,-0.04532054,13.037472,1.0,1.0
6.16,1.0,1.0563619,0.068376444,-0.066515,50.27998,1.0,1.0
6.16,1.2,1.2572097,0.063223645,-0.1082906,49.736706,1.0,1.0
6.16,1.4,1.3282037,0.043884948,-0.11610587,90.23851,1.0,1.0
6.16,1.6,1.5235572,0.04367913,-0.11601696,115.66554,1.0,1.0
6.16,1.8,1.7182256,0.01954186,-0.100169875,130.32483,1.0,1.0
6.16,2.0,2.0545878,0.019133944,-0.03803449,381.60193,1.0,1.0
6.16,2.2,2.1591063,-0.013033435,-0.085685775,196.62592,1.0,1.0
6.16,2.4,2.5304284,0.021859277,0.19048612,141.62178,1.0,0.5625
6.16,2.6,2.6280499,0.027927827,-0.0679637,217.24841,1.0,1.0
6.16,2.8,2.8420289,0.07764615,0.1375249,274.76318,1.0,0.9375
6.16,3.0,2.8556483,0.038627073,0.17516032,221.91098,1.0,0.625
6.18,0.0,0.038064666,-2.9743533e-05,-0.13671498,12.43428,1.0,1.0
6.18,0.2,0.19393082,0.009956684,0.001586443,4.1429944,1.0,1.0
6.18,0.4,0.37833303,0.005660875,-0.05954528,15.303406,1.0,1.0
6.18,0.6,0.5812729,0.030791927,-0.025754463,22.16066,1.0,1.0
6.18,0.8,0.80191255,0.037776347,-0.01593399,14.682133,1.0,1.0
6.18,1.0,1.0197806,0.06505895,0.006651258,42.592216,1.0,1.0
6.18,1.2,1.2975335,0.06901705,-0.11701013,69.66202,1.0,1.0
6.18,1.4,1.306665,0.036787562,-0.1236075,48.998745,1.0,1.0
6.18,1.6,1.4980924,0.03462013,-0.14030403,51.936123,1.0,1.0
6.18,1.8,1.7005405,0.013387987,-0.1377169,75.483536,1.0,1.0
6.18,2.0,1.9914138,0.023888594,0.05518326,359.39264,1.0,1.0
6.18,2.2,2.1921945,0.0026537885,-0.12189354,166.85846,1.0,1.0
6.18,2.4,2.50639,0.027212609,0.26668346,324.12225,1.0,0.1875
6.18,2.6,2.6602805,0.04795186,-0.09231247,207.96066,1.0,1.0
6.18,2.8,2.8744814,0.0744469,0.17456597,172.67004,1.0,0.625
6.18,3.0,2.907691,0.06179948,0.087087005,254.25308,1.0,1.0
6.2,0.0,0.03549511,0.011180062,-0.124672465,12.7325735,1.0,1.0
6.2,0.2,0.19757134,0.017690234,0.00046213323,5.6275377,1.0,1.0
6.2,0.4,0.38210964,-0.00076545123,-0.0497824,13.054195,1.0,1.0
6.2,0.6,0.59906524,0.04099284,-0.022559546,25.90599,1.0,1.0
6.2,0.8,0.7828573,0.04047045,-0.011877993,21.16211,1.0,1.0
6.2,1.0,0.9884203,0.06828068,0.021899298,39.360733,1.0,1.0
6.2,1.2,1.2579812,0.06010919,-0.036469247,84.353424,1.0,1.0
6.2,1.4,1.3028803,0.031387217,-0.088954754,44.93386,1.0,1.0
6.2,1.6,1.4988092,0.034989245,-0.085765034,66.31166,1.0,1.0
6.2,1.8,1.7125609,0.02092897,-0.09102413,95.5581,1.0,1.0
6.2,2.0,1.9718003,0.021989778,0.10351844,181.11809,1.0,1.0
6.2,2.2,2.224203,0.021349661,-0.105297655,170.7686,1.0,1.0
6.2,2.4,2.437748,0.05213352,0.108574525,543.0483,1.0,1.0
6.2,2.6,2.6937895,0.052483585,-0.23567781,117.113914,1.0,0.125
6.2,2.8,2.9005568,0.05586779,0.40322977,165.75781,1.0,0.0
6.2,3.0,2.948137,0.08272954,-0.027372304,243.94527,1.0,1.0
6.22,0.0,0.031354655,0.016585806,-0.09214885,10.974855,1.0,1.0
6.22,0.2,0.20699367,0.0258543,0.005361556,9.284103,1.0,1.0
6.22,0.4,0.39010084,-0.009216984,-0.05144281,12.912651,1.0,1.0
6.22,0.6,0.6285368,0.04875912,0.018081471,20.519089,1.0,1.0
6.22,0.8,0.7707387,0.04283663,-0.0027778978,22.334778,1.0,1.0
6.22,1.0,0.9680799,0.06845017,0.017602995,39.971504,1.0,1.0
6.22,1.2,1.2129488,0.060310178,-0.003127602,70.29065,1.0,1.0
6.22,1.4,1.3169034,0.032112874,-0.053585395,61.735844,1.0,1.0
6.22,1.6,1.5208242,0.040747847,-0.043589048,87.61502,1.0,1.0
6.22,1.8,1.7435892,0.033219587,-0.05122024,113.25775,1.0,1.0
6.22,2.0,2.0005894,0.016927823,0.06089501,159.31834,1.0,1.0
6.22,2.2,2.2564774,0.035988346,-0.11988543,156.47775,1.0,1.0
6.22,2.4,2.367879,0.026180042,0.074062645,451.5161,1.0,1.0
6.22,2.6,2.6671803,0.05052057,-0.26744983,484.46957,1.0,0.0
6.22,2.8,2.8390906,0.07724673,0.30735224,453.6538,1.0,0.0
6.22,3.0,2.9741917,0.09171993,-0.16695905,161.29626,1.0,0.8125
6.24,0.0,0.030934371,0.019863974,-0.05248675,5.415264,1.0,1.0
6.24,0.2,0.21734115,0.030823205,0.014483618,10.605932,1.0,1.0
6.24,0.4,0.40542588,-0.017625395,-0.06273838,13.51111,1.0,1.0
6.24,0.6,0.64556384,0.05320076,0.043638535,28.435867,1.0,1.0
6.24,0.8,0.7681165,0.04728701,0.0017310102,19.027567,1.0,1.0
6.24,1.0,0.96049047,0.07101407,0.006627863,25.33474,1.0,1.0
6.24,1.2,1.1802554,0.06229557,-0.00909487,62.338623,1.0,1.0
6.24,1.4,1.3491068,0.037253156,-0.048848018,75.57138,1.0,1.0
6.24,1.6,1.5573833,0.04939989,-0.055682134,92.92502,1.0,1.0
6.24,1.8,1.7840407,0.04317268,-0.078167066,107.74913,1.0,1.0
6.24,2.0,2.0412836,0.0135483965,-0.012235394,152.53091,1.0,1.0
6.24,2.2,2.2978406,0.030979585,-0.23483981,147.80522,1.0,0.0
6.24,2.4,2.3562357,0.008478481,0.01095934,262.0234,1.0,1.0
6.24,2.6,2.585106,0.042498566,-0.1209423,774.2253,1.0,1.0
6.24,2.8,2.7668374,0.09645197,0.10833807,808.76385,1.0,1.0
6.24,3.0,2.9448545,0.095093854,-0.28177577,620.7095,1.0,0.0625
6.26,0.0,0.030747114,0.02202125,-0.034983084,2.8032928,1.0,1.0
6.26,0.2,0.21717796,0.026100343,0.032663763,12.2790165,1.0,1.0
6.26,0.4,0.4266338,-0.023336273,-0.098212644,16.124626,1.0,1.0
6.26,0.6,0.6219804,0.049127556,0.007855057,14.156856,1.0,1.0
6.26,0.8,0.77567744,0.0537859,-0.0036791256,29.9678,1.0,1.0
6.26,1.0,0.9648657,0.0761224,0.0014631946,30.707447,1.0,1.0
6.26,1.2,1.1642272,0.0625013,-0.031398125,37.834106,1.0,1.0
6.26,1.4,1.3971364,0.040563956,-0.09070476,70.59239,1.0,1.0
6.26,1.6,1.6093097,0.052190047,-0.107215196,83.486145,1.0,1.0
6.26,1.8,1.8401414,0.04360739,-0.16108617,102.93215,1.0,1.0
6.26,2.0,2.0796933,0.011464151,-0.016230159,132.35423,1.0,1.0
6.26,2.2,2.2612736,0.017768785,-0.14986835,446.60938,1.0,1.0
6.26,2.4,2.3897042,0.022195876,-0.06397003,190.46515,1.0,1.0
6.26,2.6,2.561711,0.04871323,0.13754056,404.3117,1.0,1.0
6.26,2.8,2.7065034,0.06036205,0.057001863,448.44525,1.0,1.0
6.26,3.0,2.858064,0.08311009,-0.22430357,1017.2407,1.0,0.375
6.28,0.0,0.029944303,0.02332184,-0.025250362,3.1233573,1.0,1.0
6.28,0.2,0.20874146,0.02339828,0.012066016,11.980669,1.0,1.0
6.28,0.4,0.43591547,-0.018744566,-0.14722052,12.265329,1.0,1.0
6.28,0.6,0.59788406,0.041860715,-0.062388506,7.163393,1.0,1.0
6.28,0.8,0.7972421,0.06164117,-0.0069644293,40.262512,1.0,1.0
6.28,1.0,0.98325133,0.08135755,0.0050585303,46.640285,1.0,1.0
6.28,1.2,1.1632444,0.068732455,-0.050797716,32.116554,1.0,1.0
6.28,1.4,1.4596128,0.03866539,-0.12943603,88.18852,1.0,1.0
6.28,1.6,1.6582017,0.057717208,-0.124041066,112.40397,1.0,1.0
6.28,1.8,1.8431123,0.043838035,-0.053644694,151.27725,1.0,1.0
6.28,2.0,2.1205506,0.0028448077,0.08315089,122.62451,1.0,1.0
6.28,2.2,2.1916447,0.021978986,-0.01997551,502.58936,1.0,1.0
6.28,2.4,2.4330971,0.0439829,-0.08618764,192.51486,1.0,1.0
6.28,2.6,2.6042953,0.032181043,0.2146472,289.569,1.0,0.3125
6.28,2.8,2.7253885,0.048044257,0.03137169,279.10648,1.0,1.0
6.28,3.0,2.8379765,0.09676764,0.08575487,556.58545,1.0,0.9375
6.3,0.0,0.030790709,0.02551848,-0.0130878035,4.9860373,1.0,1.0
6.3,0.2,0.20060173,0.020634018,-0.016021188,13.138839,1.0,1.0
6.3,0.4,0.42771563,-0.008389966,-0.1368198,20.830591,1.0,1.0
6.3,0.6,0.5794792,0.03405657,-0.08501746,13.194693,1.0,1.0
6.3,0.8,0.8317474,0.06885564,0.02064268,37.339806,1.0,1.0
6.3,1.0,1.0172739,0.08646201,0.024007017,54.81087,1.0,1.0
6.3,1.2,1.1769669,0.07596732,-0.04104486,50.043804,1.0,1.0
6.3,1.4,1.4474341,0.043894283,-0.05736524,125.78637,1.0,1.0
6.3,1.6,1.6247327,0.044375747,-0.023666294,177.70964,1.0,1.0
6.3,1.8,1.7829154,0.022367617,0.03396678,250.71133,1.0,1.0
6.3,2.0,2.135316,0.00020303391,0.119719915,200.52507,1.0,1.0
6.3,2.2,2.1667943,0.0238927,0.09317017,265.89084,1.0,1.0
6.3,2.4,2.4613361,0.06171619,-0.093964696,179.6643,1.0,1.0
6.3,2.6,2.6523824,0.023607079,0.07991825,248.67827,1.0,1.0
6.3,2.8,2.7723312,0.07171136,-0.017677005,221.07742,1.0,1.0
6.3,3.0,2.8877926,0.07799196,0.2707669,307.3482,1.0,0.0625
6.32,0.0,0.032889448,0.02892384,-0.0043224166,6.3661985,1.0,1.0
6.32,0.2,0.19498932,0.011286955,-0.05313646,8.42605,1.0,1.0
6.32,0.4,0.415572,-0.0054082572,-0.069004595,20.170467,1.0,1.0
6.32,0.6,0.57049334,0.029080115,-0.08260004,21.178757,1.0,1.0
6.32,0.8,0.86971587,0.07389409,0.07072804,35.408627,1.0,1.0
6.32,1.0,1.0631049,0.09157013,0.087727696,41.57707,1.0,1.0
6.32,1.2,1.2069738,0.07982312,-0.0029550095,66.773834,1.0,1.0
6.32,1.4,1.3935602,0.036415607,0.03405695,116.05631,1.0,1.0
6.32,1.6,1.5668895,0.04260076,0.032814153,167.35306,1.0,1.0
6.32,1.8,1.7365711,0.02594894,0.06491663,212.25034,1.0,1.0
6.32,2.0,2.07099,0.030739766,0.03987489,330.57428,1.0,1.0
6.32,2.2,2.195413,0.015859082,0.09035476,225.01006,1.0,1.0
6.32,2.4,2.4933822,0.06462416,-0.20702207,138.77061,1.0,0.375
6.32,2.6,2.6823208,0.025217157,0.04964672,190.36508,1.0,1.0
6.32,2.8,2.8175354,0.09778792,-0.08664964,235.34377,1.0,1.0
6.32,3.0,2.9441876,0.06057755,0.19487031,305.7329,1.0,0.5
6.34,0.0,0.036638156,0.033153564,0.0021099998,8.0602455,1.0,1.0
6.34,0.2,0.19232185,0.0017350735,-0.054147284,5.7450557,1.0,1.0
6.34,0.4,0.4082778,-0.0035940157,0.0018725585,12.952091,1.0,1.0
6.34,0.6,0.5694123,0.025520358,-0.061912302,20.762253,1.0,1.0
6.34,0.8,0.84477735,0.07119848,0.03917308,30.272545,1.0,1.0
6.34,1.0,1.071358,0.094353735,0.050155632,61.767555,1.0,1.0
6.34,1.2,1.2528512,0.08357046,0.06399324,62.338577,1.0,1.0
6.34,1.4,1.35162,0.041626044,0.04249072,107.340996,1.0,1.0
6.34,1.6,1.5327864,0.044440255,0.040907063,126.03961,1.0,1.0
6.34,1.8,1.7237134,0.028280707,0.051330842,122.45357,1.0,1.0
6.34,2.0,2.0000377,0.014195003,0.0131756645,310.0476,1.0,1.0
6.34,2.2,2.237492,0.013731236,-0.0026441885,200.22432,1.0,1.0
6.34,2.4,2.4691308,0.056549747,-0.18777397,402.58188,1.0,0.6875
6.34,2.6,2.6999102,0.014388591,0.2242478,130.28064,1.0,0.3125
6.34,2.8,2.8409185,0.11459212,-0.13488293,185.03781,1.0,1.0
6.34,3.0,2.9824483,0.057637416,0.1760237,222.29608,1.0,0.8125
6.36,0.0,0.03973922,0.03487446,-0.00071216363,9.127265,1.0,1.0
6.36,0.2,0.19221069,-0.005288309,-0.050443295,8.214198,1.0,1.0
6.36,0.4,0.4009217,-0.0016805064,0.0062972475,11.256224,1.0,1.0
6.36,0.6,0.5734941,0.019706763,-0.043134756,17.86465,1.0,1.0
6.36,0.8,0.8079914,0.06317948,-0.033879112,17.660477,1.0,1.0
6.36,1.0,1.0253747,0.09471287,0.010913966,41.30075,1.0,1.0
6.36,1.2,1.2928882,0.08527236,0.10391925,75.60684,1.0,1.0
6.36,1.4,1.3297555,0.0429104,0.016862145,72.951416,1.0,1.0
6.36,1.6,1.5240561,0.044333935,0.003072929,69.51107,1.0,1.0
6.36,1.8,1.7374839,0.028458573,-0.008141011,99.86012,1.0,1.0
6.36,2.0,1.9646606,-0.0021447167,-0.042727523,137.94643,1.0,1.0
6.36,2.2,2.2695804,0.01153732,-0.013003311,168.3404,1.0,1.0
6.36,2.4,2.4032798,0.05026541,-0.051670857,642.3192,1.0,0.9375
6.36,2.6,2.6695971,0.012015536,0.3587991,403.25134,1.0,0.0
6.36,2.8,2.8382285,0.118645996,-0.26070333,350.92996,1.0,0.0625
6.36,3.0,3.0005708,0.04154759,0.39966077,149.7013,1.0,0.0
6.38,0.0,0.038901158,0.030916184,0.010759541,8.415342,1.0,1.0
6.38,0.2,0.19592243,-0.011691335,-0.05232684,9.737623,1.0,1.0
6.38,0.4,0.39361963,0.00036773458,-0.011007391,10.820534,1.0,1.0
6.38,0.6,0.5852518,0.012468548,-0.03616026,18.001944,1.0,1.0
6.38,0.8,0.7786491,0.054615848,-0.086487696,18.415247,1.0,1.0
6.38,1.0,0.98691946,0.08694649,-0.05631902,33.99488,1.0,1.0
6.38,1.2,1.2415273,0.08933637,0.054232962,73.41954,1.0,1.0
6.38,1.4,1.3275288,0.043049395,-0.024096934,47.55297,1.0,1.0
6.38,1.6,1.5387194,0.045278016,-0.05139181,79.75897,1.0,1.0
6.38,1.8,1.7686344,0.027804151,-0.044066217,112.381256,1.0,1.0
6.38,2.0,1.9742107,0.0019726306,-0.110753804,130.81436,1.0,1.0
6.38,2.2,2.302333,0.003510243,0.08717746,141.80603,1.0,1.0
6.38,2.4,2.3715498,0.05241432,0.12357265,369.1014,1.0,1.0
6.38,2.6,2.6082928,0.04698977,0.156338,672.3643,1.0,1.0
6.38,2.8,2.7769344,0.09928478,-0.24930048,1039.025,1.0,0.3125
6.38,3.0,2.9534037,0.03672465,0.51991683,478.45972,1.0,0.0
6.4,0.0,0.03614561,0.025362913,0.007261864,7.7360444,1.0,1.0
6.4,0.2,0.20303947,-0.01986416,-0.06442544,10.749884,1.0,1.0
6.4,0.4,0.38838375,0.0041559665,-0.016875677,9.742996,1.0,1.0
6.4,0.6,0.60726726,0.005967752,-0.049595404,18.292078,1.0,1.0
6.4,0.8,0.7640927,0.04804166,-0.097619176,27.444033,1.0,1.0
6.4,1.0,0.964507,0.07790499,-0.103797644,37.072037,1.0,1.0
6.4,1.2,1.1899257,0.08516644,-0.034138516,57.460712,1.0,1.0
6.4,1.4,1.3419079,0.04855585,-0.030940896,65.71264,1.0,1.0
6.4,1.6,1.5678326,0.04866498,-0.05298043,96.86513,1.0,1.0
6.4,1.8,1.8057344,0.027742706,-0.007867778,109.10458,1.0,1.0
6.4,2.0,2.00483,0.015487637,-0.099714115,133.44574,1.0,1.0
6.4,2.2,2.322469,-0.0058910972,0.21464628,244.64056,1.0,0.25
6.4,2.4,2.404213,0.037811667,0.17296645,274.58344,1.0,0.8125
6.4,2.6,2.536289,0.019083008,0.12580916,607.83777,1.0,1.0
6.4,2.8,2.7007837,0.122045554,-0.111303404,821.40704,1.0,0.875
6.4,3.0,2.8916206,0.07441317,0.24209397,863.5926,1.0,0.375
6.42,0.0,0.03062834,0.021543117,-0.0067741526,9.8312235,1.0,1.0
6.42,0.2,0.21394885,-0.02920598,-0.085243545,11.089668,1.0,1.0
6.42,0.4,0.38680702,0.011924333,-0.01954487,8.909952,1.0,1.0
6.42,0.6,0.63653433,0.003062483,-0.10654287,18.146334,1.0,1.0
6.42,0.8,0.7602593,0.04345393,-0.079292774,23.568502,1.0,1.0
6.42,1.0,0.9583212,0.07169995,-0.100100905,29.021864,1.0,1.0
6.42,1.2,1.1550252,0.07614131,-0.09773049,52.044308,1.0,1.0
6.42,1.4,1.3723772,0.0506533,0.0012892862,79.01179,1.0,1.0
6.42,1.6,1.6092068,0.048512097,0.0037199846,94.74586,1.0,1.0
6.42,1.8,1.8551052,0.020283295,0.0896665,111.00359,1.0,1.0
6.42,2.0,2.0426073,0.03426846,-0.061639175,139.25598,1.0,1.0
6.42,2.2,2.2706618,0.022724766,0.10748631,355.5893,1.0,1.0
6.42,2.4,2.4525146,0.029942846,0.06137589,221.17882,1.0,1.0
6.42,2.6,2.5324998,-0.0080348775,0.06381968,301.51123,1.0,1.0
6.42,2.8,2.7250547,0.1214207,0.20822814,352.78455,1.0,0.4375
6.42,3.0,2.815002,0.038322836,0.15823227,759.7116,1.0,0.625
6.44,0.0,0.025591182,0.018869119,-0.02406536,12.62629,1.0,1.0
6.44,0.2,0.22842392,-0.035723332,-0.10327026,11.652268,1.0,1.0
6.44,0.4,0.3918428,0.02208408,-0.022167161,11.754541,1.0,1.0
6.44,0.6,0.64739925,0.007389918,-0.16461182,27.036709,1.0,1.0
6.44,0.8,0.7641973,0.037585072,-0.048186053,25.386871,1.0,1.0
6.44,1.0,0.9603316,0.068040065,-0.061887868,27.331089,1.0,1.0
6.44,1.2,1.1390259,0.070461676,-0.10785921,28.873354,1.0,1.0
6.44,1.4,1.4188843,0.049186736,0.06291721,81.06035,1.0,1.0
6.44,1.6,1.6646688,0.044078015,0.096620806,100.80876,1.0,1.0
6.44,1.8,1.8767111,0.019085318,0.0863712,159.59827,1.0,1.0
6.44,2.0,2.0845942,0.039603688,-0.12541655,119.88461,1.0,1.0
6.44,2.2,2.1992965,0.013182672,0.07220005,425.2329,1.0,1.0
6.44,2.4,2.4854484,0.028137356,0.029751465,184.36401,1.0,1.0
6.44,2.6,2.5754013,0.005436193,-0.0035310662,203.13928,1.0,1.0
6.44,2.8,2.7820044,0.099621646,0.24091223,297.6526,1.0,0.125
6.44,3.0,2.8247697,0.008879699,0.11254832,312.79785,1.0,0.8125
6.46,0.0,0.021510653,0.014154172,-0.048135113,6.6775627,1.0,1.0
6.46,0.2,0.22844759,-0.029560987,-0.1346372,8.183273,1.0,1.0
6.46,0.4,0.40660915,0.032472238,-0.013056055,14.415411,1.0,1.0
6.46,0.6,0.6288855,0.013067225,-0.12524864,19.639393,1.0,1.0
6.46,0.8,0.77739465,0.03253585,-0.032801565,25.690086,1.0,1.0
6.46,1.0,0.9738293,0.06639993,-0.032237425,31.866428,1.0,1.0
6.46,1.2,1.1378323,0.06671041,-0.07121321,34.357437,1.0,1.0
6.46,1.4,1.4659064,0.04821958,0.12537715,123.270645,1.0,1.0
6.46,1.6,1.6673219,0.046893246,0.042286262,139.01352,1.0,1.0
6.46,1.8,1.8120183,0.040541805,0.05701222,226.19144,1.0,1.0
6.46,2.0,2.1089568,0.04405286,-0.15474649,171.57037,1.0,1.0
6.46,2.2,2.1661222,-0.009394659,0.01144565,221.42099,1.0,1.0
6.46,2.4,2.509771,0.018154984,0.15417582,149.84317,1.0,0.9375
6.46,2.6,2.6307182,0.028551843,-0.0711984,217.92813,1.0,1.0
6.46,2.8,2.8372478,0.09300713,0.16103905,267.2561,1.0,0.875
6.46,3.0,2.8716035,0.020939633,0.08348404,211.34332,1.0,0.9375
6.48,0.0,0.019681066,0.008212013,-0.062297,3.9766908,1.0,1.0
6.48,0.2,0.22542384,-0.016491357,-0.14303814,18.101337,1.0,1.0
6.48,0.4,0.42924762,0.040276922,0.02448235,13.870973,1.0,1.0
6.48,0.6,0.6139523,0.015001679,-0.034728393,10.425225,1.0,1.0
6.48,0.8,0.80436164,0.027516877,-0.04027977,26.659058,1.0,1.0
6.48,1.0,1.0004331,0.06640418,-0.033818744,38.312912,1.0,1.0
6.48,1.2,1.1495318,0.066223264,-0.034139194,44.802624,1.0,1.0
6.48,1.4,1.4305825,0.054424427,0.044413757,115.39639,1.0,1.0
6.48,1.6,1.6008172,0.060084734,-0.0039714114,151.1931,1.0,1.0
6.48,1.8,1.7469723,0.030009534,-0.028402593,204.93384,1.0,1.0
6.48,2.0,2.0555964,0.020488225,-0.03116672,379.20648,1.0,1.0
6.48,2.2,2.1809978,-0.0057931496,-0.07353814,177.52939,1.0,1.0
6.48,2.4,2.5147345,0.0098900385,0.2738688,289.0456,1.0,0.125
6.48,2.6,2.663535,0.048222855,-0.09407626,208.22989,1.0,1.0
6.48,2.8,2.8667784,0.085507095,0.22585359,168.66133,1.0,0.25
6.48,3.0,2.928862,0.048706092,-0.0070008663,264.6771,1.0,1.0
6.5,0.0,0.019442054,0.0037663376,-0.06755146,6.2383633,1.0,1.0
6.5,0.2,0.21581389,-0.009427646,-0.08703356,16.659592,1.0,1.0
6.5,0.4,0.43161398,0.03741859,0.026337631,14.55826,1.0,1.0
6.5,0.6,0.60036933,0.017203778,-0.008977931,13.231648,1.0,1.0
6.5,0.8,0.84049875,0.024157682,-0.09557741,27.46249,1.0,1.0
6.5,1.0,1.04269,0.06621899,-0.07699873,39.490654,1.0,1.0
6.5,1.2,1.179308,0.068902776,-0.019485239,53.921066,1.0,1.0
6.5,1.4,1.3724339,0.05286713,-0.060044896,92.50386,1.0,1.0
6.5,1.6,1.5469142,0.05183948,-0.08850512,140.97144,1.0,1.0
6.5,1.8,1.7098665,0.017598776,-0.11554866,112.12461,1.0,1.0
6.5,2.0,1.9924723,0.025049772,0.060859233,359.57605,1.0,1.0
6.5,2.2,2.2187238,0.009544879,-0.085394226,166.14984,1.0,1.0
6.5,2.4,2.457699,0.038563155,0.15253112,484.98553,1.0,0.875
6.5,2.6,2.6978505,0.05188272,-0.23520336,118.10957,1.0,0.0
6.5,2.8,2.8975697,0.06326061,0.4641339,206.80853,1.0,0.0
6.5,3.0,2.9660635,0.06984579,-0.08649406,225.73506,1.0,1.0
6.5200000000000005,0.0,0.021469971,-0.0012659254,-0.07037789,7.6001472,1.0,1.0
6.5200000000000005,0.2,0.20930016,-0.004411383,-0.010680018,10.128806,1.0,1.0
6.5200000000000005,0.4,0.41423965,0.030099291,-0.0048245005,15.061216,1.0,1.0
6.5200000000000005,0.6,0.5866489,0.01936921,-0.0041865082,16.905006,1.0,1.0
6.5200000000000005,0.8,0.8650379,0.024940524,-0.12267918,40.270374,1.0,1.0
6.5200000000000005,1.0,1.086482,0.07022526,-0.14289534,55.538452,1.0,1.0
6.5200000000000005,1.2,1.223083,0.071573764,-0.05860529,53.52685,1.0,1.0
6.5200000000000005,1.4,1.3277216,0.041753657,-0.117923185,89.080475,1.0,1.0
6.5200000000000005,1.6,1.5171883,0.038474858,-0.13021839,82.301,1.0,1.0
6.5200000000000005,1.8,1.7019557,0.013462698,-0.137682,81.428375,1.0,1.0
6.5200000000000005,2.0,1.9726796,0.023204511,0.10764357,181.46417,1.0,1.0
6.5200000000000005,2.2,2.2515159,0.026971301,-0.06587939,163.15305,1.0,1.0
6.5200000000000005,2.4,2.3857691,0.022131672,0.119100735,522.9619,1.0,1.0
6.5200000000000005,2.6,2.6688092,0.047422294,-0.26973474,481.53372,1.0,0.0
6.5200000000000005,2.8,2.8273394,0.092288524,0.28365403,508.88025,1.0,0.0
6.5200000000000005,3.0,2.9915612,0.07367303,-0.23139162,242.34296,1.0,0.125
6.54,0.0,0.02577122,-0.0062841554,-0.080626786,8.422166,1.0,1.0
6.54,0.2,0.20352432,-0.0020083007,0.020381885,7.568578,1.0,1.0
6.54,0.4,0.3982587,0.021331985,-0.06627534,9.672136,1.0,1.0
6.54,0.6,0.57737654,0.020781096,-0.002089588,17.23664,1.0,1.0
6.54,0.8,0.83991784,0.029481348,-0.107657075,21.450584,1.0,1.0
6.54,1.0,1.0558634,0.06808567,-0.06738386,50.09997,1.0,1.0
6.54,1.2,1.2791877,0.073835924,-0.12570924,67.828705,1.0,1.0
6.54,1.4,1.3059828,0.03493284,-0.12548822,48.09009,1.0,1.0
6.54,1.6,1.5139977,0.036013365,-0.097084254,62.98636,1.0,1.0
6.54,1.8,1.7213347,0.023290182,-0.08341029,99.90053,1.0,1.0
6.54,2.0,2.0013473,0.018254891,0.06450069,159.28738,1.0,1.0
6.54,2.2,2.2870405,0.034599178,-0.13220471,138.46211,1.0,1.0
6.54,2.4,2.3632588,-0.004075803,0.057844795,277.93115,1.0,1.0
6.54,2.6,2.58739,0.042020194,-0.11472528,785.0476,1.0,1.0
6.54,2.8,2.744324,0.09727165,0.12564334,782.1896,1.0,0.9375
6.54,3.0,2.9435492,0.06938669,-0.29768223,873.2948,1.0,0.0
6.5600000000000005,0.0,0.031728588,-0.011780759,-0.10078794,9.08335,1.0,1.0
6.5600000000000005,0.2,0.19756155,-7.0178416e-05,0.009056415,6.2768464,1.0,1.0
6.5600000000000005,0.4,0.3873557,0.01202261,-0.07991749,8.381254,1.0,1.0
6.5600000000000005,0.6,0.5745008,0.025115872,-0.004063099,13.376451,1.0,1.0
6.5600000000000005,0.8,0.81809044,0.029802112,-0.03263123,11.6375475,1.0,1.0
6.5600000000000005,1.0,1.0195249,0.06487231,0.0057008676,42.374264,1.0,1.0
6.5600000000000005,1.2,1.257096,0.07232505,-0.021626957,84.889206,1.0,1.0
6.5600000000000005,1.4,1.3020582,0.029760169,-0.090535015,45.731575,1.0,1.0
6.5600000000000005,1.6,1.5313723,0.040809933,-0.046039015,78.41805,1.0,1.0
6.5600000000000005,1.8,1.7571871,0.036277175,-0.05589935,114.895164,1.0,1.0
6.5600000000000005,2.0,2.0420835,0.014894535,-0.008860696,151.76953,1.0,1.0
6.5600000000000005,2.2,2.3043833,0.032242503,-0.17961532,214.62509,1.0,0.5
6.5600000000000005,2.4,2.391766,0.0016355179,-0.025655372,203.67374,1.0,1.0
6.5600000000000005,2.6,2.5664887,0.048148062,0.14154005,408.74716,1.0,1.0
6.5600000000000005,2.8,2.694732,0.05826901,0.065476894,384.92596,1.0,1.0
6.5600000000000005,3.0,2.8549345,0.07787542,-0.17034996,964.9817,1.0,0.8125
6.58,0.0,0.038199633,-0.016519409,-0.12065756,9.033177,1.0,1.0
6.58,0.2,0.19406903,0.0033712853,0.0008437543,4.7603216,1.0,1.0
6.58,0.4,0.38073367,0.005837055,-0.066837415,12.904477,1.0,1.0
6.58,0.6,0.57991326,0.03368531,-0.014064707,20.515305,1.0,1.0
6.58,0.8,0.7975404,0.03309921,-0.007854535,15.761789,1.0,1.0
6.58,1.0,0.9882784,0.06818339,0.021234678,39.108578,1.0,1.0
6.58,1.2,1.2116394,0.066249385,0.043545354,77.35036,1.0,1.0
6.58,1.4,1.3160107,0.030622818,-0.055196546,62.553024,1.0,1.0
6.58,1.6,1.5658617,0.05064753,-0.037944943,92.97751,1.0,1.0
6.58,1.8,1.801243,0.04408938,-0.09741459,105.971634,1.0,1.0
6.58,2.0,2.0805836,0.012761834,-0.012484935,131.54971,1.0,1.0
6.58,2.2,2.2477348,0.012247627,-0.093998075,508.6916,1.0,1.0
6.58,2.4,2.44095,0.020961756,-0.07044624,197.19363,1.0,1.0
6.58,2.6,2.609458,0.03212788,0.21186014,293.3945,1.0,0.3125
6.58,2.8,2.7164106,0.050991297,0.050170213,256.36368,1.0,1.0
6.58,3.0,2.8647656,0.08372976,0.18667921,429.68732,1.0,0.625
6.6000000000000005,0.0,0.039353244,-0.0120521,-0.12562221,3.000802,1.0,1.0
6.6000000000000005,0.2,0.19376007,0.009557036,0.0016350127,4.139608,1.0,1.0
6.6000000000000005,0.4,0.37973607,0.0012089396,-0.055273242,14.407835,1.0,1.0
6.6000000000000005,0.6,0.5959171,0.043587122,-0.017922372,25.835245,1.0,1.0
6.6000000000000005,0.8,0.77971816,0.035395987,9.611342e-05,23.404522,1.0,1.0
6.6000000000000005,1.0,0.9679439,0.06843382,0.017226042,39.92751,1.0,1.0
6.6000000000000005,1.2,1.1747395,0.067825064,0.042213503,72.22939,1.0,1.0
6.6000000000000005,1.4,1.3482065,0.03584055,-0.05047922,76.15459,1.0,1.0
6.6000000000000005,1.6,1.6132635,0.055783495,-0.077015094,88.16702,1.0,1.0
6.6000000000000005,1.8,1.8595872,0.04375644,-0.16613881,118.294876,1.0,1.0
6.6000000000000005,2.0,2.1216142,0.0040948875,0.08750038,121.71808,1.0,1.0
6.6000000000000005,2.2,2.1873918,0.017918125,0.014224799,433.91486,1.0,1.0
6.6000000000000005,2.4,2.4747505,0.039590396,-0.0720006,183.1699,1.0,1.0
6.6000000000000005,2.6,2.6569457,0.024048276,0.077043936,251.40085,1.0,1.0
6.6000000000000005,2.8,2.7632592,0.07546525,-0.007410136,226.0568,1.0,1.0
6.6000000000000005,3.0,2.9188256,0.0622098,0.2763048,298.3725,1.0,0.0625
6.62,0.0,0.03832329,2.6603695e-05,-0.13669288,12.393925,1.0,1.0
6.62,0.2,0.19742739,0.017285712,0.0005137025,5.6651926,1.0,1.0
6.62,0.4,0.38468343,-0.006032696,-0.048216052,12.922483,1.0,1.0
6.62,0.6,0.62377965,0.05186533,0.008089793,22.887304,1.0,1.0
6.62,0.8,0.77057385,0.03831637,0.004439021,20.6885,1.0,1.0
6.62,1.0,0.96030533,0.071061954,0.006669506,25.331224,1.0,1.0
6.62,1.2,1.1539874,0.0654265,0.021379467,54.501625,1.0,1.0
6.62,1.4,1.3962176,0.039191153,-0.09220721,70.74641,1.0,1.0
6.62,1.6,1.6764339,0.057420686,-0.15274355,108.101006,1.0,1.0
6.62,1.8,1.8424046,0.035635013,-0.050404534,207.39072,1.0,1.0
6.62,2.0,2.1372142,0.0017119125,0.13001123,204.23193,1.0,1.0
6.62,2.2,2.1790242,0.015704285,0.095503286,241.23569,1.0,1.0
6.62,2.4,2.508516,0.04612261,-0.15659352,139.15976,1.0,0.9375
6.62,2.6,2.686432,0.025587115,0.051841818,192.25761,1.0,1.0
6.62,2.8,2.802669,0.10050635,-0.08163252,233.79099,1.0,1.0
6.62,3.0,2.9751654,0.04991547,0.19426514,292.4401,1.0,0.5625
6.640000000000001,0.0,0.035764724,0.011218345,-0.12436809,12.765114,1.0,1.0
6.640000000000001,0.2,0.20685284,0.025421886,0.0053914087,9.226704,1.0,1.0
6.640000000000001,0.4,0.39408296,-0.015249673,-0.051339887,12.358715,1.0,1.0
6.640000000000001,0.6,0.65329266,0.057541166,0.05334603,28.400307,1.0,1.0
6.640000000000001,0.8,0.770888,0.044157967,-0.0011696753,21.602798,1.0,1.0
6.640000000000001,1.0,0.96463734,0.07621579,0.0019943463,30.692139,1.0,1.0
6.640000000000001,1.2,1.1491902,0.06590131,-0.009192256,34.030106,1.0,1.0
6.640000000000001,1.4,1.4585538,0.037496738,-0.13179712,86.47005,1.0,1.0
6.640000000000001,1.6,1.6599392,0.051949017,-0.045535803,165.3158,1.0,1.0
6.640000000000001,1.8,1.7775817,0.023938354,0.02718027,246.05771,1.0,1.0
6.640000000000001,2.0,2.072739,0.03129015,0.04690011,332.97052,1.0,1.0
6.640000000000001,2.2,2.2175155,0.007939419,0.056371324,209.25162,1.0,1.0
6.640000000000001,2.4,2.4996989,0.043434955,-0.1921474,343.44315,1.0,0.5625
6.640000000000001,2.6,2.704175,0.0146127455,0.22625531,130.2528,1.0,0.0625
6.640000000000001,2.8,2.8238862,0.114353605,-0.15298817,168.49324,1.0,1.0
6.640000000000001,3.0,3.0076826,0.04458428,0.23348042,184.90804,1.0,0.1875
6.66,0.0,0.03163881,0.016612638,-0.091965236,10.954033,1.0,1.0
6.66,0.2,0.21713617,0.030620141,0.015875114,10.584282,1.0,1.0
6.66,0.4,0.4109793,-0.023451965,-0.0702962,13.44339,1.0,1.0
6.66,0.6,0.6322876,0.05276401,0.037848648,20.029144,1.0,1.0
6.66,0.8,0.783057,0.051015586,-0.010681469,34.323586,1.0,1.0
6.66,1.0,0.98297876,0.081527784,0.0058316477,46.562122,1.0,1.0
6.66,1.2,1.1584041,0.07037155,-0.018090446,45.26941,1.0,1.0
6.66,1.4,1.4454033,0.043197274,-0.060085632,123.045105,1.0,1.0
6.66,1.6,1.5968691,0.039350934,0.02470395,170.01038,1.0,1.0
6.66,1.8,1.7387304,0.025771942,0.046945214,173.78854,1.0,1.0
6.66,2.0,2.0015035,0.015018093,0.019746076,311.74426,1.0,1.0
6.66,2.2,2.2600334,0.004661497,-0.013670475,184.20403,1.0,1.0
6.66,2.4,2.4302497,0.025992326,-0.098543316,657.9053,1.0,1.0
6.66,2.6,2.6743932,0.01049133,0.36187935,412.15268,1.0,0.0
6.66,2.8,2.8040578,0.12067314,-0.2679544,394.35364,1.0,0.0
6.66,3.0,3.0280597,0.022729069,0.49670404,200.13669,1.0,0.0
6.68,0.0,0.031171165,0.01988744,-0.052439395,5.37893,1.0,1.0
6.68,0.2,0.21710014,0.026264265,0.032430228,12.199764,1.0,1.0
6.68,0.4,0.43334544,-0.028786896,-0.1143824,14.820236,1.0,1.0
6.68,0.6,0.60579073,0.043464556,-0.040679492,7.2646184,1.0,1.0
6.68,0.8,0.8089629,0.059148334,-0.0057211984,40.829018,1.0,1.0
6.68,1.0,1.0169616,0.086698756,0.024519244,54.754547,1.0,1.0
6.68,1.2,1.1832101,0.07279983,-0.00041682387,61.253616,1.0,1.0
6.68,1.4,1.3918033,0.03622307,0.033389263,114.45276,1.0,1.0
6.68,1.6,1.5533569,0.040403195,0.03976594,143.90437,1.0,1.0
6.68,1.8,1.7319359,0.026836354,0.01489639,105.282715,1.0,1.0
6.68,2.0,1.9661106,-0.0016522333,-0.03679019,139.18565,1.0,1.0
6.68,2.2,2.2931159,-1.005223e-05,0.020525783,152.16647,1.0,1.0
6.68,2.4,2.3779297,0.03395668,0.05185079,453.1679,1.0,1.0
6.68,2.6,2.6111972,0.044495374,0.15766028,673.6228,1.0,1.0
6.68,2.8,2.7397351,0.09980941,-0.22648898,1026.7657,1.0,0.375
6.68,3.0,2.9590425,0.040554173,0.39431667,518.3622,1.0,0.0
6.7,0.0,0.030910578,0.022064377,-0.034996834,2.8164363,1.0,1.0
6.7,0.2,0.20879954,0.023753382,0.011683512,11.895242,1.0,1.0
6.7,0.4,0.4400667,-0.022268306,-0.15960547,14.417181,1.0,1.0
6.7,0.6,0.5855708,0.033168875,-0.07710536,11.492521,1.0,1.0
6.7,0.8,0.8461883,0.06560248,0.039425127,31.983639,1.0,1.0
6.7,1.0,1.0627923,0.09184544,0.08776301,41.532673,1.0,1.0
6.7,1.2,1.223953,0.073839314,0.041296847,66.17961,1.0,1.0
6.7,1.4,1.3495717,0.041526176,0.041863244,104.69328,1.0,1.0
6.7,1.6,1.5339379,0.041068725,0.010320988,81.98803,1.0,1.0
6.7,1.8,1.7487183,0.027807254,-0.048616268,106.81776,1.0,1.0
6.7,2.0,1.9756397,0.0019173883,-0.10538554,132.08742,1.0,1.0
6.7,2.2,2.3311143,-0.014347132,0.16963238,151.96889,1.0,0.625
6.7,2.4,2.3932319,0.025396286,0.15456685,283.1507,1.0,1.0
6.7,2.6,2.5379453,0.015621562,0.120823264,618.75165,1.0,1.0
6.7,2.8,2.6799018,0.11926501,-0.042316698,715.11896,1.0,1.0
6.7,3.0,2.8845687,0.056898117,0.14085957,928.81445,1.0,0.9375
6.72,0.0,0.030069891,0.023387559,-0.025189543,3.0980816,1.0,1.0
6.72,0.2,0.20075792,0.0212347,-0.01632765,13.035379,1.0,1.0
6.72,0.4,0.42772982,-0.01245217,-0.11838576,20.826483,1.0,1.0
6.72,0.6,0.5739107,0.026148621,-0.08036377,20.083973,1.0,1.0
6.72,0.8,0.86444604,0.06939973,0.04892405,40.16942,1.0,1.0
6.72,1.0,1.0711176,0.094406836,0.051719442,61.925697,1.0,1.0
6.72,1.2,1.276623,0.07712542,0.12526421,80.34102,1.0,1.0
6.72,1.4,1.3274097,0.042805105,0.016203046,70.87065,1.0,1.0
6.72,1.6,1.5386649,0.041815653,-0.04869337,71.954834,1.0,1.0
6.72,1.8,1.7802428,0.028116252,-0.06755434,118.63301,1.0,1.0
6.72,2.0,2.0062864,0.015016461,-0.09469088,133.19534,1.0,1.0
6.72,2.2,2.3141627,-0.0037925951,0.16352245,266.29553,1.0,0.5
6.72,2.4,2.4396877,0.014385946,0.07225789,235.56299,1.0,1.0
6.72,2.6,2.533388,-0.011369124,0.055513993,305.86676,1.0,1.0
6.72,2.8,2.7152636,0.11321384,0.2347303,332.72876,1.0,0.25
6.72,3.0,2.8282773,0.016665757,0.062317133,529.2385,1.0,1.0
6.74,0.0,0.030870385,0.025603997,-0.012999425,4.9787045,1.0,1.0
6.74,0.2,0.19516611,0.012027141,-0.053341024,8.413042,1.0,1.0
6.74,0.4,0.41583914,-0.009638214,-0.044397477,17.267399,1.0,1.0
6.74,0.6,0.5709428,0.021846328,-0.065575756,22.144686,1.0,1.0
6.74,0.8,0.82878673,0.067071885,0.0025149863,23.240246,1.0,1.0
6.74,1.0,1.0251055,0.0947129,0.012729351,41.474335,1.0,1.0
6.74,1.2,1.2605057,0.07963773,0.05712282,80.12401,1.0,1.0
6.74,1.4,1.324903,0.04291167,-0.024647262,46.613037,1.0,1.0
6.74,1.6,1.5612423,0.044111826,-0.061603617,94.356964,1.0,1.0
6.74,1.8,1.818336,0.028204413,-0.007404742,107.90022,1.0,1.0
6.74,2.0,2.0441327,0.0334434,-0.056045607,139.84486,1.0,1.0
6.74,2.2,2.2468314,0.015527327,0.062102284,442.5288,1.0,1.0
6.74,2.4,2.4798903,0.013953697,0.018758267,197.82433,1.0,1.0
6.74,2.6,2.5752192,0.0028537698,-0.010842552,203.32059,1.0,1.0
6.74,2.8,2.773748,0.09248397,0.21693796,298.21936,1.0,0.375
6.74,3.0,2.8526354,0.0028419718,0.043904945,284.56442,1.0,1.0
6.76,0.0,0.03295437,0.029021826,-0.004243182,6.3784223,1.0,1.0
6.76,0.2,0.19250207,0.0024871249,-0.05425727,5.7290854,1.0,1.0
6.76,0.4,0.40757093,-0.008331085,0.012077741,12.608072,1.0,1.0
6.76,0.6,0.5735601,0.016260047,-0.05084549,18.970345,1.0,1.0
6.76,0.8,0.79617375,0.05992245,-0.063945025,19.33797,1.0,1.0
6.76,1.0,0.986623,0.08684479,-0.0549399,34.112892,1.0,1.0
6.76,1.2,1.2097201,0.07748543,-0.023432065,60.545296,1.0,1.0
6.76,1.4,1.339116,0.048441343,-0.03084049,65.85962,1.0,1.0
6.76,1.6,1.5958762,0.045602307,-0.017958835,95.73967,1.0,1.0
6.76,1.8,1.8717552,0.018465683,0.1275756,123.71877,1.0,1.0
6.76,2.0,2.0862713,0.038420707,-0.1198768,121.02692,1.0,1.0
6.76,2.2,2.1834874,-0.0052527534,0.031965047,357.96747,1.0,1.0
6.76,2.4,2.5058975,0.0073036067,0.10871874,159.07898,1.0,1.0
6.76,2.6,2.6289744,0.02591987,-0.078163154,219.19902,1.0,1.0
6.76,2.8,2.8257961,0.08882982,0.14189768,251.41902,1.0,0.9375
6.76,3.0,2.9018102,0.02755148,-0.0005703317,239.37212,1.0,1.0
6.78,0.0,0.03669913,0.033259027,0.0021499498,8.082409,1.0,1.0
6.78,0.2,0.19235769,-0.0045333775,-0.050636925,8.198264,1.0,1.0
6.78,0.4,0.39871502,-0.0067263497,0.010021802,11.751743,1.0,1.0
6.78,0.6,0.5834198,0.008176106,-0.04218187,19.297432,1.0,1.0
6.78,0.8,0.7725263,0.051269047,-0.097160354,22.920284,1.0,1.0
6.78,1.0,0.96421,0.07772182,-0.10302166,37.04741,1.0,1.0
6.78,1.2,1.166992,0.066716835,-0.09130269,57.0859,1.0,1.0
6.78,1.4,1.3695521,0.050730005,0.0020156768,78.47255,1.0,1.0
6.78,1.6,1.6463604,0.039694026,0.07313244,92.18002,1.0,1.0
6.78,1.8,1.86784,0.025643175,0.073602155,171.02106,1.0,1.0
6.78,2.0,2.1114407,0.042626057,-0.15319061,170.48961,1.0,1.0
6.78,2.2,2.16614,-0.017682748,-0.02726451,204.90622,1.0,1.0
6.78,2.4,2.5330133,-0.008693371,0.29847398,211.6479,1.0,0.0625
6.78,2.6,2.6608086,0.045912202,-0.10287198,211.03445,1.0,1.0
6.78,2.8,2.8519375,0.08030149,0.24589589,163.78253,1.0,0.125
6.78,3.0,2.9520702,0.05644452,-0.09198877,255.59932,1.0,1.0
6.8,0.0,0.039807484,0.034987185,-0.0007440394,9.1377,1.0,1.0
6.8,0.2,0.1960029,-0.010952003,-0.05260672,9.724025,1.0,1.0
6.8,0.4,0.39070177,-0.0048160944,-0.0057310886,11.604064,1.0,1.0
6.8,0.6,0.60338044,-3.6647543e-05,-0.047591187,19.384903,1.0,1.0
6.8,0.8,0.76302606,0.04616907,-0.09727046,26.796124,1.0,1.0
6.8,1.0,0.9580233,0.071487814,-0.09973499,29.03048,1.0,1.0
6.8,1.2,1.1436121,0.059951756,-0.12354486,49.616425,1.0,1.0
6.8,1.4,1.4161029,0.04936347,0.064789906,80.05606,1.0,1.0
6.8,1.6,1.6753759,0.03843855,0.0889792,134.06674,1.0,1.0
6.8,1.8,1.7965086,0.04245252,0.032932818,226.21866,1.0,1.0
6.8,2.0,2.0557532,0.019033775,-0.034244657,380.92236,1.0,1.0
6.8,2.2,2.1932268,-0.006811395,-0.09492069,167.1561,1.0,1.0
6.8,2.4,2.4788594,0.018222397,0.17968354,365.90033,1.0,0.6875
6.8,2.6,2.6941986,0.050182506,-0.24755855,122.56482,1.0,0.0
6.8,2.8,2.878477,0.05870352,0.49781328,281.2805,1.0,0.0
6.8,3.0,2.9799402,0.07521088,-0.16504303,191.02629,1.0,1.0
6.82,0.0,0.03895473,0.031014021,0.010726569,8.428943,1.0,1.0
6.82,0.2,0.20305681,-0.019133843,-0.06471191,10.786362,1.0,1.0
6.82,0.4,0.38553715,-0.0008644201,-0.011405076,9.997226,1.0,1.0
6.82,0.6,0.63151217,-0.0048192665,-0.090329014,17.564835,1.0,1.0
6.82,0.8,0.7618327,0.041526817,-0.06990051,21.093128,1.0,1.0
6.82,1.0,0.9600188,0.06779856,-0.061691586,27.38195,1.0,1.0
6.82,1.2,1.137604,0.05442018,-0.105644345,32.993637,1.0,1.0
6.82,1.4,1.4629681,0.04860414,0.12653321,120.116066,1.0,1.0
6.82,1.6,1.6137784,0.056268588,0.07000787,153.44705,1.0,1.0
6.82,1.8,1.7371953,0.029512782,-0.042140003,201.17647,1.0,1.0
6.82,2.0,1.992802,0.023414057,0.058594704,360.49,1.0,1.0
6.82,2.2,2.229826,0.010151584,-0.090622604,168.46915,1.0,1.0
6.82,2.4,2.4042177,0.017037673,0.08216226,551.02924,1.0,1.0
6.82,2.6,2.663519,0.047797043,-0.2824491,473.7846,1.0,0.0
6.82,2.8,2.8092427,0.09335116,0.289709,548.48785,1.0,0.0625
6.82,3.0,2.9737356,0.08198025,-0.29590976,425.3554,1.0,0.0
6.84,0.0,0.036181122,0.025437703,0.007185056,7.754072,1.0,1.0
6.84,0.2,0.2139482,-0.028474823,-0.08542623,11.129087,1.0,1.0
6.84,0.4,0.38491094,0.006837425,-0.017339204,10.133221,1.0,1.0
6.84,0.6,0.6514777,-0.0035486221,-0.16410618,21.503216,1.0,1.0
6.84,0.8,0.76820713,0.036684766,-0.043500908,24.733513,1.0,1.0
6.84,1.0,0.97350365,0.06610975,-0.032155223,31.732956,1.0,1.0
6.84,1.2,1.1445072,0.053213544,-0.06810908,44.090504,1.0,1.0
6.84,1.4,1.4292929,0.054808073,0.044493802,116.922104,1.0,1.0
6.84,1.6,1.5515552,0.04867579,-0.045485213,133.04553,1.0,1.0
6.84,1.8,1.7084869,0.016712667,-0.11263289,95.600876,1.0,1.0
6.84,2.0,1.973226,0.021429705,0.10609543,182.0788,1.0,1.0
6.84,2.2,2.2638476,0.027034026,-0.083482265,160.18896,1.0,1.0
6.84,2.4,2.362919,-0.0107338615,0.027411671,306.16226,1.0,1.0
6.84,2.6,2.5835528,0.04128617,-0.11934684,779.58276,1.0,1.0
6.84,2.8,2.7218447,0.08205367,0.17423248,748.1559,1.0,0.6875
6.84,3.0,2.9138784,0.06848653,-0.2938435,1161.4436,1.0,0.0625
6.86,0.0,0.030667944,0.021589465,-0.0069394056,9.71364,1.0,1.0
6.86,0.2,0.22832574,-0.035142183,-0.1044449,11.198288,1.0,1.0
6.86,0.4,0.39164346,0.016430952,-0.021635331,12.781701,1.0,1.0
6.86,0.6,0.6340236,0.004832141,-0.1324383,20.529783,1.0,1.0
6.86,0.8,0.78610486,0.03207253,-0.035653114,24.844671,1.0,1.0
6.86,1.0,1.0001159,0.06606602,-0.03392201,38.254707,1.0,1.0
6.86,1.2,1.1678619,0.055244967,-0.046931528,55.31866,1.0,1.0
6.86,1.4,1.3716302,0.054591045,-0.060714617,94.122894,1.0,1.0
6.86,1.6,1.5118052,0.036973547,-0.12977448,96.94145,1.0,1.0
6.86,1.8,1.7094531,0.0151373055,-0.11409345,89.49478,1.0,1.0
6.86,2.0,2.0020232,0.016365793,0.06293768,159.68192,1.0,1.0
6.86,2.2,2.3051317,0.0255525,-0.1970121,131.38052,1.0,0.5625
6.86,2.4,2.377976,-0.008521242,-0.04729083,224.78659,1.0,1.0
6.86,2.6,2.5613098,0.04736065,0.14034379,408.8991,1.0,1.0
6.86,2.8,2.6882226,0.043391615,0.115074225,329.54523,1.0,1.0
6.86,3.0,2.8382268,0.09009389,-0.1332026,879.31464,1.0,0.875
6.88,0.0,0.02559932,0.018894868,-0.024215367,12.510527,1.0,1.0
6.88,0.2,0.22879401,-0.028804947,-0.13475356,8.074915,1.0,1.0
6.88,0.4,0.40815806,0.025621897,-0.009508509,15.19216,1.0,1.0
6.88,0.6,0.6172923,0.006394364,-0.049774762,11.868412,1.0,1.0
6.88,0.8,0.8172138,0.02830362,-0.057312265,27.553883,1.0,1.0
6.88,1.0,1.042411,0.065845355,-0.07709679,39.394367,1.0,1.0
6.88,1.2,1.2070149,0.05815617,-0.06397959,56.847042,1.0,1.0
6.88,1.4,1.3274295,0.043698948,-0.11809332,90.13392,1.0,1.0
6.88,1.6,1.4974203,0.03131005,-0.13991697,52.89833,1.0,1.0
6.88,1.8,1.7348763,0.025291577,-0.05951633,104.33371,1.0,1.0
6.88,2.0,2.0426695,0.012928431,-0.010687226,152.6298,1.0,1.0
6.88,2.2,2.288897,0.020680012,-0.15296942,321.28094,1.0,0.9375
6.88,2.4,2.4223585,0.01227908,-0.10311982,193.55789,1.0,1.0
6.88,2.6,2.6040964,0.03166107,0.21519497,292.79895,1.0,0.25
6.88,2.8,2.715279,0.041355923,0.09339924,220.66107,1.0,1.0
6.88,3.0,2.8709707,0.0898022,0.20597589,360.62845,1.0,0.375
6.9,0.0,0.021482978,0.014160437,-0.04819633,6.539918,1.0,1.0
6.9,0.2,0.22593705,-0.01564259,-0.14405037,18.270733,1.0,1.0
6.9,0.4,0.4307115,0.0319464,0.03194196,14.395534,1.0,1.0
6.9,0.6,0.6043775,0.007235622,0.0020224643,13.085549,1.0,1.0
6.9,0.8,0.8551296,0.027433723,-0.1299581,27.19104,1.0,1.0
6.9,1.0,1.0862665,0.069766484,-0.14286518,55.625206,1.0,1.0
6.9,1.2,1.2613404,0.05995302,-0.13354108,48.947224,1.0,1.0
6.9,1.4,1.3060818,0.036538243,-0.124791145,48.677277,1.0,1.0
6.9,1.6,1.5052412,0.034208514,-0.08777846,72.90518,1.0,1.0
6.9,1.8,1.7737179,0.03820026,-0.049478255,114.28247,1.0,1.0
6.9,2.0,2.0810137,0.010792264,-0.015246065,132.38614,1.0,1.0
6.9,2.2,2.2190135,0.009908758,-0.045252986,534.14075,1.0,1.0
6.9,2.4,2.4563315,0.03330042,-0.10921098,190.36848,1.0,1.0
6.9,2.6,2.6517196,0.023768868,0.07837692,250.93356,1.0,1.0
6.9,2.8,2.764761,0.06445879,0.018575957,234.15811,1.0,1.0
6.9,3.0,2.9304676,0.070108175,0.23448133,315.76434,1.0,0.125
6.92,0.0,0.019612443,0.0082069365,-0.062264577,3.9712462,1.0,1.0
6.92,0.2,0.21636258,-0.0085083395,-0.08797749,16.824673,1.0,1.0
6.92,0.4,0.4270416,0.029601768,0.016648836,12.746028,1.0,1.0
6.92,0.6,0.5913024,0.009969421,0.0083886655,16.47092,1.0,1.0
6.92,0.8,0.8535306,0.03059375,-0.12681529,38.90593,1.0,1.0
6.92,1.0,1.0557576,0.06770131,-0.06807849,50.11798,1.0,1.0
6.92,1.2,1.2873299,0.06548019,-0.08373354,80.246,1.0,1.0
6.92,1.4,1.3024085,0.031191096,-0.08896524,44.585175,1.0,1.0
6.92,1.6,1.5329967,0.042098977,-0.055794854,91.79124,1.0,1.0
6.92,1.8,1.8212641,0.042855114,-0.11078471,106.89769,1.0,1.0
6.92,2.0,2.1218452,0.0021153642,0.083833806,122.50514,1.0,1.0
6.92,2.2,2.1766307,0.013706598,0.06292363,337.77478,1.0,1.0
6.92,2.4,2.4847217,0.045842804,-0.1542283,162.14575,1.0,1.0
6.92,2.6,2.681137,0.02559109,0.049606837,193.65483,1.0,1.0
6.92,2.8,2.8025074,0.08661971,-0.057928983,227.0159,1.0,1.0
6.92,3.0,2.9854121,0.06469184,0.1709453,277.97992,1.0,0.875
6.94,0.0,0.01935278,0.003753561,-0.06757951,6.2342305,1.0,1.0
6.94,0.2,0.20984781,-0.0035572979,-0.011143597,10.26198,1.0,1.0
6.94,0.4,0.4105936,0.025622366,-0.019932352,13.894297,1.0,1.0
6.94,0.6,0.58097315,0.012152402,0.005921949,18.904758,1.0,1.0
6.94,0.8,0.8271475,0.033139676,-0.05955787,15.073814,1.0,1.0
6.94,1.0,1.0195303,0.06457802,0.004836534,42.319252,1.0,1.0
6.94,1.2,1.2419491,0.057801418,-0.013652372,78.953156,1.0,1.0
6.94,1.4,1.316494,0.03198667,-0.053674374,61.45662,1.0,1.0
6.94,1.6,1.5733333,0.049596243,-0.073716,90.73494,1.0,1.0
6.94,1.8,1.8704171,0.04609006,-0.14325891,135.67741,1.0,1.0
6.94,2.0,2.1382468,-0.00060785003,0.12618163,201.16293,1.0,1.0
6.94,2.2,2.1890588,0.007631665,0.09099842,238.48868,1.0,1.0
6.94,2.4,2.4928677,0.0476406,-0.23787701,265.40186,1.0,0.125
6.94,2.6,2.698237,0.0150616765,0.22104776,132.96127,1.0,0.125
6.94,2.8,2.827351,0.09735847,-0.15989384,138.1726,1.0,0.9375
6.94,3.0,3.0145082,0.05633463,0.27889353,163.98398,1.0,0.0625
6.96,0.0,0.021370132,-0.0012847453,-0.07044303,7.5970707,1.0,1.0
6.96,0.2,0.20409238,-0.0012676506,0.020469522,7.643488,1.0,1.0
6.96,0.4,0.39685804,0.0173391,-0.07600409,9.2451515,1.0,1.0
6.96,0.6,0.5755634,0.015973046,0.0035163027,14.352652,1.0,1.0
6.96,0.8,0.805916,0.033441447,-0.011994426,13.439847,1.0,1.0
6.96,1.0,0.98833185,0.06795594,0.02055217,39.049473,1.0,1.0
6.96,1.2,1.2010882,0.059767865,0.02017634,66.266495,1.0,1.0
6.96,1.4,1.3486683,0.03710916,-0.04923939,75.21692,1.0,1.0
6.96,1.6,1.6299547,0.051771834,-0.13459864,82.55103,1.0,1.0
6.96,1.8,1.8325951,0.028273668,-0.036155827,237.8771,1.0,1.0
6.96,2.0,2.0726829,0.028993616,0.043189727,328.73187,1.0,1.0
6.96,2.2,2.229231,0.0041116434,0.004390593,203.88046,1.0,1.0
6.96,2.4,2.4394703,0.029093392,-0.15515065,641.33636,1.0,0.6875
6.96,2.6,2.6720994,0.011112221,0.3646194,408.9923,1.0,0.0
6.96,2.8,2.8050299,0.099193946,-0.25812897,473.23987,1.0,0.0
6.96,3.0,3.0359569,0.030977912,0.5814727,308.0171,1.0,0.0
6.98,0.0,0.02568112,-0.006299699,-0.080726914,8.492552,1.0,1.0
6.98,0.2,0.19810024,0.00063360995,0.009073408,6.373603,1.0,1.0
6.98,0.4,0.38835287,0.008448231,-0.07629212,8.956027,1.0,1.0
6.98,0.6,0.5773496,0.024374962,-0.010723131,18.689692,1.0,1.0
6.98,0.8,0.78560704,0.035627097,-0.0027967107,18.734692,1.0,1.0
6.98,1.0,0.96801496,0.06827645,0.016872283,39.9645,1.0,1.0
6.98,1.2,1.1733241,0.061119203,0.014218218,64.44587,1.0,1.0
6.98,1.4,1.3967307,0.040298536,-0.091073066,70.236664,1.0,1.0
6.98,1.6,1.6555668,0.05695723,-0.07879953,98.260475,1.0,1.0
6.98,1.8,1.7690697,0.024116313,0.030879937,245.54678,1.0,1.0
6.98,2.0,2.001412,0.012531799,0.0146107655,309.01324,1.0,1.0
6.98,2.2,2.2638333,0.0023589255,-0.035908263,176.08945,1.0,1.0
6.98,2.4,2.3774302,0.041065864,-0.01823026,567.72925,1.0,1.0
6.98,2.6,2.613399,0.04537912,0.16691872,660.94836,1.0,0.875
6.98,2.8,2.7341063,0.08205893,-0.17908028,937.2718,1.0,0.6875
6.98,3.0,2.958874,0.06786122,0.30166432,663.04584,1.0,0.0
7.0,0.0,0.031619422,-0.011792062,-0.10081731,9.0103035,1.0,1.0
7.0,0.2,0.1945821,0.0040381146,0.00077730103,4.812237,1.0,1.0
7.0,0.4,0.384116,0.002763345,-0.060546905,13.995462,1.0,1.0
7.0,0.6,0.58939666,0.03445883,-0.023670213,25.02543,1.0,1.0
7.0,0.8,0.77056056,0.037394114,0.0053257374,23.64575,1.0,1.0
7.0,1.0,0.96039414,0.07096726,0.0065446803,25.363129,1.0,1.0
7.0,1.2,1.1613513,0.06187235,-0.008717954,37.996346,1.0,1.0
7.0,1.4,1.4599541,0.040118173,-0.15504539,92.26398,1.0,1.0
7.0,1.6,1.6054105,0.039655674,0.0072475476,169.84077,1.0,1.0
7.0,1.8,1.7373242,0.024315558,0.051042385,152.3872,1.0,1.0
7.0,2.0,1.9656589,-0.0037206542,-0.041729912,137.27899,1.0,1.0
7.0,2.2,2.2938144,-0.0030926461,0.040689334,147.27333,1.0,1.0
7.0,2.4,2.3794045,0.03975858,0.14772065,312.36017,1.0,0.9375
7.0,2.6,2.540034,0.017536238,0.13966438,620.88715,1.0,1.0
7.0,2.8,2.693937,0.0960809,0.05420571,573.97253,1.0,1.0
7.0,3.0,2.867141,0.06360479,0.17672971,882.0835,1.0,0.625
7.0200000000000005,0.0,0.038171604,-0.016509848,-0.12045835,9.013929,1.0,1.0
7.0200000000000005,0.2,0.19425182,0.010209696,0.0014797472,4.1028776,1.0,1.0
7.0200000000000005,0.4,0.3848648,-0.0019225627,-0.050334275,14.40784,1.0,1.0
7.0200000000000005,0.6,0.61331564,0.0437591,-0.009319689,25.061436,1.0,1.0
7.0200000000000005,0.8,0.7646965,0.04092324,0.00833852,19.109945,1.0,1.0
7.0200000000000005,1.0,0.9647374,0.07616232,0.0018550033,30.717514,1.0,1.0
7.0200000000000005,1.2,1.1636176,0.0681459,-0.021894217,37.303013,1.0,1.0
7.0200000000000005,1.4,1.4469634,0.04298418,-0.048371527,129.91391,1.0,1.0
7.0200000000000005,1.6,1.5557576,0.042192753,0.04379893,161.48035,1.0,1.0
7.0200000000000005,1.8,1.7373288,0.02283852,0.009133144,101.10141,1.0,1.0
7.0200000000000005,2.0,1.974891,0.00038346648,-0.10967947,130.20828,1.0,1.0
7.0200000000000005,2.2,2.3297281,-0.01837797,0.20772155,191.90445,1.0,0.25
7.0200000000000005,2.4,2.427885,0.026505904,0.12636727,249.59811,1.0,1.0
7.0200000000000005,2.6,2.5361638,-0.010507178,0.073520854,305.26498,1.0,1.0
7.0200000000000005,2.8,2.7349303,0.082151555,0.24147046,313.77362,1.0,0.25
7.0200000000000005,3.0,2.832736,0.02250579,0.12520662,389.74835,1.0,0.9375
7.04,0.0,0.039215192,-0.012060069,-0.12570944,3.0269866,1.0,1.0
7.04,0.2,0.19783705,0.017936442,0.00025687422,5.652301,1.0,1.0
7.04,0.4,0.39085293,-0.009159443,-0.047488153,13.321627,1.0,1.0
7.04,0.6,0.6450938,0.050467126,0.04604931,16.25219,1.0,1.0
7.04,0.8,0.7681637,0.04744496,-0.001620955,25.561047,1.0,1.0
7.04,1.0,0.98308194,0.08152582,0.005646215,46.556973,1.0,1.0
7.04,1.2,1.1805215,0.07418382,-0.01406032,53.65889,1.0,1.0
7.04,1.4,1.3926135,0.035119038,0.041426595,117.786026,1.0,1.0
7.04,1.6,1.5305248,0.04585149,0.037900634,108.82483,1.0,1.0
7.04,1.8,1.7597244,0.022844503,-0.052628793,113.70633,1.0,1.0
7.04,2.0,2.0053039,0.013833953,-0.09872825,134.01392,1.0,1.0
7.04,2.2,2.2868595,0.007332844,0.10857476,307.39465,1.0,1.0
7.04,2.4,2.477203,0.024122767,0.047057398,216.08148,1.0,1.0
7.04,2.6,2.578908,0.0024435073,0.004327082,204.68701,1.0,1.0
7.04,2.8,2.7895231,0.0637603,0.16668382,286.12506,1.0,0.875
7.04,3.0,2.8602943,0.017483473,0.12799807,245.8176,1.0,0.9375
7.0600000000000005,0.0,0.038147263,8.32451e-06,-0.13670932,12.440319,1.0,1.0
7.0600000000000005,0.2,0.20721634,0.026087794,0.0051854365,9.262159,1.0,1.0
7.0600000000000005,0.4,0.4019336,-0.018004626,-0.053865958,12.447401,1.0,1.0
7.0600000000000005,0.6,0.6333283,0.04865578,0.018061938,24.076015,1.0,1.0
7.0600000000000005,0.8,0.78498966,0.054705456,-0.013314908,37.647102,1.0,1.0
7.0600000000000005,1.0,1.0170591,0.08674778,0.024295527,54.77733,1.0,1.0
7.0600000000000005,1.2,1.2144377,0.077295884,0.01958805,68.39635,1.0,1.0
7.0600000000000005,1.4,1.3505007,0.03961812,0.04802358,108.93327,1.0,1.0
7.0600000000000005,1.6,1.5317241,0.046401218,-0.0067504025,68.03807,1.0,1.0
7.0600000000000005,1.8,1.7936512,0.022380268,-0.056077674,120.229385,1.0,1.0
7.0600000000000005,2.0,2.0430293,0.03252208,-0.060911767,139.60182,1.0,1.0
7.0600000000000005,2.2,2.2119539,0.011708386,0.046376854,451.77316,1.0,1.0
7.0600000000000005,2.4,2.5084434,0.019806454,0.078298405,168.08656,1.0,1.0
7.0600000000000005,2.6,2.6337554,0.024646882,-0.06483856,218.7451,1.0,1.0
7.0600000000000005,2.8,2.8307626,0.062414013,0.11696638,225.55948,1.0,0.9375
7.0600000000000005,3.0,2.9089298,0.043383397,0.056018546,249.98404,1.0,1.0
7.08,0.0,0.03559587,0.011161802,-0.12416053,12.66279,1.0,1.0
7.08,0.2,0.21742827,0.031218916,0.015399802,10.610577,1.0,1.0
7.08,0.4,0.4199863,-0.025436621,-0.07935402,13.643838,1.0,1.0
7.08,0.6,0.6034684,0.04113415,-0.05133783,11.195837,1.0,1.0
7.08,0.8,0.81530017,0.06254215,0.0011727121,39.823402,1.0,1.0
7.08,1.0,1.0628736,0.091940925,0.08754283,41.569023,1.0,1.0
7.08,1.2,1.2625763,0.08117309,0.083008885,57.586136,1.0,1.0
7.08,1.4,1.3285894,0.04063509,0.02276976,73.09604,1.0,1.0
7.08,1.6,1.5534987,0.047248706,-0.03963816,84.19328,1.0,1.0
7.08,1.8,1.834488,0.020285605,0.012976567,107.16153,1.0,1.0
7.08,2.0,2.0850694,0.037766565,-0.12487364,119.7839,1.0,1.0
7.08,2.2,2.164464,-0.012037765,-0.006648599,273.32364,1.0,1.0
7.08,2.4,2.5416515,0.005195778,0.23311585,149.17276,1.0,0.3125
7.08,2.6,2.6662784,0.04407845,-0.08823118,209.1614,1.0,1.0
7.08,2.8,2.850776,0.05110965,0.2832994,145.58209,1.0,0.0
7.08,3.0,2.948843,0.06749096,-0.0558496,255.5308,1.0,1.0
7.1000000000000005,0.0,0.03150297,0.01648557,-0.09175811,10.963497,1.0,1.0
7.1000000000000005,0.2,0.21728328,0.026470799,0.034207493,12.1604,1.0,1.0
7.1000000000000005,0.4,0.44215822,-0.028520282,-0.122826084,12.505993,1.0,1.0
7.1000000000000005,0.6,0.5801634,0.03192335,-0.10469607,10.302214,1.0,1.0
7.1000000000000005,0.8,0.85446537,0.06866479,0.060576472,26.78331,1.0,1.0
7.1000000000000005,1.0,1.0713663,0.094570376,0.052277178,60.990627,1.0,1.0
7.1000000000000005,1.2,1.2926762,0.082013324,0.064882316,74.97221,1.0,1.0
7.1000000000000005,1.4,1.3264416,0.040913872,-0.01818066,47.921253,1.0,1.0
7.1000000000000005,1.6,1.5861858,0.0499212,-0.019178784,92.39704,1.0,1.0
7.1000000000000005,1.8,1.8863411,0.0086949,0.15213752,153.7089,1.0,1.0
7.1000000000000005,2.0,2.1092494,0.042265892,-0.15434264,172.69081,1.0,1.0
7.1000000000000005,2.2,2.1642282,-0.012561794,-0.0826439,194.00644,1.0,1.0
7.1000000000000005,2.4,2.5045002,0.020499738,0.21774817,344.693,1.0,0.5625
7.1000000000000005,2.6,2.7003484,0.04786835,-0.23139788,119.98442,1.0,0.125
7.1000000000000005,2.8,2.847331,0.034812234,0.5139704,412.5401,1.0,0.0
7.1000000000000005,3.0,2.9727538,0.080106795,-0.1836215,165.70721,1.0,0.75
7.12,0.0,0.031088475,0.019765003,-0.052319504,5.3789043,1.0,1.0
7.12,0.2,0.20882404,0.023885798,0.013194981,11.953699,1.0,1.0
7.12,0.4,0.44272333,-0.02012685,-0.16531765,18.03747,1.0,1.0
7.12,0.6,0.5653042,0.024611745,-0.10355742,17.772678,1.0,1.0
7.12,0.8,0.8485976,0.06947504,0.038393185,36.08783,1.0,1.0
7.12,1.0,1.0252924,0.094706126,0.012958653,40.490883,1.0,1.0
7.12,1.2,1.2376008,0.084920466,0.021381281,67.05525,1.0,1.0
7.12,1.4,1.3408955,0.04647341,-0.026245454,65.729004,1.0,1.0
7.12,1.6,1.6327039,0.046202037,0.05465699,91.70906,1.0,1.0
7.12,1.8,1.8579925,0.024119174,0.079737626,204.19012,1.0,1.0
7.12,2.0,2.0577245,0.018884059,-0.026852626,386.61646,1.0,1.0
7.12,2.2,2.197864,0.0032049976,-0.11935853,168.04236,1.0,1.0
7.12,2.4,2.4296677,0.038385876,0.07689139,552.77704,1.0,1.0
7.12,2.6,2.6711702,0.04439038,-0.27045417,480.88995,1.0,0.0
7.12,2.8,2.7844887,0.07272747,0.2834034,638.3447,1.0,0.0625
7.12,3.0,2.9422898,0.086513594,-0.31277004,512.2315,1.0,0.0
7.140000000000001,0.0,0.030882247,0.021960415,-0.034985818,2.8199773,1.0,1.0
7.140000000000001,0.2,0.20064452,0.021107383,-0.01535178,13.111302,1.0,1.0
7.140000000000001,0.4,0.42846322,-0.011219318,-0.11413555,21.605017,1.0,1.0
7.140000000000001,0.6,0.5608169,0.020490065,-0.087716095,21.391602,1.0,1.0
7.140000000000001,0.8,0.8109605,0.06454004,-0.027800478,18.301458,1.0,1.0
7.140000000000001,1.0,0.98683524,0.08668026,-0.055256713,33.64116,1.0,1.0
7.140000000000001,1.2,1.188726,0.08021716,-0.055617735,57.167988,1.0,1.0
7.140000000000001,1.4,1.3714348,0.048398707,0.0041029016,79.32004,1.0,1.0
7.140000000000001,1.6,1.6844692,0.041234218,0.1438373,138.5144,1.0,1.0
7.140000000000001,1.8,1.7838082,0.034398668,0.01879562,215.87303,1.0,1.0
7.140000000000001,2.0,1.9946616,0.022864744,0.061855115,363.20505,1.0,1.0
7.140000000000001,2.2,2.2303944,0.02174503,-0.103530616,169.92691,1.0,1.0
7.140000000000001,2.4,2.3673081,0.011016568,0.034555696,395.17682,1.0,1.0
7.140000000000001,2.6,2.5892255,0.037037212,-0.12065093,787.3461,1.0,1.0
7.140000000000001,2.8,2.702342,0.04532543,0.2107321,753.90234,1.0,0.3125
7.140000000000001,3.0,2.8569403,0.07209452,-0.29363427,1074.8342,1.0,0.125
7.16,0.0,0.030069971,0.023278832,-0.025212726,3.1343055,1.0,1.0
7.16,0.2,0.1949477,0.011681091,-0.0527061,8.42943,1.0,1.0
7.16,0.4,0.41637018,-0.008958381,-0.028759934,14.648439,1.0,1.0
7.16,0.6,0.56247175,0.016017359,-0.06737274,18.159649,1.0,1.0
7.16,0.8,0.78109944,0.057711046,-0.08946128,17.762539,1.0,1.0
7.16,1.0,0.9644705,0.07746505,-0.10351643,37.057903,1.0,1.0
7.16,1.2,1.1591444,0.071175516,-0.10791353,54.342133,1.0,1.0
7.16,1.4,1.4178166,0.046697184,0.06276795,81.26523,1.0,1.0
7.16,1.6,1.6463907,0.0512857,0.084872864,162.19257,1.0,1.0
7.16,1.8,1.7292299,0.022076575,-0.06546679,169.63467,1.0,1.0
7.16,2.0,1.9754605,0.020996613,0.10845936,184.64577,1.0,1.0
7.16,2.2,2.2631402,0.035961032,-0.12446391,153.91707,1.0,1.0
7.16,2.4,2.363658,0.0015470292,-0.028162792,250.09445,1.0,1.0
7.16,2.6,2.567584,0.042894416,0.13466637,411.7367,1.0,1.0
7.16,2.8,2.690472,0.008811057,0.15619141,318.524,1.0,0.8125
7.16,3.0,2.8198211,0.09312534,-0.02686549,658.5687,1.0,1.0
7.18,0.0,0.030906104,0.025489498,-0.013002724,5.017089,1.0,1.0
7.18,0.2,0.19223592,0.0020859037,-0.053847045,5.724577,1.0,1.0
7.18,0.4,0.40655744,-0.008008491,0.018564977,12.220948,1.0,1.0
7.18,0.6,0.57047325,0.008367696,-0.04887128,19.159311,1.0,1.0
7.18,0.8,0.76377666,0.05058886,-0.10499049,26.577038,1.0,1.0
7.18,1.0,0.9583241,0.07113817,-0.10026419,29.143604,1.0,1.0
7.18,1.2,1.1480315,0.064257175,-0.10011551,29.820204,1.0,1.0
7.18,1.4,1.4646927,0.04556807,0.12436323,125.7334,1.0,1.0
7.18,1.6,1.5783095,0.053226106,-0.027806992,140.45059,1.0,1.0
7.18,1.8,1.7047133,0.012013359,-0.12072279,83.85933,1.0,1.0
7.18,2.0,2.0046902,0.016088348,0.06584178,159.86832,1.0,1.0
7.18,2.2,2.301086,0.032403868,-0.22909185,159.24483,1.0,0.125
7.18,2.4,2.4009383,0.019695343,-0.09414968,187.20834,1.0,1.0
7.18,2.6,2.6102266,0.027205493,0.20689069,294.65454,1.0,0.375
7.18,2.8,2.7285743,0.012230955,0.11260475,205.04846,1.0,1.0
7.18,3.0,2.868136,0.081548326,0.22825271,309.60254,1.0,0.3125
7.2,0.0,0.032996625,0.028912572,-0.0042648073,6.3537807,1.0,1.0
7.2,0.2,0.19209632,-0.0049670525,-0.050238535,8.24379,1.0,1.0
7.2,0.4,0.39704072,-0.0058822297,0.011048926,11.916838,1.0,1.0
7.2,0.6,0.5865599,0.00036975835,-0.04560221,17.442003,1.0,1.0
7.2,0.8,0.75887173,0.04711712,-0.0915643,26.453941,1.0,1.0
7.2,1.0,0.9603569,0.06734836,-0.062121212,27.43984,1.0,1.0
7.2,1.2,1.1499314,0.061271742,-0.058031708,36.418278,1.0,1.0
7.2,1.4,1.4290326,0.052095547,0.041859012,113.49417,1.0,1.0
7.2,1.6,1.5281748,0.044139177,-0.11768839,119.691414,1.0,1.0
7.2,1.8,1.7111256,0.014763344,-0.09835837,90.98039,1.0,1.0
7.2,2.0,2.0456815,0.012657963,-0.00729719,151.22363,1.0,1.0
7.2,2.2,2.2652185,0.018454053,-0.14426415,440.847,1.0,1.0
7.2,2.4,2.440238,0.042598773,-0.10626263,194.3359,1.0,1.0
7.2,2.6,2.6571774,0.019490536,0.070447765,253.22081,1.0,1.0
7.2,2.8,2.783543,0.034693107,0.018727956,244.60843,1.0,1.0
7.2,3.0,2.9263864,0.06385808,0.18684958,320.7494,1.0,0.5625
7.22,0.0,0.036754075,0.033151507,0.0021723304,8.109226,1.0,1.0
7.22,0.2,0.19579086,-0.011395785,-0.052177396,9.743799,1.0,1.0
7.22,0.4,0.38956818,-0.003202919,-0.003568395,11.497725,1.0,1.0
7.22,0.6,0.6129519,-0.005069101,-0.073114336,16.53464,1.0,1.0
7.22,0.8,0.7608701,0.042607166,-0.058923163,22.562998,1.0,1.0
7.22,1.0,0.9738637,0.06554689,-0.03240616,31.729218,1.0,1.0
7.22,1.2,1.1657553,0.061524652,-0.028599236,46.03318,1.0,1.0
7.22,1.4,1.3709197,0.05007554,-0.06520277,90.92905,1.0,1.0
7.22,1.6,1.5027134,0.034657873,-0.14247584,56.662506,1.0,1.0
7.22,1.8,1.7394041,0.025561899,-0.05129063,109.53868,1.0,1.0
7.22,2.0,2.084244,0.010427283,-0.011904415,131.54669,1.0,1.0
7.22,2.2,2.1958003,0.022429999,-0.022212612,498.66223,1.0,1.0
7.22,2.4,2.46735,0.059809558,-0.11863299,177.52289,1.0,1.0
7.22,2.6,2.6861649,0.021387596,0.04326439,193.54668,1.0,1.0
7.22,2.8,2.8213305,0.053816833,-0.05242668,224.8,1.0,1.0
7.22,3.0,2.971528,0.061445124,0.15428421,244.55412,1.0,0.9375
7.24,0.0,0.039787553,0.034836005,-0.0006953499,9.115668,1.0,1.0
7.24,0.2,0.20290685,-0.01959626,-0.06434204,10.796573,1.0,1.0
7.24,0.4,0.38571697,0.0019640615,-0.010335382,9.45262,1.0,1.0
7.24,0.6,0.6422335,-0.0070662964,-0.14208955,18.75337,1.0,1.0
7.24,0.8,0.7698841,0.038224623,-0.03671644,23.681292,1.0,1.0
7.24,1.0,1.0005198,0.065391734,-0.034242637,38.35083,1.0,1.0
7.24,1.2,1.1991066,0.0643616,-0.030727189,55.111298,1.0,1.0
7.24,1.4,1.32623,0.039147675,-0.123566166,88.62396,1.0,1.0
7.24,1.6,1.50317,0.034863964,-0.08833559,65.477135,1.0,1.0
7.24,1.8,1.7788018,0.037192896,-0.059208266,111.529755,1.0,1.0
7.24,2.0,2.1253603,0.0016623214,0.08658227,123.79323,1.0,1.0
7.24,2.2,2.1711957,0.024707867,0.08727461,269.60745,1.0,1.0
7.24,2.4,2.4961402,0.060943924,-0.23076785,164.39853,1.0,0.125
7.24,2.6,2.7035282,0.010625135,0.21729207,130.05759,1.0,0.25
7.24,2.8,2.8525794,0.060095854,-0.19138223,136.01497,1.0,0.75
7.24,3.0,2.9924407,0.048871025,0.34189266,143.61282,1.0,0.0
7.26,0.0,0.038950797,0.030856954,0.010806216,8.423094,1.0,1.0
7.26,0.2,0.21382481,-0.02897512,-0.085180506,11.115298,1.0,1.0
7.26,0.4,0.3870997,0.010616774,-0.017647456,11.123677,1.0,1.0
7.26,0.6,0.63455594,-0.00025906228,-0.1614024,23.538275,1.0,1.0
7.26,0.8,0.79117584,0.033135787,-0.03489732,23.674706,1.0,1.0
7.26,1.0,1.0428681,0.06506007,-0.07732285,39.50615,1.0,1.0
7.26,1.2,1.247345,0.0661479,-0.080972575,52.15204,1.0,1.0
7.26,1.4,1.3044121,0.03324697,-0.13050891,47.839973,1.0,1.0
7.26,1.6,1.5248376,0.040647045,-0.044709105,86.09381,1.0,1.0
7.26,1.8,1.8301225,0.039218478,-0.13448955,104.60832,1.0,1.0
7.26,2.0,2.1412156,-0.0010818718,0.1225368,203.19353,1.0,1.0
7.26,2.2,2.2004466,0.01712252,0.08516776,222.6329,1.0,1.0
7.26,2.4,2.4625578,0.049492408,-0.18664405,502.2142,1.0,0.5625
7.26,2.6,2.6770887,0.005861383,0.36244458,416.96484,1.0,0.0
7.26,2.8,2.8234472,0.05940447,-0.27857322,555.0167,1.0,0.0
7.26,3.0,2.9745507,0.034860894,0.57946014,451.40552,1.0,0.0
7.28,0.0,0.036185257,0.025302319,0.0073078945,7.730108,1.0,1.0
7.28,0.2,0.22817475,-0.03557992,-0.10378397,11.465344,1.0,1.0
7.28,0.4,0.39639992,0.020476028,-0.0199148,13.287097,1.0,1.0
7.28,0.6,0.6178303,0.0031752922,-0.09155871,17.06963,1.0,1.0
7.28,0.8,0.824033,0.029430594,-0.07009173,26.622837,1.0,1.0
7.28,1.0,1.0868101,0.06883986,-0.14257675,56.00254,1.0,1.0
7.28,1.2,1.2959998,0.07044857,-0.123518795,76.45769,1.0,1.0
7.28,1.4,1.3005493,0.028739734,-0.094576105,46.483234,1.0,1.0
7.28,1.6,1.5612743,0.049493026,-0.055079196,93.05403,1.0,1.0
7.28,1.8,1.8617947,0.044098377,-0.101288974,135.65408,1.0,1.0
7.28,2.0,2.0746038,0.029350972,0.042812556,330.58527,1.0,1.0
7.28,2.2,2.2434523,0.015029427,-0.002496142,197.64977,1.0,1.0
7.28,2.4,2.3943322,0.0524101,-0.057055403,630.01697,1.0,1.0
7.28,2.6,2.616872,0.040480316,0.15752994,678.2733,1.0,1.0
7.28,2.8,2.7345295,0.04879675,-0.17479874,903.6458,1.0,0.75
7.28,3.0,2.9088907,0.076426804,0.2750159,759.7656,1.0,0.1875
7.3,0.0,0.030648015,0.021483406,-0.006724303,9.832688,1.0,1.0
7.3,0.2,0.22840801,-0.02935065,-0.13471633,8.1587105,1.0,1.0
7.3,0.4,0.41535538,0.02906661,0.0004267154,15.090874,1.0,1.0
7.3,0.6,0.6071405,0.0039276816,-0.016131407,13.293899,1.0,1.0
7.3,0.8,0.8642334,0.02856878,-0.11757737,32.828007,1.0,1.0
7.3,1.0,1.0562036,0.066875964,-0.06888319,49.821983,1.0,1.0
7.3,1.2,1.259017,0.06398157,-0.030787772,87.36566,1.0,1.0
7.3,1.4,1.3143979,0.02997411,-0.05828052,63.081818,1.0,1.0
7.3,1.6,1.612851,0.05255203,-0.10511288,84.43395,1.0,1.0
7.3,1.8,1.8108393,0.023233218,-0.004515758,246.4325,1.0,1.0
7.3,2.0,2.0033681,0.012700237,0.013372805,310.61804,1.0,1.0
7.3,2.2,2.2771199,0.01294423,-0.009103191,166.15446,1.0,1.0
7.3,2.4,2.375637,0.054439347,0.124058336,344.02588,1.0,1.0
7.3,2.6,2.5431201,0.012968782,0.13175723,622.6621,1.0,1.0
7.3,2.8,2.7136364,0.058676906,0.11266489,484.26758,1.0,1.0
7.3,3.0,2.8228548,0.047701605,0.19908088,800.34766,1.0,0.3125
7.32,0.0,0.025591616,0.018804349,-0.024096375,12.6283,1.0,1.0
7.32,0.2,0.22547847,-0.016155807,-0.14361319,18.014908,1.0,1.0
7.32,0.4,0.43419695,0.03374563,0.028825024,16.325783,1.0,1.0
7.32,0.6,0.5946504,0.0063842274,0.001761569,16.11908,1.0,1.0
7.32,0.8,0.8462398,0.03287896,-0.12471645,32.376614,1.0,1.0
7.32,1.0,1.0199552,0.06394527,0.003598652,42.181366,1.0,1.0
7.32,1.2,1.2113565,0.061143152,0.008146606,73.39288,1.0,1.0
7.32,1.4,1.3465798,0.03550272,-0.052742712,76.62753,1.0,1.0
7.32,1.6,1.6638492,0.057279747,-0.12795217,111.859566,1.0,1.0
7.32,1.8,1.7537627,0.02450199,0.04867938,238.61987,1.0,1.0
7.32,2.0,1.9673622,-0.0037548346,-0.043204635,137.65677,1.0,1.0
7.32,2.2,2.3111508,0.004537161,0.09446275,141.5734,1.0,1.0
7.32,2.4,2.4157903,0.04056768,0.15252697,268.15634,1.0,0.9375
7.32,2.6,2.5380409,-0.014912788,0.071400076,304.97256,1.0,1.0
7.32,2.8,2.7576506,0.041074462,0.23268105,303.2426,1.0,0.1875
7.32,3.0,2.818901,0.011056371,0.15787409,314.94598,1.0,0.625
7.34,0.0,0.021491744,0.014080421,-0.04822141,6.684004,1.0,1.0
7.34,0.2,0.21590605,-0.009065408,-0.08730855,16.719105,1.0,1.0
7.34,0.4,0.4223943,0.029000182,0.014150422,12.954407,1.0,1.0
7.34,0.6,0.58281136,0.008458278,0.0037656222,18.621801,1.0,1.0
7.34,0.8,0.8224908,0.034449495,-0.044593647,13.272293,1.0,1.0
7.34,1.0,0.9887267,0.067439586,0.019593617,38.90447,1.0,1.0
7.34,1.2,1.1740311,0.06153868,-0.0017083196,64.18095,1.0,1.0
7.34,1.4,1.3944567,0.039251298,-0.09514272,71.20452,1.0,1.0
7.34,1.6,1.6299738,0.045103826,-0.028599476,177.00224,1.0,1.0
7.34,1.8,1.7306602,0.025425326,0.058857776,138.21771,1.0,1.0
7.34,2.0,1.9763489,0.0002548322,-0.110861555,130.84741,1.0,1.0
7.34,2.2,2.3270135,-0.0019687884,0.20737988,242.96852,1.0,0.4375
7.34,2.4,2.4653587,0.03576164,0.050622873,224.51245,1.0,1.0
7.34,2.6,2.58041,-0.0017113872,0.0021043294,203.90747,1.0,1.0
7.34,2.8,2.809233,0.027320348,0.12936264,278.2024,1.0,0.9375
7.34,3.0,2.8595717,0.016871266,0.13747029,204.71486,1.0,0.75
7.36,0.0,0.019661013,0.008131345,-0.062460773,3.9763193,1.0,1.0
7.36,0.2,0.20941341,-0.0040203175,-0.01062151,10.175795,1.0,1.0
7.36,0.4,0.40585363,0.025285717,-0.029987015,12.298808,1.0,1.0
7.36,0.6,0.57578,0.010658609,3.7838254e-05,15.343121,1.0,1.0
7.36,0.8,0.80236906,0.037430726,-0.015215231,14.844501,1.0,1.0
7.36,1.0,0.9684112,0.06787118,0.01642966,39.87124,1.0,1.0
7.36,1.2,1.153957,0.059374463,-0.025257494,39.1183,1.0,1.0
7.36,1.4,1.4570376,0.03929139,-0.14866422,84.07707,1.0,1.0
7.36,1.6,1.5711403,0.0428665,0.031079328,166.15466,1.0,1.0
7.36,1.8,1.7374791,0.024414184,0.008654859,100.803055,1.0,1.0
7.36,2.0,2.0065103,0.01383542,-0.09946397,134.28064,1.0,1.0
7.36,2.2,2.2712936,0.026452037,0.0953123,381.7401,1.0,1.0
7.36,2.4,2.4972053,0.03365281,0.039651208,178.88757,1.0,1.0
7.36,2.6,2.6349812,0.020881128,-0.07030466,218.56313,1.0,1.0
7.36,2.8,2.842693,0.026395537,0.11056794,206.1681,1.0,1.0
7.36,3.0,2.915131,0.042237982,0.044419188,259.76105,1.0,1.0
7.38,0.0,0.01942187,0.0036718396,-0.06775342,6.2437115,1.0,1.0
7.38,0.2,0.20368189,-0.0016034739,0.020774186,7.5769253,1.0,1.0
7.38,0.4,0.39378652,0.017116666,-0.07553616,8.981274,1.0,1.0
7.38,0.6,0.57523894,0.017208416,-0.012535176,15.098402,1.0,1.0
7.38,0.8,0.78323704,0.04011129,-0.011120591,21.236328,1.0,1.0
7.38,1.0,0.960812,0.07071184,0.00646152,25.337618,1.0,1.0
7.38,1.2,1.1498673,0.06292672,-0.04893551,30.841873,1.0,1.0
7.38,1.4,1.4451915,0.044791557,-0.058252707,123.90515,1.0,1.0
7.38,1.6,1.5357943,0.044783343,0.039362818,126.3487,1.0,1.0
7.38,1.8,1.7655201,0.023650032,-0.044936422,114.48549,1.0,1.0
7.38,2.0,2.0440478,0.032612525,-0.060767993,140.60031,1.0,1.0
7.38,2.2,2.1989174,0.014439492,0.06523944,419.72784,1.0,1.0
7.38,2.4,2.5249348,0.02272998,0.1758866,142.11873,1.0,0.75
7.38,2.6,2.6675534,0.04044025,-0.09646932,209.43759,1.0,1.0
7.38,2.8,2.8597045,0.012582287,0.3097486,130.0462,1.0,0.0
7.38,3.0,2.9540403,0.06361112,-0.05709497,229.20792,1.0,1.0
7.4,0.0,0.02145252,-0.0013674452,-0.070568636,7.6152964,1.0,1.0
7.4,0.2,0.19772442,0.0003425046,0.009545807,6.2988205,1.0,1.0
7.4,0.4,0.3860794,0.00882774,-0.07290158,10.367233,1.0,1.0
7.4,0.6,0.58386517,0.026797228,-0.024116877,22.687057,1.0,1.0
7.4,0.8,0.7711087,0.042462133,-0.002386093,22.202244,1.0,1.0
7.4,1.0,0.965186,0.07601057,0.0018156589,30.787735,1.0,1.0
7.4,1.2,1.1602988,0.06880549,-0.044748075,48.055595,1.0,1.0
7.4,1.4,1.390972,0.037367076,0.03550592,113.75233,1.0,1.0
7.4,1.6,1.5257249,0.044836596,0.002327053,69.17766,1.0,1.0
7.4,1.8,1.8016741,0.023308214,-0.033102952,115.92501,1.0,1.0
7.4,2.0,2.085924,0.037872136,-0.12370755,120.72627,1.0,1.0
7.4,2.2,2.1666105,-0.007521572,0.005134547,221.13284,1.0,1.0
7.4,2.4,2.5156777,0.020534838,0.27221322,320.87643,1.0,0.0625
7.4,2.6,2.7013721,0.04487037,-0.24208887,118.65361,1.0,0.0
7.4,2.8,2.8251915,0.0084207505,0.43456763,403.09164,1.0,0.0
7.4,3.0,2.9815247,0.07058053,-0.20947057,191.23282,1.0,0.3125
7.42,0.0,0.025761236,-0.0064005945,-0.080791466,8.455274,1.0,1.0
7.42,0.2,0.19422561,0.0037795142,0.0011602615,4.7702994,1.0,1.0
7.42,0.4,0.38307923,0.003640256,-0.05869466,15.049915,1.0,1.0
7.42,0.6,0.60320354,0.036629926,-0.016892416,25.454615,1.0,1.0
7.42,0.8,0.7684964,0.04693339,0.0017882915,19.01302,1.0,1.0
7.42,1.0,0.98357785,0.081468076,0.0056062364,46.672188,1.0,1.0
7.42,1.2,1.1859466,0.07217723,-0.013814068,62.655006,1.0,1.0
7.42,1.4,1.3486313,0.0424928,0.04535524,104.7549,1.0,1.0
7.42,1.6,1.539242,0.045836568,-0.0522763,79.27826,1.0,1.0
7.42,1.8,1.846489,0.018605791,0.04345175,108.158356,1.0,1.0
7.42,2.0,2.1110091,0.042360738,-0.15613809,170.26653,1.0,1.0
7.42,2.2,2.1825962,-0.0031362604,-0.07724293,176.71565,1.0,1.0
7.42,2.4,2.454072,0.048811782,0.12567922,509.35706,1.0,1.0
7.42,2.6,2.6746085,0.043246087,-0.27619663,492.89807,1.0,0.0
7.42,2.8,2.7624106,0.041864343,0.17087847,776.6644,1.0,0.625
7.42,3.0,2.9464202,0.070488326,-0.2870072,748.0595,1.0,0.0625
7.44,0.0,0.03171933,-0.011913963,-0.10089637,9.091942,1.0,1.0
7.44,0.2,0.19391018,0.009968352,0.0017633766,4.1298966,1.0,1.0
7.44,0.4,0.3855291,-0.0018487936,-0.050489485,13.625645,1.0,1.0
7.44,0.6,0.6338756,0.04397429,0.031145928,18.513657,1.0,1.0
7.44,0.8,0.77607024,0.05346836,-0.0039017154,30.021694,1.0,1.0
7.44,1.0,1.0176207,0.08677023,0.024415996,54.86641,1.0,1.0
7.44,1.2,1.2282627,0.074620165,0.04090628,63.59192,1.0,1.0
7.44,1.4,1.3265452,0.044008244,0.020253684,72.33477,1.0,1.0
7.44,1.6,1.5675746,0.0493567,-0.054585084,97.03539,1.0,1.0
7.44,1.8,1.8883109,0.009907331,0.12907852,171.91989,1.0,1.0
7.44,2.0,2.0594134,0.018862609,-0.03059785,382.62292,1.0,1.0
7.44,2.2,2.2207546,0.012856308,-0.086555324,166.16481,1.0,1.0
7.44,2.4,2.3807654,0.027551692,0.10031238,494.62836,1.0,1.0
7.44,2.6,2.594604,0.035346575,-0.11546579,787.24414,1.0,1.0
7.44,2.8,2.6884224,0.011147641,0.1091944,667.902,1.0,0.8125
7.44,3.0,2.8498776,0.06841042,-0.21502239,965.4059,1.0,0.375
7.46,0.0,0.03821501,-0.016657459,-0.12055179,8.991238,1.0,1.0
7.46,0.2,0.1975586,0.017686024,0.00058607885,5.630435,1.0,1.0
7.46,0.4,0.39260986,-0.009907337,-0.05076782,13.169001,1.0,1.0
7.46,0.6,0.63850254,0.04514376,0.03184573,25.847343,1.0,1.0
7.46,0.8,0.79764,0.06132503,-0.0070928084,40.298088,1.0,1.0
7.46,1.0,1.0634979,0.092056245,0.08779079,41.58401,1.0,1.0
7.46,1.2,1.2731504,0.07632598,0.10600881,78.126144,1.0,1.0
7.46,1.4,1.3238204,0.044383194,-0.020609818,46.509914,1.0,1.0
7.46,1.6,1.6082537,0.049532354,0.002233702,95.02736,1.0,1.0
7.46,1.8,1.8411264,0.03046581,0.077370085,223.41533,1.0,1.0
7.46,2.0,1.9963629,0.022965046,0.060045257,361.46765,1.0,1.0
7.46,2.2,2.2546067,0.03063655,-0.06561941,162.98453,1.0,1.0
7.46,2.4,2.3632426,0.0044247173,0.03802567,264.6098,1.0,1.0
7.46,2.6,2.571613,0.041089065,0.14249477,413.37222,1.0,1.0
7.46,2.8,2.6910276,-0.015094481,0.056291662,311.0874,1.0,1.0
7.46,3.0,2.8506665,0.07980705,0.12826246,457.98148,1.0,1.0
7.48,0.0,0.039241277,-0.012195066,-0.12576875,2.9942632,1.0,1.0
7.48,0.2,0.20696196,0.02584335,0.005498419,9.274313,1.0,1.0
7.48,0.4,0.40608534,-0.01894597,-0.05806443,13.362562,1.0,1.0
7.48,0.6,0.6123475,0.04077096,-0.019809982,11.033909,1.0,1.0
7.48,0.8,0.83217144,0.068516985,0.020858293,37.36001,1.0,1.0
7.48,1.0,1.0721965,0.09484278,0.052743122,60.90194,1.0,1.0
7.48,1.2,1.2398363,0.080673315,0.043978803,73.94775,1.0,1.0
7.48,1.4,1.3377479,0.0499152,-0.026282452,64.86349,1.0,1.0
7.48,1.6,1.6632271,0.044977438,0.097960755,98.40014,1.0,1.0
7.48,1.8,1.7689261,0.031647995,-0.004909245,207.25613,1.0,1.0
7.48,2.0,1.9767492,0.021167006,0.10707366,182.71445,1.0,1.0
7.48,2.2,2.2911596,0.03747314,-0.13635856,136.79565,1.0,0.9375
7.48,2.4,2.3948152,0.014225211,-0.041203897,196.0983,1.0,1.0
7.48,2.6,2.6142898,0.024724115,0.2183871,292.79114,1.0,0.125
7.48,2.8,2.7351236,-6.696582e-05,0.009215958,205.5784,1.0,1.0
7.48,3.0,2.9044032,0.060569577,0.24862656,295.0044,1.0,0.25
7.5,0.0,0.038183644,-0.00012422202,-0.13670179,12.422661,1.0,1.0
7.5,0.2,0.21726377,0.030939583,0.015484453,10.607807,1.0,1.0
7.5,0.4,0.42598528,-0.02578732,-0.089920886,15.060431,1.0,1.0
7.5,0.6,0.5892242,0.032841336,-0.08275579,8.262178,1.0,1.0
7.5,0.8,0.8701041,0.073550746,0.07082025,35.41617,1.0,1.0
7.5,1.0,1.0260472,0.09512392,0.0138037875,40.792667,1.0,1.0
7.5,1.2,1.1871628,0.076870576,-0.034472242,62.750107,1.0,1.0
7.5,1.4,1.3676631,0.05239995,0.0057916334,77.91245,1.0,1.0
7.5,1.6,1.6678599,0.04720296,0.0521436,142.13739,1.0,1.0
7.5,1.8,1.7210412,0.020020524,-0.097964905,139.53984,1.0,1.0
7.5,2.0,2.00562,0.016284157,0.06492694,158.98071,1.0,1.0
7.5,2.2,2.304209,0.034810856,-0.17582658,233.27797,1.0,0.625
7.5,2.4,2.4415898,0.034555506,-0.07387474,195.55136,1.0,1.0
7.5,2.6,2.6619,0.016262736,0.08212578,249.95598,1.0,1.0
7.5,2.8,2.7906759,0.026687704,-0.074523345,241.25926,1.0,1.0
7.5,3.0,2.9615262,0.047261357,0.16747423,291.1289,1.0,0.6875
7.5200000000000005,0.0,0.03561577,0.011070649,-0.12434885,12.764082,1.0,1.0
7.5200000000000005,0.2,0.21717516,0.026340853,0.033360656,12.257813,1.0,1.0
7.5200000000000005,0.4,0.44089818,-0.02520899,-0.13739994,11.834965,1.0,1.0
7.5200000000000005,0.6,0.5728253,0.024943933,-0.09392007,15.0916195,1.0,1.0
7.5200000000000005,0.8,0.84509754,0.07093298,0.03838062,30.725275,1.0,1.0
7.5200000000000005,1.0,0.98749393,0.08710387,-0.054167353,33.821938,1.0,1.0
7.5200000000000005,1.2,1.1476853,0.067106366,-0.09311133,59.662308,1.0,1.0
7.5200000000000005,1.4,1.41394,0.051255926,0.06682415,79.81552,1.0,1.0
7.5200000000000005,1.6,1.6001881,0.05983127,0.0048869015,149.68114,1.0,1.0
7.5200000000000005,1.8,1.7023066,0.013005085,-0.13847531,78.037735,1.0,1.0
7.5200000000000005,2.0,2.046485,0.0128984265,-0.008400031,151.96127,1.0,1.0
7.5200000000000005,2.2,2.2474065,0.01574284,-0.08136515,508.44208,1.0,1.0
7.5200000000000005,2.4,2.4725847,0.053033367,-0.077490926,180.6445,1.0,1.0
7.5200000000000005,2.6,2.6916714,0.017820325,0.051009364,192.27454,1.0,1.0
7.5200000000000005,2.8,2.8243363,0.047379263,-0.11930336,217.98059,1.0,1.0
7.5200000000000005,3.0,2.9958682,0.043916315,0.1872018,195.68228,1.0,0.625
7.54,0.0,0.031502027,0.01648777,-0.091912694,10.952227,1.0,1.0
7.54,0.2,0.20877802,0.023709934,0.012459823,11.928014,1.0,1.0
7.54,0.4,0.43710527,-0.014543231,-0.16367623,21.699146,1.0,1.0
7.54,0.6,0.5661119,0.020266864,-0.08601431,21.914818,1.0,1.0
7.54,0.8,0.8082932,0.06296813,-0.03462037,18.335068,1.0,1.0
7.54,1.0,0.9650686,0.077798516,-0.10270077,36.949272,1.0,1.0
7.54,1.2,1.128278,0.061770115,-0.115212046,41.38095,1.0,1.0
7.54,1.4,1.4608307,0.050712675,0.12912023,119.15561,1.0,1.0
7.54,1.6,1.5450311,0.05128181,-0.08481927,139.10379,1.0,1.0
7.54,1.8,1.7132974,0.019803682,-0.09475592,93.28358,1.0,1.0
7.54,2.0,2.085061,0.010747089,-0.013537116,131.88448,1.0,1.0
7.54,2.2,2.187296,0.020770874,0.027706414,422.03745,1.0,1.0
7.54,2.4,2.5065393,0.057698727,-0.181398,134.22014,1.0,0.75
7.54,2.6,2.7090733,0.0068145245,0.22235063,133.51352,1.0,0.0625
7.54,2.8,2.8551936,0.050341345,-0.24880257,159.70772,1.0,0.3125
7.54,3.0,3.0142953,0.025395915,0.45738554,171.20877,1.0,0.0
7.5600000000000005,0.0,0.031061236,0.019794427,-0.052332263,5.383241,1.0,1.0
7.5600000000000005,0.2,0.20066074,0.021023378,-0.01583764,13.116214,1.0,1.0
7.5600000000000005,0.4,0.422823,-0.009022974,-0.09662828,21.79114,1.0,1.0
7.5600000000000005,0.6,0.5668156,0.01611875,-0.062310822,20.311647,1.0,1.0
7.5600000000000005,0.8,0.778895,0.054467715,-0.086642966,18.671448,1.0,1.0
7.5600000000000005,1.0,0.95890397,0.071362816,-0.0997485,28.883083,1.0,1.0
7.5600000000000005,1.2,1.1252341,0.057608604,-0.08959084,34.53923,1.0,1.0
7.5600000000000005,1.4,1.4290189,0.056685768,0.04210739,115.39082,1.0,1.0
7.5600000000000005,1.6,1.5144204,0.03817025,-0.13084911,82.20102,1.0,1.0
7.5600000000000005,1.8,1.7436506,0.031915378,-0.054213114,112.36311,1.0,1.0
7.5600000000000005,2.0,2.1261382,0.0020755278,0.085238025,122.1826,1.0,1.0
7.5600000000000005,2.2,2.1798854,0.01763347,0.101862386,242.40024,1.0,1.0
7.5600000000000005,2.4,2.4885025,0.052045457,-0.19285047,369.65277,1.0,0.625
7.5600000000000005,2.6,2.6811662,0.0025955252,0.35852414,414.51532,1.0,0.0
7.5600000000000005,2.8,2.8162532,0.047579847,-0.29766014,632.2244,1.0,0.0625
7.5600000000000005,3.0,2.9496908,0.041070722,0.4176576,486.2887,1.0,0.0
7.58,0.0,0.030835012,0.021982897,-0.034894835,2.808941,1.0,1.0
7.58,0.2,0.19504341,0.011711233,-0.053180043,8.395149,1.0,1.0
7.58,0.4,0.4130326,-0.0064621223,-0.010228073,13.494403,1.0,1.0
7.58,0.6,0.5727292,0.009487938,-0.04453637,18.50438,1.0,1.0
7.58,0.8,0.76430184,0.04792081,-0.09752311,27.514301,1.0,1.0
7.58,1.0,0.960952,0.067504674,-0.061667204,27.32882,1.0,1.0
7.58,1.2,1.1348042,0.056705847,-0.052405547,42.92517,1.0,1.0
7.58,1.4,1.3720195,0.056151446,-0.06000276,95.241974,1.0,1.0
7.58,1.6,1.510287,0.035516184,-0.10193784,61.609337,1.0,1.0
7.58,1.8,1.7838303,0.04226289,-0.076732315,109.28946,1.0,1.0
7.58,2.0,2.1427956,-0.00042137783,0.12847985,204.20062,1.0,1.0
7.58,2.2,2.2180314,0.010275635,0.053561546,207.98784,1.0,1.0
7.58,2.4,2.416984,0.038946792,-0.08627437,653.73676,1.0,0.9375
7.58,2.6,2.6166477,0.037872326,0.15217152,677.19885,1.0,1.0
7.58,2.8,2.730214,0.052030362,-0.15916166,884.09686,1.0,0.875
7.58,3.0,2.8853223,0.06550628,0.14225307,891.8873,1.0,0.875
7.6000000000000005,0.0,0.030004485,0.02330355,-0.025150223,3.1180172,1.0,1.0
7.6000000000000005,0.2,0.19237736,0.0021268437,-0.054170653,5.7480974,1.0,1.0
7.6000000000000005,0.4,0.40383828,-0.004314949,0.010434411,11.811154,1.0,1.0
7.6000000000000005,0.6,0.5870821,0.0021181805,-0.04015758,18.280827,1.0,1.0
7.6000000000000005,0.8,0.76046264,0.043341964,-0.079066426,23.535769,1.0,1.0
7.6000000000000005,1.0,0.97453105,0.06570336,-0.032026626,31.89789,1.0,1.0
7.6000000000000005,1.2,1.1617975,0.059679635,-0.032554474,53.78601,1.0,1.0
7.6000000000000005,1.4,1.3281045,0.045252815,-0.11527938,91.856155,1.0,1.0
7.6000000000000005,1.6,1.5268239,0.040285483,-0.05104357,77.45431,1.0,1.0
7.6000000000000005,1.8,1.8393761,0.042922895,-0.15915708,103.801865,1.0,1.0
7.6000000000000005,2.0,2.0780358,0.029504592,0.043121524,332.33792,1.0,1.0
7.6000000000000005,2.2,2.259787,0.0073524965,-0.015915003,182.40076,1.0,1.0
7.6000000000000005,2.4,2.3757043,0.045545243,0.080028,393.99988,1.0,1.0
7.6000000000000005,2.6,2.5423174,0.008643381,0.118311375,620.2044,1.0,1.0
7.6000000000000005,2.8,2.729648,0.05985698,0.15871066,429.40356,1.0,0.9375
7.6000000000000005,3.0,2.82266,0.028757744,0.06794873,584.3895,1.0,0.875
7.62,0.0,0.030811954,0.025514295,-0.012992054,4.938897,1.0,1.0
7.62,0.2,0.19224659,-0.0049252803,-0.050510563,8.246835,1.0,1.0
7.62,0.4,0.39482558,-0.0021952,-0.004152518,11.571699,1.0,1.0
7.62,0.6,0.6114217,-0.0045867004,-0.06073766,17.238846,1.0,1.0
7.62,0.8,0.7644261,0.037482075,-0.047908712,25.39269,1.0,1.0
7.62,1.0,1.001275,0.0655852,-0.033981886,38.4987,1.0,1.0
7.62,1.2,1.2022439,0.06323616,-0.06280011,54.77069,1.0,1.0
7.62,1.4,1.3068738,0.037732903,-0.12188597,50.704456,1.0,1.0
7.62,1.6,1.5605874,0.04974655,-0.040654838,92.50238,1.0,1.0
7.62,1.8,1.8462963,0.044745635,-0.06451951,141.7554,1.0,1.0
7.62,2.0,2.0063438,0.013226363,0.015632298,311.18835,1.0,1.0
7.62,2.2,2.2921314,0.003007432,0.021741964,151.05618,1.0,1.0
7.62,2.4,2.4003892,0.03400905,0.15163566,276.7146,1.0,0.875
7.62,2.6,2.537089,-0.018154327,0.05515239,301.59186,1.0,1.0
7.62,2.8,2.7807462,0.042226695,0.23416711,293.19116,1.0,0.25
7.62,3.0,2.843656,0.011513844,0.04830852,287.90985,1.0,0.9375
7.640000000000001,0.0,0.032910854,0.02892652,-0.004236677,6.360777,1.0,1.0
7.640000000000001,0.2,0.19591698,-0.011364069,-0.052366935,9.750023,1.0,1.0
7.640000000000001,0.4,0.3880099,0.0012381636,-0.014102069,10.890012,1.0,1.0
7.640000000000001,0.6,0.6434797,-0.005231831,-0.12244305,18.126741,1.0,1.0
7.640000000000001,0.8,0.7776809,0.032467704,-0.032493185,25.664074,1.0,1.0
7.640000000000001,1.0,1.0436895,0.065297574,-0.07725332,39.629623,1.0,1.0
7.640000000000001,1.2,1.2575822,0.06518568,-0.13662902,51.505833,1.0,1.0
7.640000000000001,1.4,1.3032708,0.032290965,-0.08539502,44.765114,1.0,1.0
7.640000000000001,1.6,1.6070926,0.055071503,-0.0780768,87.86513,1.0,1.0
7.640000000000001,1.8,1.7874875,0.023398874,0.026109807,248.02551,1.0,1.0
7.640000000000001,2.0,1.9702549,-0.0031662378,-0.04002724,138.04422,1.0,1.0
7.640000000000001,2.2,2.329445,-0.011015322,0.17425662,151.82623,1.0,0.625
7.640000000000001,2.4,2.4467409,0.02513776,0.046417475,228.45844,1.0,1.0
7.640000000000001,2.6,2.5787904,-0.0035970546,-0.010613514,202.44545,1.0,1.0
7.640000000000001,2.8,2.833367,0.033823825,0.12148598,274.26416,1.0,1.0
7.640000000000001,3.0,2.893607,0.03312798,0.012840428,229.68143,1.0,1.0
7.66,0.0,0.036667764,0.03315814,0.0021477535,8.083862,1.0,1.0
7.66,0.2,0.2030066,-0.019571818,-0.064493164,10.782999,1.0,1.0
7.66,0.4,0.3853281,0.008429866,-0.016567376,9.362955,1.0,1.0
7.66,0.6,0.645044,0.00018741004,-0.17349671,27.445494,1.0,1.0
7.66,0.8,0.8047087,0.027503602,-0.040184855,26.724075,1.0,1.0
7.66,1.0,1.0875916,0.06916543,-0.14236782,55.495728,1.0,1.0
7.66,1.2,1.2601831,0.069320366,-0.049281478,82.485664,1.0,1.0
7.66,1.4,1.3173714,0.032961983,-0.051377907,61.49853,1.0,1.0
7.66,1.6,1.6699293,0.056629583,-0.15425596,104.57921,1.0,1.0
7.66,1.8,1.739088,0.027105581,0.06240174,218.64215,1.0,1.0
7.66,2.0,1.9792402,0.0007528374,-0.10773693,130.6475,1.0,1.0
7.66,2.2,2.3089871,0.0004847343,0.16537376,264.8777,1.0,0.6875
7.66,2.4,2.4815133,0.025356507,0.0049369354,190.40077,1.0,1.0
7.66,2.6,2.632823,0.020298116,-0.080826156,220.29112,1.0,1.0
7.66,2.8,2.8647466,0.033240423,0.1293042,188.55908,1.0,0.9375
7.66,3.0,2.9488332,0.062735155,-0.07502706,253.92827,1.0,1.0
7.68,0.0,0.039741114,0.034876324,-0.00065997965,9.115577,1.0,1.0
7.68,0.2,0.2139102,-0.028940149,-0.0852319,11.115334,1.0,1.0
7.68,0.4,0.388969,0.018591981,-0.01999525,12.048195,1.0,1.0
7.68,0.6,0.6259545,0.005666442,-0.114710666,17.490711,1.0,1.0
7.68,0.8,0.8408743,0.024193777,-0.09570667,27.485603,1.0,1.0
7.68,1.0,1.0567609,0.06714244,-0.06802929,49.46231,1.0,1.0
7.68,1.2,1.2162315,0.060586344,0.022090659,77.91356,1.0,1.0
7.68,1.4,1.3495796,0.038109474,-0.047098916,75.44568,1.0,1.0
7.68,1.6,1.6568259,0.05233275,-0.04703082,157.19034,1.0,1.0
7.68,1.8,1.7242854,0.029413708,0.0550834,125.782486,1.0,1.0
7.68,2.0,2.0095167,0.01417741,-0.096782655,134.1896,1.0,1.0
7.68,2.2,2.238421,0.018651044,0.06440543,446.06964,1.0,1.0
7.68,2.4,2.5053086,0.017461324,0.12261966,151.6442,1.0,0.9375
7.68,2.6,2.6650891,0.040652674,-0.10432246,209.71979,1.0,1.0
7.68,2.8,2.884564,0.017544426,0.34633803,138.56079,1.0,0.0
7.68,3.0,2.9806376,0.08321788,-0.14549522,195.37685,1.0,0.875
7.7,0.0,0.038914092,0.030909695,0.010845049,8.434248,1.0,1.0
7.7,0.2,0.22835982,-0.03558928,-0.10404754,11.372943,1.0,1.0
7.7,0.4,0.4015739,0.029255804,-0.016094768,14.177166,1.0,1.0
7.7,0.6,0.6119754,0.0077799857,-0.026614921,10.355133,1.0,1.0
7.7,0.8,0.8652822,0.02501529,-0.12279199,40.399094,1.0,1.0
7.7,1.0,1.0202839,0.0641049,0.004706947,42.383995,1.0,1.0
7.7,1.2,1.1797891,0.06298985,0.047674835,70.04181,1.0,1.0
7.7,1.4,1.3975687,0.041278034,-0.088490956,70.60517,1.0,1.0
7.7,1.6,1.5945562,0.040162772,0.024136601,169.49539,1.0,1.0
7.7,1.8,1.7370334,0.029430533,-0.0008662909,100.22575,1.0,1.0
7.7,2.0,2.0472255,0.032808524,-0.057815805,140.2479,1.0,1.0
7.7,2.2,2.176838,-0.0029221117,0.024812149,346.72314,1.0,1.0
7.7,2.4,2.523613,0.0039520543,0.29974914,256.9597,1.0,0.0625
7.7,2.6,2.6986752,0.04531415,-0.24670845,118.18943,1.0,0.0
7.7,2.8,2.8318553,0.027759664,0.35931218,428.44037,1.0,0.0
7.7,3.0,2.9790316,0.09014461,-0.26017535,374.80206,1.0,0.0625
7.72,0.0,0.036154665,0.025363185,0.0073865885,7.7346287,1.0,1.0
7.72,0.2,0.22876331,-0.029304579,-0.13453305,8.136213,1.0,1.0
7.72,0.4,0.42299983,0.037880026,0.014647687,14.607834,1.0,1.0
7.72,0.6,0.5979632,0.010213045,-0.0026186937,14.286555,1.0,1.0
7.72,0.8,0.83991873,0.029625453,-0.107311755,21.359451,1.0,1.0
7.72,1.0,0.98889613,0.067478254,0.020362865,39.1451,1.0,1.0
7.72,1.2,1.1576362,0.06297544,0.038413882,66.30478,1.0,1.0
7.72,1.4,1.4606371,0.040270865,-0.1439818,91.736916,1.0,1.0
7.72,1.6,1.5509202,0.041232545,0.04056467,144.35013,1.0,1.0
7.72,1.8,1.7680607,0.028751852,-0.04049428,113.48934,1.0,1.0
7.72,2.0,2.089243,0.038000625,-0.121430844,120.171524,1.0,1.0
7.72,2.2,2.161224,-0.014075223,-0.039629184,203.11311,1.0,1.0
7.72,2.4,2.4669988,0.032514527,0.17672229,403.2955,1.0,0.875
7.72,2.6,2.6729078,0.04381365,-0.28216934,490.43597,1.0,0.0
7.72,2.8,2.7643688,0.054146983,0.10594815,822.05286,1.0,0.875
7.72,3.0,2.9227846,0.077914506,-0.28347695,1105.8611,1.0,0.0
7.74,0.0,0.03064907,0.021545727,-0.0067857057,9.753675,1.0,1.0
7.74,0.2,0.2259031,-0.016051615,-0.14399388,18.159885,1.0,1.0
7.74,0.4,0.43225905,0.037639756,0.031628765,16.244678,1.0,1.0
7.74,0.6,0.58451045,0.013083296,0.00030899642,17.63704,1.0,1.0
7.74,0.8,0.81796384,0.029902264,-0.032254077,11.688191,1.0,1.0
7.74,1.0,0.96852446,0.0678021,0.016826604,39.891987,1.0,1.0
7.74,1.2,1.1507736,0.06299298,0.010324925,38.50473,1.0,1.0
7.74,1.4,1.4465386,0.044405736,-0.051467035,124.06866,1.0,1.0
7.74,1.6,1.5316412,0.042096645,0.012606009,83.08452,1.0,1.0
7.74,1.8,1.8050603,0.028842121,-0.01061067,110.814575,1.0,1.0
7.74,2.0,2.11381,0.0422989,-0.15367435,173.19296,1.0,1.0
7.74,2.2,2.1889114,-0.0024372544,-0.10291101,167.85403,1.0,1.0
7.74,2.4,2.395112,0.022829687,0.11427554,534.89966,1.0,1.0
7.74,2.6,2.5934603,0.036883313,-0.120219916,782.47485,1.0,1.0
7.74,2.8,2.6969652,0.020764448,0.039303154,574.3008,1.0,0.9375
7.74,3.0,2.83755,0.098491915,-0.15718228,913.3898,1.0,0.75
7.76,0.0,0.025606278,0.01886251,-0.024156174,12.5226145,1.0,1.0
7.76,0.2,0.21630381,-0.008896826,-0.087886594,16.801239,1.0,1.0
7.76,0.4,0.41600066,0.030898172,0.00399622,13.61884,1.0,1.0
7.76,0.6,0.5761535,0.015508961,-0.0028594835,16.305946,1.0,1.0
7.76,0.8,0.7972922,0.033168886,-0.0075262515,15.841455,1.0,1.0
7.76,1.0,0.9609426,0.07056163,0.006389911,25.316711,1.0,1.0
7.76,1.2,1.1573501,0.06757412,-0.002962424,40.84764,1.0,1.0
7.76,1.4,1.3928409,0.037193835,0.04011391,114.62877,1.0,1.0
7.76,1.6,1.5364256,0.042884685,-0.045050047,71.80763,1.0,1.0
7.76,1.8,1.8535461,0.021974461,0.08340514,112.153854,1.0,1.0
7.76,2.0,2.0595915,0.019264642,-0.030380316,386.29523,1.0,1.0
7.76,2.2,2.2251725,0.015366403,-0.09634963,168.90936,1.0,1.0
7.76,2.4,2.3645785,-0.004529353,0.055808153,282.75897,1.0,1.0
7.76,2.6,2.5696216,0.043118257,0.13744043,408.90466,1.0,1.0
7.76,2.8,2.709176,0.0037140846,-0.0015332587,302.12286,1.0,1.0
7.76,3.0,2.8631425,0.10208964,0.18975878,377.0912,1.0,0.5625
7.78,0.0,0.021511856,0.014138365,-0.048186854,6.5594196,1.0,1.0
7.78,0.2,0.20978066,-0.0038446877,-0.01113583,10.235689,1.0,1.0
7.78,0.4,0.39950246,0.024179127,-0.05290801,9.47418,1.0,1.0
7.78,0.6,0.5744908,0.021614118,-0.013076766,14.37592,1.0,1.0
7.78,0.8,0.7794344,0.03541131,0.0003410119,23.442204,1.0,1.0
7.78,1.0,0.9653484,0.07580972,0.0013627352,30.80851,1.0,1.0
7.78,1.2,1.1783402,0.07143379,0.0021611196,56.08812,1.0,1.0
7.78,1.4,1.3506272,0.04202009,0.047115125,106.790726,1.0,1.0
7.78,1.6,1.5591719,0.04497356,-0.0588473,93.77247,1.0,1.0
7.78,1.8,1.8791445,0.01900918,0.101779275,167.38472,1.0,1.0
7.78,2.0,1.9961469,0.023360007,0.05913212,361.9276,1.0,1.0
7.78,2.2,2.259078,0.031859927,-0.08933186,160.15591,1.0,1.0
7.78,2.4,2.3883915,-9.608641e-05,-0.027833788,212.27147,1.0,1.0
7.78,2.6,2.6114297,0.027483936,0.2118941,293.12177,1.0,0.25
7.78,2.8,2.754779,0.026631199,-0.04107815,213.82182,1.0,1.0
7.78,3.0,2.9213958,0.082952954,0.23781899,310.97397,1.0,0.125
7.8,0.0,0.019656403,0.008194808,-0.062278144,3.972649,1.0,1.0
7.8,0.2,0.20401266,-0.0014581787,0.020435644,7.6298447,1.0,1.0
7.8,0.4,0.3877412,0.015550647,-0.07913107,8.294878,1.0,1.0
7.8,0.6,0.5812613,0.03110931,-0.025274878,22.121712,1.0,1.0
7.8,0.8,0.77030545,0.03829899,0.0045302357,20.580544,1.0,1.0
7.8,1.0,0.983769,0.08119625,0.004881623,46.76259,1.0,1.0
7.8,1.2,1.2154803,0.07294898,0.032703392,67.065475,1.0,1.0
7.8,1.4,1.3284434,0.043129742,0.02258294,71.544495,1.0,1.0
7.8,1.6,1.5939293,0.046552267,-0.016606245,95.140945,1.0,1.0
7.8,1.8,1.8173146,0.039950803,0.0683528,223.34927,1.0,1.0
7.8,2.0,1.9765756,0.021478161,0.106295384,183.31863,1.0,1.0
7.8,2.2,2.3004045,0.030215587,-0.1987549,134.8797,1.0,0.5
7.8,2.4,2.4363244,0.01928547,-0.079953864,194.5358,1.0,1.0
7.8,2.6,2.6585221,0.019730601,0.07611044,249.63257,1.0,1.0
7.8,2.8,2.8048651,0.05450973,-0.108266324,242.8573,1.0,1.0
7.8,3.0,2.9776258,0.07663334,0.17064312,283.1385,1.0,0.75
7.82,0.0,0.01940607,0.0037467112,-0.06757276,6.228201,1.0,1.0
7.82,0.2,0.1980118,0.00048062112,0.00915852,6.3564987,1.0,1.0
7.82,0.4,0.38025427,0.008950096,-0.07163424,12.447682,1.0,1.0
7.82,0.6,0.5990174,0.041341424,-0.022367276,25.933506,1.0,1.0
7.82,0.8,0.7706629,0.044116057,-0.0012083392,21.621374,1.0,1.0
7.82,1.0,1.0178361,0.08643879,0.023912156,54.9438,1.0,1.0
7.82,1.2,1.2645419,0.0766103,0.09750294,54.787598,1.0,1.0
7.82,1.4,1.3259447,0.043218937,-0.019366596,47.068233,1.0,1.0
7.82,1.6,1.6444614,0.040677212,0.073783144,91.86413,1.0,1.0
7.82,1.8,1.7504337,0.031922307,-0.020252068,201.91226,1.0,1.0
7.82,2.0,2.0055218,0.01654838,0.06367466,160.26862,1.0,1.0
7.82,2.2,2.281338,0.023699181,-0.15101689,340.0948,1.0,0.9375
7.82,2.4,2.4700975,0.038330793,-0.083822414,184.43857,1.0,1.0
7.82,2.6,2.6878927,0.021908063,0.04691731,192.16895,1.0,1.0
7.82,2.8,2.8323421,0.07501225,-0.14832455,210.93304,1.0,0.9375
7.82,3.0,3.008576,0.070227735,0.26125008,169.99202,1.0,0.125
7.84,0.0,0.021428704,-0.0012878915,-0.070445746,7.5987635,1.0,1.0
7.84,0.2,0.194492,0.003916093,0.0008172335,4.772462,1.0,1.0
7.84,0.4,0.3784195,0.0044690194,-0.059301123,15.101948,1.0,1.0
7.84,0.6,0.6284421,0.04913611,0.017608576,20.644735,1.0,1.0
7.84,0.8,0.78287005,0.05094606,-0.010826646,34.32493,1.0,1.0
7.84,1.0,1.0637124,0.09167333,0.087688446,41.65448,1.0,1.0
7.84,1.2,1.277618,0.07807359,0.04987394,75.05152,1.0,1.0
7.84,1.4,1.3401757,0.048738096,-0.027771886,66.08478,1.0,1.0
7.84,1.6,1.6739279,0.03927154,0.091549024,133.26294,1.0,1.0
7.84,1.8,1.7107484,0.019631641,-0.11001579,116.39525,1.0,1.0
7.84,2.0,2.0462768,0.013179116,-0.009265042,151.95203,1.0,1.0
7.84,2.2,2.2116468,0.015831757,-0.04633591,526.0723,1.0,1.0
7.84,2.4,2.5014906,0.047010694,-0.153247,144.36044,1.0,0.9375
7.84,2.6,2.7052324,0.0113535635,0.21819109,132.31302,1.0,0.0625
7.84,2.8,2.8528354,0.07784724,-0.28069526,235.76364,1.0,0.0625
7.84,3.0,3.0317955,0.0468677,0.55353785,287.70163,1.0,0.0
7.86,0.0,0.025740508,-0.006305882,-0.080720685,8.472422,1.0,1.0
7.86,0.2,0.19414546,0.010112455,0.0015138704,4.127699,1.0,1.0
7.86,0.4,0.3825258,-0.002196907,-0.049790435,13.038182,1.0,1.0
7.86,0.6,0.6459428,0.053747773,0.042124167,28.601273,1.0,1.0
7.86,0.8,0.8087982,0.059059553,-0.0058374666,40.80613,1.0,1.0
7.86,1.0,1.0722193,0.09457536,0.050981753,61.725517,1.0,1.0
7.86,1.2,1.2250912,0.08207144,-0.0071041947,65.41655,1.0,1.0
7.86,1.4,1.3706803,0.050879993,0.0046937633,78.8314,1.0,1.0
7.86,1.6,1.6141629,0.05720862,0.06842015,154.71664,1.0,1.0
7.86,1.8,1.7003295,0.014854636,-0.1361545,79.262184,1.0,1.0
7.86,2.0,2.0846784,0.0110738985,-0.013544356,131.90009,1.0,1.0
7.86,2.2,2.1720474,0.01991772,0.06318876,333.57278,1.0,1.0
7.86,2.4,2.4983733,0.045663834,-0.2136341,312.2172,1.0,0.4375
7.86,2.6,2.6774352,0.0075557046,0.3541237,412.49118,1.0,0.0
7.86,2.8,2.8066776,0.070252806,-0.29413858,770.4149,1.0,0.0625
7.86,3.0,2.9532452,0.078183815,0.33688325,614.14746,1.0,0.0
7.88,0.0,0.03168485,-0.011803037,-0.10082396,9.026107,1.0,1.0
7.88,0.2,0.19774584,0.01785013,0.00032965114,5.5926466,1.0,1.0
7.88,0.4,0.39089614,-0.010850518,-0.051685926,12.7869215,1.0,1.0
7.88,0.6,0.6223556,0.049479958,0.0072757723,14.466383,1.0,1.0
7.88,0.8,0.8460344,0.0655008,0.03944647,31.93593,1.0,1.0
7.88,1.0,1.0261956,0.09512625,0.012191038,41.53029,1.0,1.0
7.88,1.2,1.1796393,0.07473095,-0.07670915,58.498367,1.0,1.0
7.88,1.4,1.4170258,0.049324326,0.06560978,80.66809,1.0,1.0
7.88,1.6,1.5517874,0.05050756,-0.04567521,134.63031,1.0,1.0
7.88,1.8,1.717926,0.02386912,-0.083376646,99.45481,1.0,1.0
7.88,2.0,2.125632,0.0024004113,0.08563476,123.27485,1.0,1.0
7.88,2.2,2.1864834,0.013752462,0.09236473,235.5914,1.0,1.0
7.88,2.4,2.4345303,0.027486257,-0.113058016,667.56683,1.0,0.9375
7.88,2.6,2.6170835,0.04345181,0.1579064,657.0156,1.0,1.0
7.88,2.8,2.7204247,0.0855727,-0.16699505,872.89294,1.0,0.625
7.88,3.0,2.8670893,0.0802368,0.16556124,893.03687,1.0,0.625
7.9,0.0,0.038190596,-0.016552515,-0.120676845,8.989517,1.0,1.0
7.9,0.2,0.20712909,0.026004957,0.005210593,9.260404,1.0,1.0
7.9,0.4,0.40663677,-0.019235065,-0.06444396,13.47365,1.0,1.0
7.9,0.6,0.5981967,0.042127546,-0.06271722,7.2747226,1.0,1.0
7.9,0.8,0.8642745,0.06927828,0.049014244,40.192993,1.0,1.0
7.9,1.0,0.98765653,0.08737377,-0.05491712,34.10748,1.0,1.0
7.9,1.2,1.1547358,0.065020606,-0.11962612,53.882397,1.0,1.0
7.9,1.4,1.4637799,0.04850392,0.12774867,122.35853,1.0,1.0
7.9,1.6,1.5116842,0.03908942,-0.13029489,99.19356,1.0,1.0
7.9,1.8,1.7525098,0.036793,-0.053425476,114.29174,1.0,1.0
7.9,2.0,2.1420188,5.5716373e-05,0.12579343,202.90984,1.0,1.0
7.9,2.2,2.2278557,0.0099777505,0.012437891,205.2692,1.0,1.0
7.9,2.4,2.376221,0.037371565,0.030147798,502.87402,1.0,1.0
7.9,2.6,2.5434859,0.01620394,0.13172945,621.29645,1.0,1.0
7.9,2.8,2.7336512,0.091658354,0.16319698,394.72668,1.0,0.8125
7.9,3.0,2.8253212,0.039612763,0.10342844,416.0325,1.0,1.0
7.92,0.0,0.039241344,-0.0120951785,-0.12588604,3.0289803,1.0,1.0
7.92,0.2,0.21735135,0.03116807,0.015634578,10.63169,1.0,1.0
7.92,0.4,0.42827147,-0.024828356,-0.10162737,15.959071,1.0,1.0
7.92,0.6,0.5797074,0.034308072,-0.08524788,13.171477,1.0,1.0
7.92,0.8,0.8286028,0.06697826,0.0024333694,23.181862,1.0,1.0
7.92,1.0,0.96518356,0.07825196,-0.102781564,36.93792,1.0,1.0
7.92,1.2,1.1473923,0.058181092,-0.102974504,30.19481,1.0,1.0
7.92,1.4,1.4301915,0.054982577,0.045420364,115.02265,1.0,1.0
7.92,1.6,1.4968641,0.033095665,-0.14206469,53.44272,1.0,1.0
7.92,1.8,1.7956558,0.045131367,-0.09228188,106.12325,1.0,1.0
7.92,2.0,2.0761614,0.029879365,0.042629696,331.53943,1.0,1.0
7.92,2.2,2.2633855,0.0077513913,-0.023200419,176.21645,1.0,1.0
7.92,2.4,2.3867054,0.03116477,0.16332093,296.9463,1.0,0.8125
7.92,2.6,2.5388384,-0.0116108395,0.070781946,305.26587,1.0,1.0
7.92,2.8,2.7893095,0.07340366,0.2257177,290.27478,1.0,0.25
7.92,3.0,2.8512235,0.032053493,0.108180106,260.7865,1.0,1.0
7.94,0.0,0.03818174,-3.1852513e-05,-0.13684927,12.426748,1.0,1.0
7.94,0.2,0.2172386,0.026763815,0.033060037,12.319049,1.0,1.0
7.94,0.4,0.43662205,-0.019609403,-0.15040728,12.665321,1.0,1.0
7.94,0.6,0.57063246,0.02936626,-0.08280949,21.133345,1.0,1.0
7.94,0.8,0.79600173,0.05986287,-0.063924044,19.32485,1.0,1.0
7.94,1.0,0.95898056,0.071931615,-0.099544935,28.772064,1.0,1.0
7.94,1.2,1.1524744,0.056003377,-0.060699776,38.615036,1.0,1.0
7.94,1.4,1.3727374,0.05366519,-0.05981641,92.98256,1.0,1.0
7.94,1.6,1.5044309,0.035912566,-0.08906343,72.40541,1.0,1.0
7.94,1.8,1.853198,0.04531136,-0.16512671,110.87578,1.0,1.0
7.94,2.0,2.0045738,0.013525285,0.015154591,310.48322,1.0,1.0
7.94,2.2,2.294743,0.0016756789,0.05358055,145.57397,1.0,1.0
7.94,2.4,2.4346414,0.017952278,0.10368717,241.99472,1.0,0.9375
7.94,2.6,2.5813484,0.0018745735,0.0026599127,204.626,1.0,1.0
7.94,2.8,2.8445792,0.066754945,0.13013113,274.45193,1.0,1.0
7.94,3.0,2.8992128,0.057665497,0.043493383,246.56247,1.0,1.0
7.96,0.0,0.035626598,0.011126356,-0.12433471,12.701869,1.0,1.0
7.96,0.2,0.20880674,0.024171893,0.012199353,11.893393,1.0,1.0
7.96,0.4,0.42731047,-0.00943424,-0.13053057,20.762653,1.0,1.0
7.96,0.6,0.5695006,0.025849711,-0.06236533,20.721478,1.0,1.0
7.96,0.8,0.77240527,0.05123882,-0.09698387,22.967316,1.0,1.0
7.96,1.0,0.9610008,0.06820284,-0.061393008,27.213364,1.0,1.0
7.96,1.2,1.1714168,0.056617893,-0.036074333,47.677532,1.0,1.0
7.96,1.4,1.3282537,0.04271822,-0.117527425,89.89066,1.0,1.0
7.96,1.6,1.5319309,0.043873355,-0.056492828,91.2403,1.0,1.0
7.96,1.8,1.8399007,0.03914065,-0.045556486,194.0332,1.0,1.0
7.96,2.0,1.9685812,-0.0027201269,-0.040389106,137.52199,1.0,1.0
7.96,2.2,2.3289323,-0.0134094665,0.21213078,195.39767,1.0,0.25
7.96,2.4,2.4789407,0.016557328,0.03536986,204.21326,1.0,1.0
7.96,2.6,2.636099,0.024873517,-0.06743794,218.24236,1.0,1.0
7.96,2.8,2.875744,0.0637562,0.1597138,176.80777,1.0,0.6875
7.96,3.0,2.9409242,0.08267992,-0.06526631,255.1724,1.0,1.0
7.98,0.0,0.03151781,0.016474588,-0.09185785,10.987592,1.0,1.0
7.98,0.2,0.20067123,0.021564744,-0.01592743,13.074528,1.0,1.0
7.98,0.4,0.4153213,-0.0064782947,-0.061819293,19.491283,1.0,1.0
7.98,0.6,0.5735283,0.020051286,-0.043421388,17.831938,1.0,1.0
7.98,0.8,0.76293623,0.046159714,-0.09707418,26.837498,1.0,1.0
7.98,1.0,0.9745569,0.06656068,-0.031707697,32.042427,1.0,1.0
7.98,1.2,1.2070203,0.05927264,-0.046468347,55.20801,1.0,1.0
7.98,1.4,1.3066106,0.036019497,-0.12511776,48.805428,1.0,1.0
7.98,1.6,1.571902,0.05166196,-0.0739075,90.47882,1.0,1.0
7.98,1.8,1.7770034,0.024770718,0.03633476,246.52454,1.0,1.0
7.98,2.0,1.9777198,0.0014066445,-0.10829192,130.82117,1.0,1.0
7.98,2.2,2.2849808,0.012990518,0.10683454,325.62537,1.0,0.9375
7.98,2.4,2.5065806,0.010365108,0.10140879,164.72467,1.0,1.0
7.98,2.6,2.6685658,0.045230173,-0.09181912,209.17937,1.0,1.0
7.98,2.8,2.9001882,0.04579731,0.38373846,157.83783,1.0,0.0
7.98,3.0,2.9645553,0.09712536,-0.177502,175.22467,1.0,0.9375
8.0,0.0,0.031091478,0.01975153,-0.052367665,5.3846016,1.0,1.0
8.0,0.2,0.19503368,0.0122486465,-0.05300182,8.397641,1.0,1.0
8.0,0.4,0.40798265,-0.00476896,0.004696534,12.853719,1.0,1.0
8.0,0.6,0.5852059,0.012788612,-0.03629385,17.9831,1.0,1.0
8.0,0.8,0.76174915,0.041523643,-0.06966808,21.126549,1.0,1.0
8.0,1.0,1.0012264,0.066600695,-0.03344782,38.54292,1.0,1.0
8.0,1.2,1.2572844,0.060123317,-0.1039904,50.49048,1.0,1.0
8.0,1.4,1.3027936,0.030879544,-0.09021004,45.35374,1.0,1.0
8.0,1.6,1.6280701,0.05406422,-0.13323611,82.44303,1.0,1.0
8.0,1.8,1.7363725,0.026953338,0.057331834,182.40724,1.0,1.0
8.0,2.0,2.0080168,0.014971212,-0.09734365,134.55685,1.0,1.0
8.0,2.2,2.2098615,0.014241921,0.053594798,449.2824,1.0,1.0
8.0,2.4,2.538145,-0.0061159655,0.28076267,186.10916,1.0,0.0625
8.0,2.6,2.702164,0.04959464,-0.23383479,118.02895,1.0,0.0
8.0,2.8,2.8389916,0.06674271,0.30093905,443.74457,1.0,0.0
8.0,3.0,2.9373991,0.1054854,-0.30057016,473.26797,1.0,0.0
8.02,0.0,0.03087046,0.021941315,-0.03498727,2.819131,1.0,1.0
8.02,0.2,0.1923509,0.002611957,-0.05391579,5.76997,1.0,1.0
8.02,0.4,0.40040702,-0.002863476,0.0070953183,11.298452,1.0,1.0
8.02,0.6,0.6071593,0.0062696077,-0.04953575,18.35206,1.0,1.0
8.02,0.8,0.7681396,0.03668438,-0.043244164,24.753849,1.0,1.0
8.02,1.0,1.0435333,0.06647268,-0.07685757,39.617897,1.0,1.0
8.02,1.2,1.300483,0.06507611,-0.12099224,73.47131,1.0,1.0
8.02,1.4,1.3167413,0.031729072,-0.054180346,62.057137,1.0,1.0
8.02,1.6,1.6539159,0.0593281,-0.079087794,95.29564,1.0,1.0
8.02,1.8,1.728004,0.028063018,0.027959393,108.28447,1.0,1.0
8.02,2.0,2.0456336,0.03374104,-0.059027575,140.33209,1.0,1.0
8.02,2.2,2.163404,-0.009575641,0.001875001,269.95023,1.0,1.0
8.02,2.4,2.487751,0.018702175,0.17770818,364.7766,1.0,0.6875
8.02,2.6,2.6751084,0.047468204,-0.26460662,495.3581,1.0,0.0625
8.02,2.8,2.7653954,0.08665292,0.08850307,822.3496,1.0,1.0
8.02,3.0,2.856446,0.08813805,-0.30839634,1121.5464,1.0,0.0
8.040000000000001,0.0,0.030050734,0.02325974,-0.025181778,3.1229072,1.0,1.0
8.040000000000001,0.2,0.19222191,-0.004487483,-0.050319664,8.224575,1.0,1.0
8.040000000000001,0.4,0.3930417,-0.0007886719,-0.009779602,10.921696,1.0,1.0
8.040000000000001,0.6,0.6363803,0.0033495352,-0.10604183,18.11005,1.0,1.0
8.040000000000001,0.8,0.78605694,0.032095112,-0.035435364,24.840195,1.0,1.0
8.040000000000001,1.0,1.087158,0.07056799,-0.14186557,54.769592,1.0,1.0
8.040000000000001,1.2,1.2594,0.05775871,-0.040020972,84.77472,1.0,1.0
8.040000000000001,1.4,1.3489345,0.03699651,-0.048711695,75.863,1.0,1.0
8.040000000000001,1.6,1.6056077,0.04204333,0.007740347,170.11002,1.0,1.0
8.040000000000001,1.8,1.7440939,0.02873528,-0.035323206,103.69339,1.0,1.0
8.040000000000001,2.0,2.0875356,0.03904651,-0.122728154,120.246704,1.0,1.0
8.040000000000001,2.2,2.1649108,-0.011109263,-0.074870236,193.52042,1.0,1.0
8.040000000000001,2.4,2.4114146,0.024491465,0.071532615,564.86694,1.0,1.0
8.040000000000001,2.6,2.5935454,0.03985423,-0.11304772,779.8262,1.0,0.9375
8.040000000000001,2.8,2.7042127,0.05119723,0.03262999,476.0656,1.0,1.0
8.040000000000001,3.0,2.8055477,0.11106115,-0.07941763,727.51685,1.0,0.9375
8.06,0.0,0.030866142,0.025467481,-0.012991585,4.9706573,1.0,1.0
8.06,0.2,0.19590676,-0.010952609,-0.052306816,9.747009,1.0,1.0
8.06,0.4,0.38786474,0.0030857967,-0.0155313425,9.736282,1.0,1.0
8.06,0.6,0.64771616,0.007992141,-0.17284808,27.400656,1.0,1.0
8.06,0.8,0.81718695,0.028346054,-0.057206113,27.558687,1.0,1.0
8.06,1.0,1.0563638,0.06836362,-0.066532105,50.273563,1.0,1.0
8.06,1.2,1.213348,0.05745868,-0.0034268007,70.64218,1.0,1.0
8.06,1.4,1.3969107,0.040476456,-0.09064801,70.850464,1.0,1.0
8.06,1.6,1.5561676,0.044272747,0.045638755,162.43079,1.0,1.0
8.06,1.8,1.775653,0.028787715,-0.058376044,116.07674,1.0,1.0
8.06,2.0,2.1121526,0.043355696,-0.15451962,173.14606,1.0,1.0
8.06,2.2,2.1992161,0.004101891,-0.1116954,168.27313,1.0,1.0
8.06,2.4,2.3624082,-0.00312672,0.023687935,338.35272,1.0,1.0
8.06,2.6,2.570157,0.04543364,0.14321193,408.02042,1.0,1.0
8.06,2.8,2.7219114,0.039300397,0.007856232,279.8783,1.0,1.0
8.06,3.0,2.851429,0.10364833,0.21858355,321.08728,1.0,0.25
8.08,0.0,0.032959126,0.028881758,-0.0042298436,6.373367,1.0,1.0
8.08,0.2,0.20300293,-0.01918776,-0.06446424,10.787717,1.0,1.0
8.08,0.4,0.3864995,0.010919509,-0.019054126,9.108067,1.0,1.0
8.08,0.6,0.62892973,0.013197463,-0.12440808,19.73828,1.0,1.0
8.08,0.8,0.8550878,0.027489467,-0.12996292,27.191896,1.0,1.0
8.08,1.0,1.0197883,0.06504734,0.006608358,42.58291,1.0,1.0
8.08,1.2,1.1794533,0.05902814,-0.009152912,62.488335,1.0,1.0
8.08,1.4,1.4594086,0.03895676,-0.13072097,87.028625,1.0,1.0
8.08,1.6,1.5309641,0.0479177,0.039618332,110.07088,1.0,1.0
8.08,1.8,1.8136895,0.028739622,-0.0037034482,107.56323,1.0,1.0
8.08,2.0,2.0588303,0.019880246,-0.028689206,383.0614,1.0,1.0
8.08,2.2,2.2323122,0.022378054,-0.09768002,168.06561,1.0,1.0
8.08,2.4,2.370663,-0.0049634073,-0.046299543,236.70969,1.0,1.0
8.08,2.6,2.6125276,0.028597351,0.21856017,291.3509,1.0,0.1875
8.08,2.8,2.767982,0.064375974,-0.034718703,220.44461,1.0,1.0
8.08,3.0,2.9115348,0.08464004,0.20355564,323.9079,1.0,0.4375
8.1,0.0,0.036708593,0.03311594,0.0021629964,8.096496,1.0,1.0
8.1,0.2,0.21391848,-0.0285773,-0.08525218,11.1343355,1.0,1.0
8.1,0.4,0.3919117,0.021011893,-0.022038084,11.941771,1.0,1.0
8.1,0.6,0.6139313,0.015139837,-0.033280373,10.516125,1.0,1.0
8.1,0.8,0.85342616,0.030625703,-0.12683651,38.903275,1.0,1.0
8.1,1.0,0.9884325,0.06827125,0.021864153,39.35572,1.0,1.0
8.1,1.2,1.1623825,0.058696672,-0.031170167,37.90072,1.0,1.0
8.1,1.4,1.4467634,0.044510894,-0.058367893,123.69028,1.0,1.0
8.1,1.6,1.5317571,0.048548207,-0.0042311866,68.224304,1.0,1.0
8.1,1.8,1.865757,0.019713052,0.1185642,118.351105,1.0,1.0
8.1,2.0,1.9955473,0.024024434,0.061669305,361.91614,1.0,1.0
8.1,2.2,2.2658129,0.0359021,-0.122408435,150.62766,1.0,1.0
8.1,2.4,2.4126987,0.015529884,-0.108039364,192.43855,1.0,1.0
8.1,2.6,2.660058,0.019825436,0.083454,248.8969,1.0,1.0
8.1,2.8,2.813909,0.09197213,-0.09972149,237.69798,1.0,1.0
8.1,3.0,2.9617472,0.081158206,0.1612399,256.5534,1.0,0.875
8.120000000000001,0.0,0.03978333,0.034837186,-0.0006463173,9.136248,1.0,1.0
8.120000000000001,0.2,0.2280994,-0.035228405,-0.10454361,10.905997,1.0,1.0
8.120000000000001,0.4,0.40707088,0.031223089,-0.012140423,14.611128,1.0,1.0
8.120000000000001,0.6,0.6001053,0.017067604,-0.007928192,13.207079,1.0,1.0
8.120000000000001,0.8,0.82700765,0.033202253,-0.0595112,15.019699,1.0,1.0
8.120000000000001,1.0,0.96809363,0.06844167,0.017562553,39.965675,1.0,1.0
8.120000000000001,1.2,1.1605449,0.064346746,-0.05210292,31.956852,1.0,1.0
8.120000000000001,1.4,1.3928313,0.037067905,0.033829615,114.98021,1.0,1.0
8.120000000000001,1.6,1.5531386,0.04937035,-0.038305204,83.91247,1.0,1.0
8.120000000000001,1.8,1.8674958,0.024703987,0.07709274,161.19986,1.0,1.0
8.120000000000001,2.0,1.9758463,0.022018733,0.10803418,183.14723,1.0,1.0
8.120000000000001,2.2,2.302098,0.03235989,-0.21918273,163.59697,1.0,0.1875
8.120000000000001,2.4,2.4482093,0.037551936,-0.1163543,193.94315,1.0,1.0
8.120000000000001,2.6,2.6897275,0.02115973,0.055526737,190.792,1.0,1.0
8.120000000000001,2.8,2.8376203,0.110562906,-0.1431105,189.11319,1.0,0.9375
8.120000000000001,3.0,2.9857135,0.06987329,0.3195903,150.9031,1.0,0.0
8.14,0.0,0.038950875,0.030875012,0.010867626,8.466689,1.0,1.0
8.14,0.2,0.22861287,-0.028945763,-0.13473168,8.1079645,1.0,1.0
8.14,0.4,0.4297983,0.038712904,0.026768219,13.945096,1.0,1.0
8.14,0.6,0.5861048,0.018984698,-0.0034191897,16.825104,1.0,1.0
8.14,0.8,0.8057399,0.033485986,-0.011930548,13.443743,1.0,1.0
8.14,1.0,0.96050274,0.07101027,0.0066051222,25.334158,1.0,1.0
8.14,1.2,1.1733742,0.071317434,-0.044182226,49.835697,1.0,1.0
8.14,1.4,1.3506982,0.042246666,0.042571567,105.79879,1.0,1.0
8.14,1.6,1.5855777,0.052101627,-0.019487854,92.55081,1.0,1.0
8.14,1.8,1.7983391,0.042516477,0.035031,226.13283,1.0,1.0
8.14,2.0,2.0047097,0.017014608,0.064906865,159.89209,1.0,1.0
8.14,2.2,2.2653885,0.018486463,-0.1314855,438.8014,1.0,1.0
8.14,2.4,2.475338,0.052704465,-0.14626455,171.90782,1.0,1.0
8.14,2.6,2.7071614,0.009798057,0.22888678,131.55396,1.0,0.0625
8.14,2.8,2.8384938,0.1157432,-0.27535254,337.86694,1.0,0.0
8.14,3.0,2.990046,0.048801944,0.60126215,428.10944,1.0,0.0
8.16,0.0,0.036180597,0.025324376,0.007364443,7.749981,1.0,1.0
8.16,0.2,0.22570798,-0.015704896,-0.14378671,17.985329,1.0,1.0
8.16,0.4,0.43060732,0.035892572,0.024089282,14.076864,1.0,1.0
8.16,0.6,0.5766157,0.020327713,-0.0011414657,17.22046,1.0,1.0
8.16,0.8,0.7854116,0.035660826,-0.002707312,18.715536,1.0,1.0
8.16,1.0,0.96487445,0.07611705,0.0014706107,30.707535,1.0,1.0
8.16,1.2,1.2024307,0.07496385,-0.008112565,66.621,1.0,1.0
8.16,1.4,1.3287482,0.04353772,0.016920865,72.0498,1.0,1.0
8.16,1.6,1.6317506,0.048569236,0.053613897,91.93583,1.0,1.0
8.16,1.8,1.7382534,0.02989413,-0.04276976,202.34782,1.0,1.0
8.16,2.0,2.0454426,0.013608547,-0.008758267,151.74466,1.0,1.0
8.16,2.2,2.1970475,0.021218495,-0.010761163,491.34973,1.0,1.0
8.16,2.4,2.4968467,0.053856023,-0.2529484,223.63062,1.0,0.125
8.16,2.6,2.6780844,0.0058326647,0.36251003,409.9994,1.0,0.0
8.16,2.8,2.7808495,0.0978133,-0.2637422,987.278,1.0,0.125
8.16,3.0,2.9215612,0.09055206,0.2992115,736.15497,1.0,0.0625
8.18,0.0,0.030662593,0.021500664,-0.006700699,9.777811,1.0,1.0
8.18,0.2,0.21617147,-0.008658069,-0.08753261,16.782314,1.0,1.0
8.18,0.4,0.41332966,0.029257016,-0.008429034,15.150166,1.0,1.0
8.18,0.6,0.5736259,0.024654355,-0.0031197271,13.381493,1.0,1.0
8.18,0.8,0.7703628,0.03741903,0.0054615755,23.644003,1.0,1.0
8.18,1.0,0.98325574,0.081355184,0.005070503,46.637928,1.0,1.0
8.18,1.2,1.2475731,0.07827042,0.05619634,63.255447,1.0,1.0
8.18,1.4,1.326364,0.043652162,-0.024141867,46.97263,1.0,1.0
8.18,1.6,1.6834309,0.04339273,0.14695849,137.16718,1.0,1.0
8.18,1.8,1.7081549,0.017172854,-0.11619531,99.151306,1.0,1.0
8.18,2.0,2.083835,0.011446485,-0.013314629,131.84221,1.0,1.0
8.18,2.2,2.17382,0.022133615,0.09446704,267.06528,1.0,1.0
8.18,2.4,2.4487119,0.03766346,-0.18277365,566.91486,1.0,0.625
8.18,2.6,2.6168737,0.041225277,0.15115893,687.4478,1.0,1.0
8.18,2.8,2.7030282,0.12085494,-0.13022107,828.6495,1.0,0.8125
8.18,3.0,2.8333325,0.06765269,0.23385105,840.43225,1.0,0.1875
8.2,0.0,0.025609124,0.018823255,-0.024032738,12.594788,1.0,1.0
8.2,0.2,0.20970118,-0.0036026845,-0.010926221,10.195532,1.0,1.0
8.2,0.4,0.39786723,0.020437509,-0.06927924,9.876036,1.0,1.0
8.2,0.6,0.5789459,0.03324869,-0.013650751,20.54023,1.0,1.0
8.2,0.8,0.7644993,0.040935017,0.008491496,19.094223,1.0,1.0
8.2,1.0,1.0172738,0.08646208,0.024003446,54.812363,1.0,1.0
8.2,1.2,1.2894174,0.080632895,0.10452792,77.552956,1.0,1.0
8.2,1.4,1.3406595,0.049111605,-0.030576259,65.540695,1.0,1.0
8.2,1.6,1.6465491,0.05312631,0.082572736,161.70598,1.0,1.0
8.2,1.8,1.7074354,0.015050113,-0.12083324,87.52435,1.0,1.0
8.2,2.0,2.1247911,0.0027236743,0.08572027,123.172165,1.0,1.0
8.2,2.2,2.2038898,0.014215187,0.085810766,221.65598,1.0,1.0
8.2,2.4,2.384438,0.04800146,-0.041135937,601.6338,1.0,1.0
8.2,2.6,2.5433474,0.013525069,0.124027774,617.3065,1.0,1.0
8.2,2.8,2.7246618,0.12306365,0.1902473,354.82623,1.0,0.5625
8.2,3.0,2.8205583,0.027570002,0.19129911,330.19995,1.0,0.5
8.22,0.0,0.021509169,0.014113886,-0.048131302,6.6545796,1.0,1.0
8.22,0.2,0.20398423,-0.0011884924,0.020550115,7.557939,1.0,1.0
8.22,0.4,0.38760138,0.011074504,-0.07915448,8.330222,1.0,1.0
8.22,0.6,0.594794,0.043142766,-0.01841503,25.850578,1.0,1.0
8.22,0.8,0.76797426,0.04744473,-0.0014777987,25.560394,1.0,1.0
8.22,1.0,1.0631024,0.09156905,0.08769919,41.57789,1.0,1.0
8.22,1.2,1.2388536,0.083992735,0.049703576,75.52777,1.0,1.0
8.22,1.4,1.3710144,0.051288307,0.0020952881,78.64161,1.0,1.0
8.22,1.6,1.5778499,0.055850126,-0.02614751,141.34918,1.0,1.0
8.22,1.8,1.7318212,0.025325904,-0.06667153,102.630905,1.0,1.0
8.22,2.0,2.1404805,8.103158e-05,0.12345741,202.83246,1.0,1.0
8.22,2.2,2.24683,0.01170274,-0.0038326143,193.26714,1.0,1.0
8.22,2.4,2.3779116,0.048964374,0.13514586,319.68805,1.0,1.0
8.22,2.6,2.5390038,-0.0134064,0.063177034,304.3426,1.0,1.0
8.22,2.8,2.7815065,0.10308643,0.23214129,297.12643,1.0,0.125
8.22,3.0,2.8564968,0.028006978,0.17366225,207.48227,1.0,0.625
8.24,0.0,0.019666303,0.008171897,-0.06230171,3.9730725,1.0,1.0
8.24,0.2,0.19801728,0.00074806437,0.009340888,6.301404,1.0,1.0
8.24,0.4,0.3816129,0.004918077,-0.06494689,13.099715,1.0,1.0
8.24,0.6,0.6225266,0.05141874,0.0070523676,22.958616,1.0,1.0
8.24,0.8,0.78480566,0.0546994,-0.013221988,37.642662,1.0,1.0
8.24,1.0,1.071356,0.09433996,0.050188374,61.77893,1.0,1.0
8.24,1.2,1.1866496,0.07927373,-0.038456075,58.352165,1.0,1.0
8.24,1.4,1.4175465,0.049882744,0.0642679,80.50237,1.0,1.0
8.24,1.6,1.527316,0.04685624,-0.11578496,120.60747,1.0,1.0
8.24,1.8,1.7702621,0.03805378,-0.05209122,113.801895,1.0,1.0
8.24,2.0,2.0751283,0.030348323,0.04296172,330.48706,1.0,1.0
8.24,2.2,2.2805352,0.009397015,-0.009795638,163.32567,1.0,1.0
8.24,2.4,2.4240167,0.035413407,0.13709986,256.91983,1.0,1.0
8.24,2.6,2.5811706,0.00033790618,-0.005103834,203.89983,1.0,1.0
8.24,2.8,2.8371227,0.09739466,0.15185504,269.67294,1.0,0.9375
8.24,3.0,2.9095178,0.051474683,0.07513402,258.60144,1.0,1.0
8.26,0.0,0.01941924,0.0037191478,-0.06758097,6.245023,1.0,1.0
8.26,0.2,0.1945022,0.004186008,0.0010244814,4.7649937,1.0,1.0
8.26,0.4,0.38103795,0.00026206672,-0.053675562,14.371151,1.0,1.0
8.26,0.6,0.6525043,0.056798723,0.058250353,28.637886,1.0,1.0
8.26,0.8,0.8151164,0.06253809,0.0012084751,39.809444,1.0,1.0
8.26,1.0,1.0253725,0.0947036,0.010978042,41.311775,1.0,1.0
8.26,1.2,1.1503546,0.070504636,-0.10213892,53.087135,1.0,1.0
8.26,1.4,1.4645367,0.04916607,0.12673071,121.28953,1.0,1.0
8.26,1.6,1.5015506,0.036985077,-0.14169464,57.689426,1.0,1.0
8.26,1.8,1.8171709,0.04342682,-0.10829744,105.61043,1.0,1.0
8.26,2.0,2.0038338,0.013971502,0.015269061,310.81683,1.0,1.0
8.26,2.2,2.3147922,0.00028680218,0.101913854,141.07507,1.0,0.9375
8.26,2.4,2.4746828,0.032232247,0.04883328,222.75629,1.0,1.0
8.26,2.6,2.6356544,0.023366332,-0.075135335,218.8837,1.0,1.0
8.26,2.8,2.8674972,0.09180239,0.2111127,166.38838,1.0,0.25
8.26,3.0,2.9490306,0.07176832,-0.03805162,235.92859,1.0,0.9375
8.28,0.0,0.021437772,-0.0013164401,-0.0704212,7.593409,1.0,1.0
8.28,0.2,0.19415963,0.010383239,0.0017534159,4.0895376,1.0,1.0
8.28,0.4,0.3862316,-0.0070305066,-0.047607414,12.953594,1.0,1.0
8.28,0.6,0.6316004,0.05265922,0.036636673,20.114681,1.0,1.0
8.28,0.8,0.8542887,0.06865978,0.060644988,26.75598,1.0,1.0
8.28,1.0,0.98691833,0.086937,-0.05626212,34.002052,1.0,1.0
8.28,1.2,1.1330582,0.06547408,-0.11468431,30.81777,1.0,1.0
8.28,1.4,1.4302058,0.05513645,0.043856442,115.802444,1.0,1.0
8.28,1.6,1.5017593,0.036848858,-0.08921698,65.06704,1.0,1.0
8.28,1.8,1.8693225,0.04544479,-0.15360077,134.10347,1.0,1.0
8.28,2.0,1.9680059,-0.0025406908,-0.04100468,137.90002,1.0,1.0
8.28,2.2,2.3280153,-0.005012479,0.21228191,240.956,1.0,0.25
8.28,2.4,2.5067585,0.029337756,0.059047394,172.71535,1.0,1.0
8.28,2.6,2.6680875,0.04344163,-0.09950682,209.78151,1.0,1.0
8.28,2.8,2.897182,0.071599916,0.44882816,194.99437,1.0,0.0
8.28,3.0,2.9757938,0.08074988,-0.19062623,165.25952,1.0,0.875
8.3,0.0,0.025744235,-0.00633905,-0.080697,8.473877,1.0,1.0
8.3,0.2,0.1977605,0.018131303,0.00057199644,5.6467104,1.0,1.0
8.3,0.4,0.39599407,-0.016241401,-0.051482506,12.321572,1.0,1.0
8.3,0.6,0.60510045,0.043699477,-0.04202265,7.382506,1.0,1.0
8.3,0.8,0.8484275,0.069471374,0.038281374,36.110344,1.0,1.0
8.3,1.0,0.9645079,0.077894405,-0.10376702,37.06878,1.0,1.0
8.3,1.2,1.1310428,0.061838754,-0.08063367,33.74802,1.0,1.0
8.3,1.4,1.3723701,0.054151647,-0.0598553,93.31912,1.0,1.0
8.3,1.6,1.5230829,0.04260599,-0.045201235,85.272156,1.0,1.0
8.3,1.8,1.8339984,0.029544573,-0.045252755,232.27943,1.0,1.0
8.3,2.0,1.9772165,0.0013997853,-0.109162495,130.88727,1.0,1.0
8.3,2.2,2.2704134,0.022283148,0.09664552,402.6999,1.0,1.0
8.3,2.4,2.5377731,0.016877376,0.2003446,145.449,1.0,0.5625
8.3,2.6,2.701931,0.047833957,-0.2425878,119.449615,1.0,0.0
8.3,2.8,2.8313413,0.09734772,0.3043322,496.4964,1.0,0.0
8.3,3.0,2.9462323,0.08316725,-0.29978257,694.4403,1.0,0.0
8.32,0.0,0.0316905,-0.01184657,-0.10082705,9.084464,1.0,1.0
8.32,0.2,0.20713326,0.026310187,0.0054954244,9.28068,1.0,1.0
8.32,0.4,0.41315138,-0.024318399,-0.07228173,13.459039,1.0,1.0
8.32,0.6,0.58471227,0.03397902,-0.078548,11.6063,1.0,1.0
8.32,0.8,0.81080395,0.064553425,-0.027810477,18.344618,1.0,1.0
8.32,1.0,0.95832205,0.07169111,-0.100085616,29.024914,1.0,1.0
8.32,1.2,1.1417468,0.061165422,-0.04285425,43.79914,1.0,1.0
8.32,1.4,1.3279214,0.04321397,-0.11655736,89.74748,1.0,1.0
8.32,1.6,1.5591812,0.051496126,-0.0542995,92.48305,1.0,1.0
8.32,1.8,1.7707567,0.024356749,0.027119897,244.87387,1.0,1.0
8.32,2.0,2.0075507,0.014892845,-0.098183975,133.91681,1.0,1.0
8.32,2.2,2.198008,0.009506497,0.06618419,408.6952,1.0,1.0
8.32,2.4,2.51305,0.022361932,0.2647764,328.46375,1.0,0.25
8.32,2.6,2.6708207,0.045680784,-0.27564764,482.67667,1.0,0.0
8.32,2.8,2.7507358,0.10502541,0.13571003,787.1796,1.0,0.9375
8.32,3.0,2.861416,0.074053235,-0.1933991,964.5012,1.0,0.625
8.34,0.0,0.038221665,-0.016576186,-0.12044381,9.023171,1.0,1.0
8.34,0.2,0.21733366,0.03143934,0.015679736,10.599588,1.0,1.0
8.34,0.4,0.43604618,-0.02895007,-0.115312025,14.905171,1.0,1.0
8.34,0.6,0.57282966,0.02730764,-0.08145096,20.026459,1.0,1.0
8.34,0.8,0.78095376,0.057718627,-0.08938913,17.800438,1.0,1.0
8.34,1.0,0.9603305,0.06803251,-0.061880916,27.332962,1.0,1.0
8.34,1.2,1.1703311,0.06389467,-0.02546283,53.732033,1.0,1.0
8.34,1.4,1.3063362,0.036103263,-0.12377498,48.558342,1.0,1.0
8.34,1.6,1.6102273,0.054699175,-0.10352201,84.34531,1.0,1.0
8.34,1.8,1.7374307,0.025005223,0.045828506,154.41113,1.0,1.0
8.34,2.0,2.0452058,0.033622928,-0.05944038,140.07465,1.0,1.0
8.34,2.2,2.167144,-0.010578912,0.0042163525,218.93155,1.0,1.0
8.34,2.4,2.4449325,0.04765574,0.110261716,547.11804,1.0,1.0
8.34,2.6,2.5881393,0.038449418,-0.12305279,783.5186,1.0,1.0
8.34,2.8,2.698174,0.066208094,0.0751453,394.7542,1.0,1.0
8.34,3.0,2.8521738,0.0841605,0.14702915,494.78876,1.0,0.875
8.36,0.0,0.03925766,-0.01213651,-0.12568875,3.0426903,1.0,1.0
8.36,0.2,0.21722032,0.02679757,0.034226008,12.268413,1.0,1.0
8.36,0.4,0.4407355,-0.022066996,-0.16393448,15.300419,1.0,1.0
8.36,0.6,0.5696628,0.02315383,-0.065975174,22.031551,1.0,1.0
8.36,0.8,0.7636445,0.050584953,-0.10488916,26.596739,1.0,1.0
8.36,1.0,0.9738256,0.066392206,-0.032234717,31.859793,1.0,1.0
8.36,1.2,1.2127559,0.06665254,-0.062046587,53.59337,1.0,1.0
8.36,1.4,1.3025019,0.030795043,-0.08839243,45.191723,1.0,1.0
8.36,1.6,1.6616343,0.059369233,-0.13108426,110.946045,1.0,1.0
8.36,1.8,1.7360079,0.024106527,0.006398788,100.285416,1.0,1.0
8.36,2.0,2.0871332,0.03880731,-0.12276938,120.31009,1.0,1.0
8.36,2.2,2.1835375,-0.0051373285,-0.07731956,174.49577,1.0,1.0
8.36,2.4,2.375915,0.021561999,0.0799498,447.46765,1.0,1.0
8.36,2.6,2.5665793,0.045118917,0.13508865,411.028,1.0,1.0
8.36,2.8,2.7189922,0.05719299,0.055658326,258.76447,1.0,1.0
8.36,3.0,2.9010696,0.0628195,0.28087622,301.2158,1.0,0.0625
8.38,0.0,0.038191244,-7.359765e-05,-0.13665539,12.406538,1.0,1.0
8.38,0.2,0.20876431,0.024191689,0.013087798,11.943815,1.0,1.0
8.38,0.4,0.4277059,-0.012552455,-0.11674934,21.097633,1.0,1.0
8.38,0.6,0.5720646,0.017705638,-0.05037799,18.816437,1.0,1.0
8.38,0.8,0.7587445,0.04710623,-0.0915036,26.470165,1.0,1.0
8.38,1.0,1.0004258,0.0663951,-0.033818953,38.306076,1.0,1.0
8.38,1.2,1.2689729,0.067544125,-0.120150685,62.83192,1.0,1.0
8.38,1.4,1.316515,0.03159356,-0.05339112,62.067642,1.0,1.0
8.38,1.6,1.6294711,0.047294226,-0.027580244,176.66739,1.0,1.0
8.38,1.8,1.757256,0.024261577,-0.055558633,112.75917,1.0,1.0
8.38,2.0,2.111709,0.04317198,-0.15414488,172.15747,1.0,1.0
8.38,2.2,2.2204864,0.010959863,-0.085576355,166.62473,1.0,1.0
8.38,2.4,2.3657289,0.0048358236,0.014516979,260.2259,1.0,1.0
8.38,2.6,2.6099954,0.02965222,0.20640141,291.39026,1.0,0.3125
8.38,2.8,2.7659454,0.080819085,-0.0017872765,223.82524,1.0,1.0
8.38,3.0,2.955709,0.046752058,0.18963838,293.4745,1.0,0.6875
8.4,0.0,0.035626143,0.011119784,-0.124392934,12.738064,1.0,1.0
8.4,0.2,0.20062497,0.021454018,-0.015407106,13.091196,1.0,1.0
8.4,0.4,0.4155932,-0.00998063,-0.038817093,16.50316,1.0,1.0
8.4,0.6,0.58165073,0.00977256,-0.04122389,19.167381,1.0,1.0
8.4,0.8,0.7607406,0.0425937,-0.058909655,22.56966,1.0,1.0
8.4,1.0,1.0426815,0.06620917,-0.07699952,39.484566,1.0,1.0
8.4,1.2,1.2560856,0.06952703,-0.03685914,80.676674,1.0,1.0
8.4,1.4,1.3487219,0.036755808,-0.048878886,75.73924,1.0,1.0
8.4,1.6,1.5705314,0.044037666,0.032382824,166.78333,1.0,1.0
8.4,1.8,1.7907875,0.024125053,-0.06163105,120.02299,1.0,1.0
8.4,2.0,2.0597894,0.019704623,-0.027021635,385.9745,1.0,1.0
8.4,2.2,2.253684,0.028241593,-0.06601903,162.47794,1.0,1.0
8.4,2.4,2.400229,0.01878829,-0.061226655,186.9612,1.0,1.0
8.4,2.6,2.6580586,0.022045672,0.07041984,251.34042,1.0,1.0
8.4,2.8,2.806952,0.10573628,-0.0751676,232.84572,1.0,1.0
8.4,3.0,2.989822,0.04344677,0.18621105,207.14659,1.0,0.6875
8.42,0.0,0.031501338,0.016527254,-0.091978356,10.949247,1.0,1.0
8.42,0.2,0.19497728,0.012040928,-0.052666284,8.408671,1.0,1.0
8.42,0.4,0.4067456,-0.008873277,0.015776504,12.5445595,1.0,1.0
8.42,0.6,0.60140425,0.0017424766,-0.046221875,19.413685,1.0,1.0
8.42,0.8,0.7697531,0.038212225,-0.036774293,23.70092,1.0,1.0
8.42,1.0,1.0864757,0.070212714,-0.14290032,55.550667,1.0,1.0
8.42,1.2,1.2121379,0.063369274,0.03598618,75.58531,1.0,1.0
8.42,1.4,1.3967671,0.040023796,-0.09053804,70.56397,1.0,1.0
8.42,1.6,1.5349947,0.04575926,0.0403855,128.16318,1.0,1.0
8.42,1.8,1.8310885,0.022627624,0.0080517875,107.11588,1.0,1.0
8.42,2.0,1.9965613,0.023656115,0.06187589,361.9968,1.0,1.0
8.42,2.2,2.2897232,0.03478401,-0.14474423,139.58632,1.0,0.875
8.42,2.4,2.4430199,0.0398157,-0.07873848,195.25092,1.0,1.0
8.42,2.6,2.6877265,0.024273485,0.043225124,192.46638,1.0,1.0
8.42,2.8,2.8290133,0.12007696,-0.14241107,168.28061,1.0,1.0
8.42,3.0,3.0063307,0.025489107,0.43348706,153.28995,1.0,0.0
8.44,0.0,0.031048108,0.019819066,-0.052408703,5.400633,1.0,1.0
8.44,0.2,0.19229735,0.0023877374,-0.053681538,5.7365084,1.0,1.0
8.44,0.4,0.39761066,-0.0071262363,0.011932734,11.836533,1.0,1.0
8.44,0.6,0.62938607,-0.0028734282,-0.0881726,17.429136,1.0,1.0
8.44,0.8,0.7910491,0.033123434,-0.034949403,23.666159,1.0,1.0
8.44,1.0,1.0558635,0.068072096,-0.06742331,50.10049,1.0,1.0
8.44,1.2,1.1758398,0.06621936,0.045528572,70.84999,1.0,1.0
8.44,1.4,1.4593148,0.03833743,-0.13315949,88.60767,1.0,1.0
8.44,1.6,1.5246978,0.045830302,0.0032715197,70.46553,1.0,1.0
8.44,1.8,1.8838156,0.011473542,0.1511789,145.74484,1.0,1.0
8.44,2.0,1.9771408,0.021714084,0.10819872,183.50241,1.0,1.0
8.44,2.2,2.3002644,0.03192953,-0.17596912,232.8335,1.0,0.625
8.44,2.4,2.4714038,0.05705469,-0.08300798,180.5988,1.0,1.0
8.44,2.6,2.7050476,0.014031038,0.21595503,129.75891,1.0,0.1875
8.44,2.8,2.8133264,0.124940045,-0.25677773,393.87262,1.0,0.0
8.44,3.0,2.941975,0.03136561,0.47327477,474.49557,1.0,0.0
8.46,0.0,0.030823354,0.021997582,-0.03494457,2.8128448,1.0,1.0
8.46,0.2,0.19217046,-0.004725676,-0.050116323,8.238056,1.0,1.0
8.46,0.4,0.38965294,-0.0050080596,-0.004025438,11.66028,1.0,1.0
8.46,0.6,0.6504582,-0.0020226184,-0.162951,21.081245,1.0,1.0
8.46,0.8,0.8239128,0.02941634,-0.070123,26.608318,1.0,1.0
8.46,1.0,1.0195327,0.06486439,0.0056519797,42.37461,1.0,1.0
8.46,1.2,1.1549358,0.06483264,0.029119236,60.29854,1.0,1.0
8.46,1.4,1.4453539,0.04352264,-0.05731411,124.22176,1.0,1.0
8.46,1.6,1.5378773,0.046796076,-0.05212961,78.85827,1.0,1.0
8.46,1.8,1.858824,0.025573518,0.07616225,201.24513,1.0,1.0
8.46,2.0,2.006182,0.016781954,0.06558053,159.35513,1.0,1.0
8.46,2.2,2.2444344,0.014148958,-0.07825355,504.6567,1.0,1.0
8.46,2.4,2.5038261,0.059224423,-0.19967946,143.9321,1.0,0.4375
8.46,2.6,2.6765263,0.010197461,0.35820204,410.43262,1.0,0.0
8.46,2.8,2.752411,0.10503266,-0.21922274,1030.7126,1.0,0.4375
8.46,3.0,2.8835895,0.063801184,0.19512644,929.1226,1.0,0.5
8.48,0.0,0.029998023,0.023314305,-0.025174879,3.114993,1.0,1.0
8.48,0.2,0.1958641,-0.011216004,-0.052132398,9.749542,1.0,1.0
8.48,0.4,0.38479003,-0.0007460462,-0.01048143,9.867122,1.0,1.0
8.48,0.6,0.63320315,0.0059657022,-0.13250601,20.452354,1.0,1.0
8.48,0.8,0.8640963,0.028559795,-0.11766742,32.753384,1.0,1.0
8.48,1.0,0.98828983,0.06817916,0.021189312,39.10314,1.0,1.0
8.48,1.2,1.1498528,0.06509033,-0.0005261828,35.661995,1.0,1.0
8.48,1.4,1.3916106,0.03654915,0.03542585,114.54582,1.0,1.0
8.48,1.6,1.56579,0.0501879,-0.05521053,96.721634,1.0,1.0
8.48,1.8,1.7847834,0.036513425,0.020818368,218.94354,1.0,1.0
8.48,2.0,2.0470653,0.013331612,-0.0073273834,151.60101,1.0,1.0
8.48,2.2,2.1888413,0.018511228,0.030735184,420.7569,1.0,1.0
8.48,2.4,2.473651,0.049246356,-0.18687478,420.2461,1.0,0.75
8.48,2.6,2.6169672,0.046017647,0.15801865,657.797,1.0,1.0
8.48,2.8,2.6901393,0.12455843,-0.047119338,732.6936,1.0,0.9375
8.48,3.0,2.815702,0.026379764,0.1307253,694.9044,1.0,0.75
8.5,0.0,0.030809816,0.025521018,-0.013003039,4.9518113,1.0,1.0
8.5,0.2,0.20297405,-0.019468151,-0.06435008,10.802481,1.0,1.0
8.5,0.4,0.38465118,0.007219472,-0.017290095,10.502653,1.0,1.0
8.5,0.6,0.6166402,0.006960135,-0.050826795,11.844599,1.0,1.0
8.5,0.8,0.84617436,0.032871142,-0.12487944,32.38363,1.0,1.0
8.5,1.0,0.9679586,0.06843348,0.017196337,39.928474,1.0,1.0
8.5,1.2,1.158684,0.06968791,-0.010665223,44.481293,1.0,1.0
8.5,1.4,1.3494222,0.041711345,0.043379337,105.50164,1.0,1.0
8.5,1.6,1.6059504,0.050345153,0.0010085565,94.89139,1.0,1.0
8.5,1.8,1.7293886,0.023505703,-0.05962064,177.7012,1.0,1.0
8.5,2.0,2.0855877,0.011116164,-0.011895977,131.64957,1.0,1.0
8.5,2.2,2.1851897,0.015433996,0.101098925,245.54913,1.0,1.0
8.5,2.4,2.4034371,0.04434312,-0.057538643,653.9651,1.0,1.0
8.5,2.6,2.5431423,0.019723024,0.13319594,616.2807,1.0,1.0
8.5,2.8,2.7235065,0.11871504,0.2309019,339.3053,1.0,0.125
8.5,3.0,2.833221,0.0017248318,0.09171697,307.60846,1.0,0.75
8.52,0.0,0.03290429,0.02893218,-0.004258165,6.3316956,1.0,1.0
8.52,0.2,0.21388745,-0.028892789,-0.08518306,11.130419,1.0,1.0
8.52,0.4,0.3920205,0.016838374,-0.021572478,12.9803705,1.0,1.0
8.52,0.6,0.6039867,0.0074074417,0.0023688376,13.08192,1.0,1.0
8.52,0.8,0.82246435,0.03444447,-0.044785045,13.24369,1.0,1.0
8.52,1.0,0.96032137,0.07106402,0.006652581,25.334614,1.0,1.0
8.52,1.2,1.1830463,0.072596624,0.0029722902,60.64654,1.0,1.0
8.52,1.4,1.3272755,0.04287345,0.017897148,70.897736,1.0,1.0
8.52,1.6,1.6604966,0.045605447,0.096533775,97.33136,1.0,1.0
8.52,1.8,1.7043357,0.01277893,-0.1182061,85.90727,1.0,1.0
8.52,2.0,2.1266816,0.0023559704,0.08694446,123.01211,1.0,1.0
8.52,2.2,2.2246394,0.008603562,0.052559216,209.09482,1.0,1.0
8.52,2.4,2.3749645,0.047072165,0.118204504,364.9552,1.0,1.0
8.52,2.6,2.5383716,-0.0082642175,0.0735351,304.0091,1.0,1.0
8.52,2.8,2.7812877,0.09778055,0.21981274,295.70642,1.0,0.375
8.52,3.0,2.8839474,0.017871015,0.054471504,220.39871,1.0,0.875
8.540000000000001,0.0,0.036661334,0.033162575,0.0021347518,8.066175,1.0,1.0
8.540000000000001,0.2,0.22821432,-0.03547898,-0.10350621,11.467075,1.0,1.0
8.540000000000001,0.4,0.40916592,0.025795061,-0.0072459495,15.210481,1.0,1.0
8.540000000000001,0.6,0.59112024,0.009959541,0.008993594,16.492756,1.0,1.0
8.540000000000001,0.8,0.8023714,0.037431024,-0.01537733,14.813011,1.0,1.0
8.540000000000001,1.0,0.9646542,0.07621978,0.001988017,30.691612,1.0,1.0
8.540000000000001,1.2,1.223152,0.07394627,0.040701613,67.22513,1.0,1.0
8.540000000000001,1.4,1.3248329,0.04291051,-0.02320693,46.92401,1.0,1.0
8.540000000000001,1.6,1.6657393,0.047908932,0.04727735,139.13538,1.0,1.0
8.540000000000001,1.8,1.7100918,0.01476202,-0.10203625,91.29729,1.0,1.0
8.540000000000001,2.0,2.1423998,-0.00014567189,0.12545805,203.6722,1.0,1.0
8.540000000000001,2.2,2.2659929,0.005278716,-0.011851824,182.6286,1.0,1.0
8.540000000000001,2.4,2.4088974,0.03304577,0.1606152,275.9307,1.0,0.8125
8.540000000000001,2.6,2.5808346,0.0050187036,0.0043863705,203.7911,1.0,1.0
8.540000000000001,2.8,2.8329732,0.09367142,0.1467205,252.155,1.0,0.9375
8.540000000000001,3.0,2.9421191,0.04639606,-0.034808427,260.87503,1.0,1.0
8.56,0.0,0.0397522,0.034879148,-0.0006921288,9.145523,1.0,1.0
8.56,0.2,0.22829506,-0.029351048,-0.13460721,8.183228,1.0,1.0
8.56,0.4,0.43103957,0.03170275,0.03081681,14.663797,1.0,1.0
8.56,0.6,0.5808171,0.0118983,0.006282423,18.911045,1.0,1.0
8.56,0.8,0.7832499,0.040129658,-0.011262052,21.2249,1.0,1.0
8.56,1.0,0.9829973,0.081534,0.0058325203,46.561184,1.0,1.0
8.56,1.2,1.2749223,0.077338755,0.11535467,70.00249,1.0,1.0
8.56,1.4,1.3391082,0.048390403,-0.030228756,66.21947,1.0,1.0
8.56,1.6,1.5988572,0.061511964,0.0062850052,149.56664,1.0,1.0
8.56,1.8,1.7383853,0.025473505,-0.05388114,108.95145,1.0,1.0
8.56,2.0,2.0774796,0.030387782,0.042486057,332.86847,1.0,1.0
8.56,2.2,2.2983105,0.0005151257,0.02763081,150.2734,1.0,1.0
8.56,2.4,2.4568787,0.026212975,0.04779492,225.87833,1.0,1.0
8.56,2.6,2.6354606,0.027490608,-0.06568109,217.63306,1.0,1.0
8.56,2.8,2.8593605,0.08485986,0.24795744,165.12772,1.0,0.0625
8.56,3.0,2.9783711,0.06676864,-0.10313673,216.05943,1.0,1.0
8.58,0.0,0.038910408,0.030912634,0.010801926,8.4265,1.0,1.0
8.58,0.2,0.22538269,-0.016180892,-0.14409265,18.220097,1.0,1.0
8.58,0.4,0.42530686,0.028828863,0.016545488,12.71332,1.0,1.0
8.58,0.6,0.5753609,0.015415605,0.003611748,14.343328,1.0,1.0
8.58,0.8,0.7711161,0.042491693,-0.0024473867,22.240152,1.0,1.0
8.58,1.0,1.016982,0.08670722,0.024523925,54.75439,1.0,1.0
8.58,1.2,1.2664547,0.07967727,0.049575277,81.6502,1.0,1.0
8.58,1.4,1.3696513,0.050563805,0.0024001503,78.65375,1.0,1.0
8.58,1.6,1.5438237,0.05333373,-0.08267589,138.94344,1.0,1.0
8.58,1.8,1.778084,0.03731216,-0.057930626,112.44507,1.0,1.0
8.58,2.0,2.0059316,0.013959015,0.0153314555,311.6516,1.0,1.0
8.58,2.2,2.3350654,-0.013559593,0.17397508,155.58374,1.0,0.625
8.58,2.4,2.4889572,0.024593016,0.020034403,184.62625,1.0,1.0
8.58,2.6,2.6678255,0.0473691,-0.08956693,208.87547,1.0,1.0
8.58,2.8,2.8858318,0.062434793,0.4976213,290.3263,1.0,0.0
8.58,3.0,2.996685,0.07001854,-0.24299061,307.831,1.0,0.125
8.6,0.0,0.036155052,0.025359925,0.0073489053,7.742116,1.0,1.0
8.6,0.2,0.21570396,-0.009070789,-0.08782618,16.653809,1.0,1.0
8.6,0.4,0.4089656,0.0252045,-0.022021143,13.530013,1.0,1.0
8.6,0.6,0.5770135,0.023549542,-0.011020852,18.528238,1.0,1.0
8.6,0.8,0.76848894,0.04696621,0.0017976768,19.000927,1.0,1.0
8.6,1.0,1.062813,0.09185627,0.08777122,41.532433,1.0,1.0
8.6,1.2,1.2147049,0.079946496,-0.023672692,63.44262,1.0,1.0
8.6,1.4,1.4161925,0.049093887,0.0646552,80.20758,1.0,1.0
8.6,1.6,1.512983,0.04012718,-0.13048193,83.84758,1.0,1.0
8.6,1.8,1.8287427,0.03955014,-0.12902048,106.14847,1.0,1.0
8.6,2.0,1.9700134,-0.0025227955,-0.04048267,138.27277,1.0,1.0
8.6,2.2,2.3136857,-0.0006177216,0.1550287,279.79465,1.0,0.5625
8.6,2.4,2.513182,0.014654513,0.1492506,144.84435,1.0,0.9375
8.6,2.6,2.7015896,0.051513255,-0.2326687,118.634735,1.0,0.0
8.6,2.8,2.814839,0.09476718,0.3110929,533.0033,1.0,0.0
8.6,3.0,2.9418144,0.060385555,-0.28513917,937.80615,1.0,0.0625
8.620000000000001,0.0,0.030642465,0.02154003,-0.0067403126,9.792529,1.0,1.0
8.620000000000001,0.2,0.20913994,-0.00402238,-0.011140626,10.159253,1.0,1.0
8.620000000000001,0.4,0.3958783,0.017066814,-0.07624152,9.130036,1.0,1.0
8.620000000000001,0.6,0.5888438,0.033375043,-0.024112863,24.902985,1.0,1.0
8.620000000000001,0.8,0.7760434,0.053507145,-0.00386038,30.00696,1.0,1.0
8.620000000000001,1.0,1.0711398,0.09441902,0.0517319,61.92711,1.0,1.0
8.620000000000001,1.2,1.1714883,0.06973401,-0.09043789,58.798416,1.0,1.0
8.620000000000001,1.4,1.4630122,0.04826455,0.12665117,121.220276,1.0,1.0
8.620000000000001,1.6,1.5085347,0.037036836,-0.10445511,61.094994,1.0,1.0
8.620000000000001,1.8,1.8637947,0.04418148,-0.109283894,139.78033,1.0,1.0
8.620000000000001,2.0,1.9791348,0.0013594367,-0.10818297,131.0527,1.0,1.0
8.620000000000001,2.2,2.2419677,0.016102754,0.060117703,444.5498,1.0,1.0
8.620000000000001,2.4,2.5157862,0.0066967513,0.27301824,291.90027,1.0,0.0625
8.620000000000001,2.6,2.6721737,0.047462016,-0.26763847,479.28915,1.0,0.0625
8.620000000000001,2.8,2.7289608,0.084461674,0.17240153,764.25,1.0,0.75
8.620000000000001,3.0,2.8455577,0.075378016,-0.18921511,940.9236,1.0,0.5
8.64,0.0,0.02559275,0.018855589,-0.024098495,12.614872,1.0,1.0
8.64,0.2,0.20337597,-0.0016008536,0.020349175,7.5727015,1.0,1.0
8.64,0.4,0.38777977,0.008312114,-0.07543955,9.337797,1.0,1.0
8.64,0.6,0.61261094,0.042484183,-0.010280589,25.074419,1.0,1.0
8.64,0.8,0.7975966,0.06137609,-0.0070830057,40.29451,1.0,1.0
8.64,1.0,1.0251241,0.09472537,0.012748135,41.489468,1.0,1.0
8.64,1.2,1.1482246,0.061680578,-0.12380139,50.651787,1.0,1.0
8.64,1.4,1.4294219,0.054692853,0.044977665,116.21162,1.0,1.0
8.64,1.6,1.5246369,0.041681603,-0.05352003,76.95374,1.0,1.0
8.64,1.8,1.8137932,0.02334378,-0.013324288,244.57077,1.0,1.0
8.64,2.0,2.0093904,0.014806806,-0.0969187,134.26337,1.0,1.0
8.64,2.2,2.1804805,-0.005856335,0.02243264,342.46204,1.0,1.0
8.64,2.4,2.4571486,0.03658253,0.14193529,449.73407,1.0,1.0
8.64,2.6,2.5889308,0.04095466,-0.11829315,786.68524,1.0,0.9375
8.64,2.8,2.6931665,0.045732133,0.10879105,339.98413,1.0,1.0
8.64,3.0,2.8637567,0.08246821,0.15902998,399.58673,1.0,0.75
8.66,0.0,0.021502184,0.014132934,-0.04816322,6.663168,1.0,1.0
8.66,0.2,0.19744265,0.0003505065,0.009153015,6.303321,1.0,1.0
8.66,0.4,0.3839422,0.0027336674,-0.059474975,14.286505,1.0,1.0
8.66,0.6,0.6443254,0.04901208,0.044798054,16.401672,1.0,1.0
8.66,0.8,0.832116,0.06857929,0.020811992,37.37171,1.0,1.0
8.66,1.0,0.9866382,0.08685537,-0.054919027,34.123688,1.0,1.0
8.66,1.2,1.1421709,0.05551467,-0.10633382,31.836449,1.0,1.0
8.66,1.4,1.3716564,0.053939402,-0.06006381,93.56662,1.0,1.0
8.66,1.6,1.5580652,0.051167116,-0.041786294,92.227646,1.0,1.0
8.66,1.8,1.7555454,0.024026483,0.042915262,240.31956,1.0,1.0
8.66,2.0,2.047038,0.033496168,-0.057907324,140.66888,1.0,1.0
8.66,2.2,2.165701,-0.016101474,-0.04162941,204.02577,1.0,1.0
8.66,2.4,2.3839278,0.020188697,0.10338487,517.7658,1.0,1.0
8.66,2.6,2.567557,0.04711126,0.13712065,410.13358,1.0,1.0
8.66,2.8,2.7191694,0.042944774,0.08792995,226.95297,1.0,1.0
8.66,3.0,2.919089,0.06388595,0.22859842,306.37872,1.0,0.375
8.68,0.0,0.019663587,0.008188792,-0.062316783,3.977147,1.0,1.0
8.68,0.2,0.1939761,0.00380074,0.0008347782,4.7593403,1.0,1.0
8.68,0.4,0.3851784,-0.0021364223,-0.049793273,14.202713,1.0,1.0
8.68,0.6,0.63405854,0.0479301,0.017975315,23.987087,1.0,1.0
8.68,0.8,0.8700664,0.07361719,0.07073122,35.45503,1.0,1.0
8.68,1.0,0.9642234,0.07773016,-0.103003174,37.04744,1.0,1.0
8.68,1.2,1.1487446,0.054192815,-0.0663432,42.3284,1.0,1.0
8.68,1.4,1.3273046,0.042969465,-0.11750646,90.030075,1.0,1.0
8.68,1.6,1.6041279,0.0567303,-0.0774955,88.01262,1.0,1.0
8.68,1.8,1.7310586,0.024694687,0.057019047,139.61526,1.0,1.0
8.68,2.0,2.0890064,0.038687423,-0.12113166,120.793594,1.0,1.0
8.68,2.2,2.1933436,-0.0039651077,-0.102268845,165.97293,1.0,1.0
8.68,2.4,2.361894,-0.0058082324,0.040735498,269.9925,1.0,1.0
8.68,2.6,2.610277,0.030721169,0.21088243,294.09167,1.0,0.25
8.68,2.8,2.7677598,0.065977044,0.015131431,234.66412,1.0,1.0
8.68,3.0,2.9734693,0.056526743,0.15797397,292.86908,1.0,0.75
8.700000000000001,0.0,0.019418601,0.003743816,-0.06758219,6.244836,1.0,1.0
8.700000000000001,0.2,0.1936857,0.009997478,0.0015873914,4.1407733,1.0,1.0
8.700000000000001,0.4,0.39144218,-0.009533568,-0.047917582,13.252865,1.0,1.0
8.700000000000001,0.6,0.6044383,0.040976197,-0.049712814,11.101504,1.0,1.0
8.700000000000001,0.8,0.84506655,0.07098921,0.038548037,30.769306,1.0,1.0
8.700000000000001,1.0,0.95803684,0.071493715,-0.09972119,29.026924,1.0,1.0
8.700000000000001,1.2,1.1708977,0.05567851,-0.04468629,52.94159,1.0,1.0
8.700000000000001,1.4,1.3058481,0.03597149,-0.12443052,48.6885,1.0,1.0
8.700000000000001,1.6,1.6666656,0.058251597,-0.15253852,103.962845,1.0,1.0
8.700000000000001,1.8,1.7371933,0.023254614,0.009318037,101.47674,1.0,1.0
8.700000000000001,2.0,2.1137023,0.042972542,-0.15405743,171.33737,1.0,1.0
8.700000000000001,2.2,2.229063,0.01397827,-0.09479645,168.34924,1.0,1.0
8.700000000000001,2.4,2.3913808,0.0015670899,-0.040360246,200.50813,1.0,1.0
8.700000000000001,2.6,2.6574152,0.0223898,0.07588822,252.79097,1.0,1.0
8.700000000000001,2.8,2.8052604,0.08814952,-0.06151218,229.77121,1.0,1.0
8.700000000000001,3.0,3.0042248,0.052336678,0.23327652,172.68774,1.0,0.1875
8.72,0.0,0.02144099,-0.0012876092,-0.07042006,7.608655,1.0,1.0
8.72,0.2,0.19737616,0.017741663,0.00063645566,5.624826,1.0,1.0
8.72,0.4,0.40311646,-0.018409237,-0.054314315,12.665062,1.0,1.0
8.72,0.6,0.581149,0.032111086,-0.10329837,10.12916,1.0,1.0
8.72,0.8,0.808259,0.063008964,-0.03443715,18.352856,1.0,1.0
8.72,1.0,0.96003264,0.06780354,-0.0616841,27.381088,1.0,1.0
8.72,1.2,1.2091322,0.05844499,-0.061137315,56.05114,1.0,1.0
8.72,1.4,1.3021343,0.030667627,-0.089173526,44.90111,1.0,1.0
8.72,1.6,1.6550992,0.054607805,-0.050485007,151.12837,1.0,1.0
8.72,1.8,1.7646341,0.022658749,-0.04663435,115.74902,1.0,1.0
8.72,2.0,2.0571554,0.019199777,-0.037821036,376.68768,1.0,1.0
8.72,2.2,2.2628374,0.030519206,-0.09021656,158.95125,1.0,1.0
8.72,2.4,2.4403481,0.021912483,-0.08181405,195.03394,1.0,1.0
8.72,2.6,2.6863103,0.024010062,0.04904495,192.4003,1.0,1.0
8.72,2.8,2.8291907,0.09911033,-0.15989749,146.59233,1.0,0.9375
8.72,3.0,3.023377,0.030488946,0.5131921,243.57486,1.0,0.0
8.74,0.0,0.025747208,-0.006306465,-0.08067499,8.469526,1.0,1.0
8.74,0.2,0.20682055,0.025910035,0.0055576814,9.257053,1.0,1.0
8.74,0.4,0.42165607,-0.02565218,-0.081609495,14.032121,1.0,1.0
8.74,0.6,0.5661869,0.024781425,-0.10260798,17.682259,1.0,1.0
8.74,0.8,0.77885175,0.05450448,-0.08652392,18.657145,1.0,1.0
8.74,1.0,0.9735198,0.06611477,-0.03214787,31.736511,1.0,1.0
8.74,1.2,1.2623848,0.060107365,-0.12794875,48.769035,1.0,1.0
8.74,1.4,1.3162025,0.031463012,-0.053837046,61.76113,1.0,1.0
8.74,1.6,1.5945865,0.042140216,0.022947118,168.56631,1.0,1.0
8.74,1.8,1.8007076,0.022247756,-0.038285386,117.638336,1.0,1.0
8.74,2.0,1.9939827,0.024226297,0.056755476,357.71213,1.0,1.0
8.74,2.2,2.3024995,0.029546622,-0.19833723,139.59824,1.0,0.5625
8.74,2.4,2.473011,0.040944688,-0.08431066,181.04645,1.0,1.0
8.74,2.6,2.7034793,0.012837559,0.22327764,129.50311,1.0,0.125
8.74,2.8,2.8056293,0.10227221,-0.26369473,454.349,1.0,0.0
8.74,3.0,2.9548619,0.052998573,0.36770213,555.80664,1.0,0.0
8.76,0.0,0.031690978,-0.011806499,-0.10079166,9.052335,1.0,1.0
8.76,0.2,0.21713756,0.031082926,0.015637975,10.597282,1.0,1.0
8.76,0.4,0.44135678,-0.027697269,-0.1272445,12.07789,1.0,1.0
8.76,0.6,0.5615636,0.020645944,-0.08719412,21.498919,1.0,1.0
8.76,0.8,0.76425236,0.04795409,-0.09743192,27.516123,1.0,1.0
8.76,1.0,1.0001333,0.06607061,-0.033922248,38.25734,1.0,1.0
8.76,1.2,1.2930847,0.06568617,-0.08925328,81.163605,1.0,1.0
8.76,1.4,1.3484268,0.036607295,-0.049224183,75.545166,1.0,1.0
8.76,1.6,1.5506568,0.04316138,0.039753318,144.6789,1.0,1.0
8.76,1.8,1.8449404,0.018058674,0.036419705,107.33799,1.0,1.0
8.76,2.0,1.9739467,0.022432543,0.10482903,179.22351,1.0,1.0
8.76,2.2,2.285106,0.02245742,-0.14662446,349.27032,1.0,0.9375
8.76,2.4,2.5069451,0.047386676,-0.17431393,131.88956,1.0,0.875
8.76,2.6,2.6719205,0.0091839135,0.354967,414.66687,1.0,0.0
8.76,2.8,2.729836,0.08299549,-0.20907968,961.36035,1.0,0.3125
8.76,3.0,2.8758063,0.062178336,0.1404723,915.33014,1.0,0.8125
8.78,0.0,0.038158014,-0.016538598,-0.12074023,9.029276,1.0,1.0
8.78,0.2,0.21706009,0.026045065,0.035701297,12.157498,1.0,1.0
8.78,0.4,0.4412751,-0.018674627,-0.16678154,19.720379,1.0,1.0
8.78,0.6,0.5631143,0.016317658,-0.06715025,18.249332,1.0,1.0
8.78,0.8,0.760409,0.04337796,-0.07900387,23.53709,1.0,1.0
8.78,1.0,1.0424304,0.065850645,-0.0771056,39.396233,1.0,1.0
8.78,1.2,1.2466793,0.057678405,-0.02208321,80.43898,1.0,1.0
8.78,1.4,1.3964903,0.039878406,-0.0911928,70.474785,1.0,1.0
8.78,1.6,1.5307856,0.044093113,0.012841793,84.11869,1.0,1.0
8.78,1.8,1.8892257,0.008663688,0.13615236,171.90714,1.0,1.0
8.78,2.0,2.0024953,0.017386002,0.062008493,158.76843,1.0,1.0
8.78,2.2,2.211834,0.014367813,-0.043953396,523.93555,1.0,1.0
8.78,2.4,2.496237,0.04344467,-0.20259646,344.81204,1.0,0.4375
8.78,2.6,2.6087546,0.043560356,0.15339565,668.2129,1.0,0.9375
8.78,2.8,2.6849446,0.09948641,0.016474057,602.82104,1.0,0.9375
8.78,3.0,2.8250353,0.022564553,0.06766511,473.53882,1.0,0.9375
8.8,0.0,0.03931319,-0.012071388,-0.12570222,3.0256042,1.0,1.0
8.8,0.2,0.20864838,0.023437668,0.014448915,11.94681,1.0,1.0
8.8,0.4,0.42669818,-0.010761886,-0.11232713,21.847343,1.0,1.0
8.8,0.6,0.5709578,0.008784784,-0.0490642,19.1987,1.0,1.0
8.8,0.8,0.76436543,0.037517823,-0.047899276,25.393414,1.0,1.0
8.8,1.0,1.0862848,0.0697725,-0.14286429,55.61415,1.0,1.0
8.8,1.2,1.2046471,0.058866877,0.013557191,67.35063,1.0,1.0
8.8,1.4,1.4591875,0.03845661,-0.13685256,89.562675,1.0,1.0
8.8,1.6,1.5351462,0.04472262,-0.043678857,71.218666,1.0,1.0
8.8,1.8,1.8449341,0.029075703,0.07629065,225.6065,1.0,1.0
8.8,2.0,2.0431092,0.01405381,-0.011546925,152.82602,1.0,1.0
8.8,2.2,2.1716707,0.018314803,0.06749375,327.1031,1.0,1.0
8.8,2.4,2.429515,0.027099492,-0.09431532,665.76215,1.0,1.0
8.8,2.6,2.5360785,0.015016295,0.11776586,612.24963,1.0,1.0
8.8,2.8,2.7248437,0.08776793,0.22818251,314.33954,1.0,0.3125
8.8,3.0,2.851067,0.0124242455,0.059634913,274.8579,1.0,1.0
8.82,0.0,0.038269743,1.1350145e-05,-0.13675588,12.426585,1.0,1.0
8.82,0.2,0.20051736,0.020571692,-0.014588813,13.164987,1.0,1.0
8.82,0.4,0.4152365,-0.008495517,-0.024880596,14.278636,1.0,1.0
8.82,0.6,0.5868398,0.0008386448,-0.045534573,17.474724,1.0,1.0
8.82,0.8,0.77760684,0.03250112,-0.03250893,25.666378,1.0,1.0
8.82,1.0,1.0557683,0.067708544,-0.06804822,50.122246,1.0,1.0
8.82,1.2,1.1757803,0.06012547,0.007226445,64.00642,1.0,1.0
8.82,1.4,1.4461694,0.04316615,-0.05593614,125.853714,1.0,1.0
8.82,1.6,1.5576313,0.04670448,-0.05834103,93.25331,1.0,1.0
8.82,1.8,1.7719704,0.03160491,-0.0017084461,208.17105,1.0,1.0
8.82,2.0,2.0815432,0.012015465,-0.015512353,132.03001,1.0,1.0
8.82,2.2,2.1863487,0.011982905,0.09382655,232.0606,1.0,1.0
8.82,2.4,2.37918,0.035180286,0.06066018,431.8772,1.0,1.0
8.82,2.6,2.5315325,-0.011942513,0.056016758,302.17395,1.0,1.0
8.82,2.8,2.7802637,0.06892365,0.16885133,291.33112,1.0,0.625
8.82,3.0,2.9003613,0.03855352,0.0047223503,243.51926,1.0,1.0
8.84,0.0,0.03572943,0.0112001505,-0.124279596,12.719647,1.0,1.0
8.84,0.2,0.19488165,0.011138864,-0.052758627,8.445654,1.0,1.0
8.84,0.4,0.40537098,-0.0071309954,0.015035966,12.101286,1.0,1.0
8.84,0.6,0.613058,-0.004605351,-0.072251916,16.563581,1.0,1.0
8.84,0.8,0.8046251,0.027525084,-0.040183716,26.70486,1.0,1.0
8.84,1.0,1.0195348,0.0645829,0.004876578,42.32793,1.0,1.0
8.84,1.2,1.1624582,0.060739547,-0.014345294,37.432083,1.0,1.0
8.84,1.4,1.3922282,0.035803378,0.035500914,115.53291,1.0,1.0
8.84,1.6,1.5920987,0.04834223,-0.0166562,94.76538,1.0,1.0
8.84,1.8,1.7228945,0.019731373,-0.09382635,143.4252,1.0,1.0
8.84,2.0,2.1224427,0.0033917967,0.084981084,120.86591,1.0,1.0
8.84,2.2,2.2276366,0.008379055,0.011316523,203.0752,1.0,1.0
8.84,2.4,2.3981342,0.025535045,0.15603894,281.45297,1.0,0.875
8.84,2.6,2.5739882,0.0024608448,-0.010072794,203.72984,1.0,1.0
8.84,2.8,2.8237514,0.067211516,0.11587483,233.14374,1.0,1.0
8.84,3.0,2.9470963,0.06582697,-0.094441324,253.8343,1.0,1.0
8.86,0.0,0.031624347,0.01657739,-0.09185721,10.961824,1.0,1.0
8.86,0.2,0.19221559,0.0015757796,-0.05425649,5.695823,1.0,1.0
8.86,0.4,0.3957261,-0.005094463,0.006158846,11.793871,1.0,1.0
8.86,0.6,0.642939,-0.0061881766,-0.13941711,20.32832,1.0,1.0
8.86,0.8,0.84078586,0.024211464,-0.09564802,27.467613,1.0,1.0
8.86,1.0,0.98833346,0.06795931,0.020579193,39.060863,1.0,1.0
8.86,1.2,1.1634866,0.066954315,-0.029297672,35.842438,1.0,1.0
8.86,1.4,1.3502396,0.04085756,0.04371753,107.237915,1.0,1.0
8.86,1.6,1.6422523,0.042564567,0.07363279,91.53485,1.0,1.0
8.86,1.8,1.7030245,0.012493426,-0.13676104,78.45889,1.0,1.0
8.86,2.0,2.1372995,0.0012489613,0.12824881,205.1303,1.0,1.0
8.86,2.2,2.2633457,0.006180158,-0.023275226,174.44931,1.0,1.0
8.86,2.4,2.4452899,0.01461992,0.06604121,230.24509,1.0,1.0
8.86,2.6,2.62849,0.025881544,-0.07919957,217.772,1.0,1.0
8.86,2.8,2.844947,0.056477487,0.2689855,148.3137,1.0,0.0
8.86,3.0,2.973166,0.08335785,-0.18283644,184.2132,1.0,0.8125
8.88,0.0,0.031178636,0.019860545,-0.052363835,5.382656,1.0,1.0
8.88,0.2,0.1920671,-0.0054392084,-0.050529286,8.235455,1.0,1.0
8.88,0.4,0.3882835,-0.002309939,-0.0070479466,11.297439,1.0,1.0
8.88,0.6,0.63451004,-1.264736e-06,-0.1629035,23.618122,1.0,1.0
8.88,0.8,0.86539537,0.025010228,-0.12261811,40.499016,1.0,1.0
8.88,1.0,0.9680164,0.06827919,0.016885541,39.965622,1.0,1.0
8.88,1.2,1.1792531,0.073172666,-0.02208826,52.908535,1.0,1.0
8.88,1.4,1.3283298,0.042067036,0.018401885,72.70799,1.0,1.0
8.88,1.6,1.6734164,0.04113481,0.09728532,133.14417,1.0,1.0
8.88,1.8,1.7133741,0.01885478,-0.096709326,92.29176,1.0,1.0
8.88,2.0,2.0734594,0.03062156,0.043541253,332.43555,1.0,1.0
8.88,2.2,2.2947574,0.00019294536,0.0556765,146.51093,1.0,1.0
8.88,2.4,2.484322,0.014572768,0.014041726,194.71997,1.0,1.0
8.88,2.6,2.6606522,0.04610318,-0.103591196,208.54712,1.0,1.0
8.88,2.8,2.8491168,0.039539948,0.5049787,364.08014,1.0,0.0
8.88,3.0,2.9581153,0.09246605,-0.31017303,462.04388,1.0,0.0
8.9,0.0,0.030934976,0.02204476,-0.034951113,2.8183966,1.0,1.0
8.9,0.2,0.19574621,-0.011849694,-0.052292906,9.731011,1.0,1.0
8.9,0.4,0.38478342,0.0034221765,-0.012296007,9.334877,1.0,1.0
8.9,0.6,0.61724937,0.0031775385,-0.09138277,17.037643,1.0,1.0
8.9,0.8,0.8400449,0.029532012,-0.10735938,21.45933,1.0,1.0
8.9,1.0,0.9603955,0.0709682,0.0065442338,25.363426,1.0,1.0
8.9,1.2,1.2121392,0.07601408,0.012533901,68.03389,1.0,1.0
8.9,1.4,1.3260957,0.0422328,-0.02230066,47.575233,1.0,1.0
8.9,1.6,1.6147196,0.058225445,0.06906453,156.00775,1.0,1.0
8.9,1.8,1.7433894,0.03079763,-0.054137304,111.98842,1.0,1.0
8.9,2.0,2.0020888,0.0143841775,0.018339656,311.2557,1.0,1.0
8.9,2.2,2.3243237,-0.013200248,0.2111365,199.64331,1.0,0.1875
8.9,2.4,2.509501,0.007250428,0.1151833,157.87273,1.0,1.0
8.9,2.6,2.694271,0.050579704,-0.24835941,116.81564,1.0,0.0
8.9,2.8,2.785902,0.07560309,0.2750386,631.3737,1.0,0.0625
8.9,3.0,2.8836107,0.07609311,-0.33228686,1176.696,1.0,0.0625
8.92,0.0,0.030090569,0.023367662,-0.025197692,3.1545234,1.0,1.0
8.92,0.2,0.20285094,-0.020025529,-0.06441215,10.767497,1.0,1.0
8.92,0.4,0.38691622,0.012503958,-0.01781345,11.403421,1.0,1.0
8.92,0.6,0.60628283,0.0036325548,-0.014882486,13.200977,1.0,1.0
8.92,0.8,0.8181186,0.029800788,-0.032295894,11.760105,1.0,1.0
8.92,1.0,0.96473885,0.07616542,0.0018484542,30.7177,1.0,1.0
8.92,1.2,1.2596858,0.07956881,0.07675353,58.459114,1.0,1.0
8.92,1.4,1.340464,0.04773786,-0.029326145,65.818535,1.0,1.0
8.92,1.6,1.5519807,0.051814653,-0.044675257,135.08954,1.0,1.0
8.92,1.8,1.7833471,0.04136867,-0.074135885,109.59559,1.0,1.0
8.92,2.0,1.9668889,-0.0020864075,-0.037315875,138.55118,1.0,1.0
8.92,2.2,2.2801118,0.013539862,0.10678547,316.11316,1.0,0.9375
8.92,2.4,2.5341916,-0.008351626,0.299229,227.04874,1.0,0.0625
8.92,2.6,2.666892,0.049084008,-0.27291298,487.1197,1.0,0.0
8.92,2.8,2.7035542,0.05193954,0.20148136,734.41376,1.0,0.375
8.92,3.0,2.8200402,0.10232183,-0.13512859,817.1846,1.0,0.8125
8.94,0.0,0.030912496,0.025580253,-0.012958026,5.0082817,1.0,1.0
8.94,0.2,0.21376367,-0.029389849,-0.08521443,11.114471,1.0,1.0
8.94,0.4,0.39720845,0.02258863,-0.018282559,13.532286,1.0,1.0
8.94,0.6,0.59362155,0.0059234537,0.0033007164,16.011852,1.0,1.0
8.94,0.8,0.7974701,0.033094555,-0.0075639593,15.812107,1.0,1.0
8.94,1.0,0.98308426,0.08152857,0.005635253,46.560043,1.0,1.0
8.94,1.2,1.2909007,0.079657435,0.07714632,70.497986,1.0,1.0
8.94,1.4,1.3709216,0.049798656,0.0023158127,78.97964,1.0,1.0
8.94,1.6,1.5113297,0.040499292,-0.1294043,100.62856,1.0,1.0
8.94,1.8,1.837862,0.042169757,-0.15508018,105.21013,1.0,1.0
8.94,2.0,1.9767463,0.0017911112,-0.105944246,131.58215,1.0,1.0
8.94,2.2,2.206429,0.014756228,0.049261954,438.1117,1.0,1.0
8.94,2.4,2.4795856,0.01977037,0.17418978,388.8554,1.0,0.6875
8.94,2.6,2.585166,0.04213249,-0.12631488,777.6516,1.0,1.0
8.94,2.8,2.6879573,0.01574359,0.14172691,316.32715,1.0,0.875
8.94,3.0,2.8589568,0.100813195,0.19012602,340.8841,1.0,0.5625
8.96,0.0,0.032994352,0.029005427,-0.004225514,6.369363,1.0,1.0
8.96,0.2,0.2282921,-0.03608124,-0.1039862,11.539736,1.0,1.0
8.96,0.4,0.41700625,0.031172836,0.0047459523,14.92873,1.0,1.0
8.96,0.6,0.58163774,0.007890072,0.005062171,18.510052,1.0,1.0
8.96,0.8,0.7796137,0.035358943,0.00033940724,23.436848,1.0,1.0
8.96,1.0,1.017063,0.08674969,0.024290182,54.77971,1.0,1.0
8.96,1.2,1.2383635,0.084294945,0.029797668,68.45235,1.0,1.0
8.96,1.4,1.4173846,0.04828863,0.06317733,80.88843,1.0,1.0
8.96,1.6,1.4958119,0.034323826,-0.14233372,53.31861,1.0,1.0
8.96,1.8,1.8481485,0.04455069,-0.068116456,141.90936,1.0,1.0
8.96,2.0,2.007671,0.015053267,-0.095702946,133.0195,1.0,1.0
8.96,2.2,2.1618745,-0.008251168,-0.0033920286,263.6577,1.0,1.0
8.96,2.4,2.4055963,0.015033675,0.09190671,550.5461,1.0,1.0
8.96,2.6,2.5637417,0.048568025,0.1334607,404.65762,1.0,1.0
8.96,2.8,2.72366,0.01871606,0.10051106,206.11017,1.0,1.0
8.96,3.0,2.919355,0.082222775,0.2104747,320.05734,1.0,0.375
8.98,0.0,0.03673505,0.033245735,0.0021669548,8.06987,1.0,1.0
8.98,0.2,0.22869936,-0.029798988,-0.13445605,8.09647,1.0,1.0
8.98,0.4,0.4338568,0.03492137,0.028866401,17.427208,1.0,1.0
8.98,0.6,0.57451767,0.00989024,0.00060352014,15.146866,1.0,1.0
8.98,0.8,0.77047515,0.03826458,0.004543729,20.604261,1.0,1.0
8.98,1.0,1.0628775,0.09194319,0.08753888,41.57133,1.0,1.0
8.98,1.2,1.1891897,0.079982296,-0.050068483,57.59252,1.0,1.0
8.98,1.4,1.4643042,0.047280252,0.1254333,123.4526,1.0,1.0
8.98,1.6,1.5030469,0.036961224,-0.09028591,71.73587,1.0,1.0
8.98,1.8,1.7908812,0.023194702,0.022115996,248.98746,1.0,1.0
8.98,2.0,2.0456712,0.033544872,-0.058138747,138.97244,1.0,1.0
8.98,2.2,2.1646032,-0.008677453,-0.077322066,189.66098,1.0,1.0
8.98,2.4,2.3683596,-0.0116698705,0.03864926,299.43402,1.0,1.0
8.98,2.6,2.6075528,0.03295146,0.20893173,289.57428,1.0,0.3125
8.98,2.8,2.7775216,0.041499294,0.009140141,241.23006,1.0,1.0
8.98,3.0,2.9728289,0.07816798,0.16145465,270.34338,1.0,0.9375
9.0,0.0,0.039788254,0.03493453,-0.0007049652,9.130608,1.0,1.0
9.0,0.2,0.22588195,-0.016540263,-0.14369379,18.183006,1.0,1.0
9.0,0.4,0.42032373,0.029214513,0.013545401,13.032194,1.0,1.0
9.0,0.6,0.5738933,0.016329732,-0.012863912,14.993471,1.0,1.0
9.0,0.8,0.7708192,0.044096608,-0.0011653538,21.6501,1.0,1.0
9.0,1.0,1.0713679,0.094577655,0.052228898,60.99016,1.0,1.0
9.0,1.2,1.1587889,0.07111366,-0.106860116,54.153004,1.0,1.0
9.0,1.4,1.4290869,0.053423904,0.0430462,115.29552,1.0,1.0
9.0,1.6,1.5302536,0.04470753,-0.05675432,90.692825,1.0,1.0
9.0,1.8,1.7416904,0.02659063,0.061199803,223.84006,1.0,1.0
9.0,2.0,2.0878458,0.03852076,-0.12342937,119.78798,1.0,1.0
9.0,2.2,2.1992278,0.006841925,-0.10868107,167.51854,1.0,1.0
9.0,2.4,2.3866675,-0.008973466,-0.036695316,219.54073,1.0,1.0
9.0,2.6,2.655938,0.025351733,0.075063825,249.74838,1.0,1.0
9.0,2.8,2.814826,0.061259493,-0.061626855,222.08928,1.0,1.0
9.0,3.0,3.0000067,0.069440104,0.29115632,155.14676,1.0,0.0
9.02,0.0,0.038942363,0.030955285,0.01077239,8.441802,1.0,1.0
9.02,0.2,0.21632057,-0.009281189,-0.087840304,16.818298,1.0,1.0
9.02,0.4,0.40379763,0.024623115,-0.03437458,11.326795,1.0,1.0
9.02,0.6,0.5823333,0.025834493,-0.024910593,22.497444,1.0,1.0
9.02,0.8,0.78302383,0.05093036,-0.0107725235,34.382835,1.0,1.0
9.02,1.0,1.0252962,0.0947132,0.012911901,40.492615,1.0,1.0
9.02,1.2,1.1465929,0.06494427,-0.10242684,30.013634,1.0,1.0
9.02,1.4,1.3711601,0.051660582,-0.061478615,92.00145,1.0,1.0
9.02,1.6,1.569968,0.052651726,-0.07334662,90.05375,1.0,1.0
9.02,1.8,1.7262859,0.028734839,0.057141922,128.99484,1.0,1.0
9.02,2.0,2.1113057,0.042746462,-0.15142196,174.67899,1.0,1.0
9.02,2.2,2.2325263,0.025135133,-0.09287687,167.173,1.0,1.0
9.02,2.4,2.4328203,0.011401676,-0.093862765,197.36244,1.0,1.0
9.02,2.6,2.6861317,0.027374856,0.047317088,190.42303,1.0,1.0
9.02,2.8,2.8446507,0.06851992,-0.19175968,132.56754,1.0,0.6875
9.02,3.0,3.0130384,0.048234195,0.5734724,352.48447,1.0,0.0
9.040000000000001,0.0,0.03616596,0.025395175,0.0072185323,7.7392645,1.0,1.0
9.040000000000001,0.2,0.20980419,-0.004224012,-0.011064197,10.274057,1.0,1.0
9.040000000000001,0.4,0.39170063,0.016266173,-0.0751427,8.577366,1.0,1.0
9.040000000000001,0.6,0.60153043,0.03556431,-0.017968096,25.23948,1.0,1.0
9.040000000000001,0.8,0.8089595,0.05904126,-0.0058219973,40.87046,1.0,1.0
9.040000000000001,1.0,0.9868399,0.08669075,-0.055291023,33.641678,1.0,1.0
9.040000000000001,1.2,1.1479521,0.0619236,-0.061781853,35.599686,1.0,1.0
9.040000000000001,1.4,1.3266118,0.040774733,-0.11903324,88.658035,1.0,1.0
9.040000000000001,1.6,1.6257343,0.055162977,-0.13214096,81.9895,1.0,1.0
9.040000000000001,1.8,1.7384678,0.028649652,0.0014950328,101.60484,1.0,1.0
9.040000000000001,2.0,2.0547235,0.019545991,-0.030008346,387.62738,1.0,1.0
9.040000000000001,2.2,2.2664895,0.037543938,-0.12325578,150.29572,1.0,1.0
9.040000000000001,2.4,2.4670336,0.03170461,-0.09998888,188.83714,1.0,1.0
9.040000000000001,2.6,2.7040396,0.016967714,0.22189258,127.9249,1.0,0.25
9.040000000000001,2.8,2.816889,0.06915888,-0.2728424,543.50256,1.0,0.0
9.040000000000001,3.0,2.9375713,0.08416685,0.30416518,687.0627,1.0,0.0625
9.06,0.0,0.030630156,0.021561768,-0.006862726,9.802211,1.0,1.0
9.06,0.2,0.20403546,-0.001872357,0.02052034,7.6660757,1.0,1.0
9.06,0.4,0.3838907,0.008546806,-0.07269064,11.0798855,1.0,1.0
9.06,0.6,0.6321261,0.042798407,0.030341133,18.291365,1.0,1.0
9.06,0.8,0.84620965,0.06547798,0.039387185,31.983278,1.0,1.0
9.06,1.0,0.96447533,0.077477664,-0.1035337,37.060524,1.0,1.0
9.06,1.2,1.1625324,0.06195715,-0.030500382,44.94021,1.0,1.0
9.06,1.4,1.3049412,0.034224987,-0.1259293,47.861855,1.0,1.0
9.06,1.6,1.6527013,0.060741805,-0.0837441,94.757355,1.0,1.0
9.06,1.8,1.7692201,0.027910942,-0.040294945,113.83383,1.0,1.0
9.06,2.0,1.9912937,0.024040654,0.059983138,360.8277,1.0,1.0
9.06,2.2,2.3001654,0.034291245,-0.21544042,174.45132,1.0,0.3125
9.06,2.4,2.49642,0.04338365,-0.15512429,155.00677,1.0,0.9375
9.06,2.6,2.671602,0.01529903,0.36566222,405.47324,1.0,0.0
9.06,2.8,2.7357774,0.05661963,-0.17408821,902.56396,1.0,0.8125
9.06,3.0,2.8504765,0.07464775,0.19390348,844.2683,1.0,0.5
9.08,0.0,0.025559328,0.018867653,-0.024177814,12.6364975,1.0,1.0
9.08,0.2,0.19799536,3.687432e-05,0.009227563,6.371343,1.0,1.0
9.08,0.4,0.38119057,0.0037514642,-0.059260637,15.234633,1.0,1.0
9.08,0.6,0.6382003,0.044866737,0.03522311,26.00679,1.0,1.0
9.08,0.8,0.8644687,0.06924577,0.049078383,40.202267,1.0,1.0
9.08,1.0,0.9583298,0.07115173,-0.10027164,29.145077,1.0,1.0
9.08,1.2,1.1946096,0.06466077,-0.02612056,53.96701,1.0,1.0
9.08,1.4,1.3010768,0.02920021,-0.090543985,45.698734,1.0,1.0
9.08,1.6,1.6059216,0.043413635,0.005715169,169.47891,1.0,1.0
9.08,1.8,1.8061578,0.027837742,-0.012971776,111.59987,1.0,1.0
9.08,2.0,1.9721237,0.022016166,0.1068472,182.83487,1.0,1.0
9.08,2.2,2.2600198,0.019414388,-0.12451879,451.37402,1.0,1.0
9.08,2.4,2.4999053,0.04497936,-0.23111838,285.97202,1.0,0.1875
9.08,2.6,2.610814,0.049499705,0.16081885,656.67706,1.0,0.9375
9.08,2.8,2.7128801,0.06717154,0.102372475,493.76978,1.0,1.0
9.08,3.0,2.8253622,0.034824558,0.14693166,360.76227,1.0,0.8125
9.1,0.0,0.021456622,0.014131576,-0.04822942,6.6752553,1.0,1.0
9.1,0.2,0.19440761,0.003428435,0.0006909659,4.838311,1.0,1.0
9.1,0.4,0.38417578,-0.0019974979,-0.050224543,13.432978,1.0,1.0
9.1,0.6,0.6125214,0.040744096,-0.016375229,11.246944,1.0,1.0
9.1,0.8,0.8287835,0.0669598,0.0024398416,23.151571,1.0,1.0
9.1,1.0,0.9603629,0.067362644,-0.0621251,27.438763,1.0,1.0
9.1,1.2,1.2414136,0.06668413,-0.0738724,52.391956,1.0,1.0
9.1,1.4,1.3150322,0.03014345,-0.05495861,62.442062,1.0,1.0
9.1,1.6,1.5558796,0.045737214,0.044740804,162.71097,1.0,1.0
9.1,1.8,1.8542542,0.021208731,0.07725579,112.67323,1.0,1.0
9.1,2.0,2.0013614,0.016973555,0.06298066,160.38463,1.0,1.0
9.1,2.2,2.1948326,0.02244518,-0.0025741002,486.99304,1.0,1.0
9.1,2.4,2.4456558,0.026877241,-0.136981,642.79407,1.0,1.0
9.1,2.6,2.5376215,0.021605305,0.12266912,610.97107,1.0,1.0
9.1,2.8,2.7578812,0.0504667,0.23100092,300.65424,1.0,0.1875
9.1,3.0,2.8563457,0.03225196,0.14216062,232.03836,1.0,0.875
9.120000000000001,0.0,0.019620791,0.008172705,-0.06240213,3.9587965,1.0,1.0
9.120000000000001,0.2,0.19402109,0.009571496,0.001294347,4.1713667,1.0,1.0
9.120000000000001,0.4,0.3916897,-0.010111834,-0.051152676,13.149955,1.0,1.0
9.120000000000001,0.6,0.58966815,0.03308369,-0.07985611,8.170369,1.0,1.0
9.120000000000001,0.8,0.79617476,0.05985144,-0.0639956,19.290573,1.0,1.0
9.120000000000001,1.0,0.9738698,0.065562926,-0.032408755,31.735046,1.0,1.0
9.120000000000001,1.2,1.2921568,0.07071385,-0.12484803,74.92686,1.0,1.0
9.120000000000001,1.4,1.3472468,0.035445295,-0.050148986,75.998566,1.0,1.0
9.120000000000001,1.6,1.5302057,0.04942,0.040166155,110.64995,1.0,1.0
9.120000000000001,1.8,1.8825622,0.017173389,0.10697401,173.63658,1.0,1.0
9.120000000000001,2.0,2.0421522,0.013529106,-0.009690335,151.32462,1.0,1.0
9.120000000000001,2.2,2.1744032,0.022618106,0.09947873,263.63153,1.0,1.0
9.120000000000001,2.4,2.383856,0.036853727,0.00038600387,555.2942,1.0,1.0
9.120000000000001,2.6,2.532825,-0.005187653,0.059581373,304.65225,1.0,1.0
9.120000000000001,2.8,2.8107142,0.036249623,0.13203129,278.01447,1.0,1.0
9.120000000000001,3.0,2.9069812,0.057010926,0.062394626,250.4027,1.0,1.0
9.14,0.0,0.01937408,0.0037147908,-0.06766643,6.24127,1.0,1.0
9.14,0.2,0.19758713,0.017256914,0.00024587152,5.6110907,1.0,1.0
9.14,0.4,0.40594947,-0.018857919,-0.05981514,13.496296,1.0,1.0
9.14,0.6,0.5733294,0.025240507,-0.09212349,15.030449,1.0,1.0
9.14,0.8,0.77257156,0.051226802,-0.09707002,22.963696,1.0,1.0
9.14,1.0,1.0005246,0.06541014,-0.034233868,38.35286,1.0,1.0
9.14,1.2,1.2580614,0.065316394,-0.02871079,85.224625,1.0,1.0
9.14,1.4,1.3952692,0.03889369,-0.092194304,70.552765,1.0,1.0
9.14,1.6,1.5307256,0.049946647,-0.0030826963,68.76738,1.0,1.0
9.14,1.8,1.8215954,0.03827983,0.071461506,225.73274,1.0,1.0
9.14,2.0,2.0804753,0.011337779,-0.012787191,131.39117,1.0,1.0
9.14,2.2,2.2059915,0.014512573,0.085420296,220.97217,1.0,1.0
9.14,2.4,2.3878503,0.034170225,0.15515685,311.13617,1.0,0.9375
9.14,2.6,2.5752325,0.009073526,-0.0070583564,202.92477,1.0,1.0
9.14,2.8,2.8460472,0.035565436,0.110148005,207.02559,1.0,1.0
9.14,3.0,2.9458873,0.07937199,-0.048786115,246.91998,1.0,1.0
9.16,0.0,0.021397386,-0.0013222998,-0.07048555,7.6087055,1.0,1.0
9.16,0.2,0.20692652,0.025387721,0.0049793757,9.240342,1.0,1.0
9.16,0.4,0.4263203,-0.025294311,-0.093138315,15.3607645,1.0,1.0
9.16,0.6,0.56650996,0.020514112,-0.08501512,21.954166,1.0,1.0
9.16,0.8,0.7630998,0.046152085,-0.09712745,26.842361,1.0,1.0
9.16,1.0,1.0428712,0.065080315,-0.07731542,39.508778,1.0,1.0
9.16,1.2,1.2105751,0.061627842,0.015858278,72.5679,1.0,1.0
9.16,1.4,1.4578375,0.037858292,-0.1386494,86.411865,1.0,1.0
9.16,1.6,1.552112,0.05080129,-0.037990138,83.292984,1.0,1.0
9.16,1.8,1.753502,0.031210506,-0.018799506,201.0807,1.0,1.0
9.16,2.0,2.121395,0.002549949,0.08674876,124.08457,1.0,1.0
9.16,2.2,2.2488384,0.011819851,-0.0017121285,194.01932,1.0,1.0
9.16,2.4,2.4361403,0.020828784,0.12198645,247.51608,1.0,1.0
9.16,2.6,2.62963,0.032079972,-0.07387437,216.81357,1.0,1.0
9.16,2.8,2.8642673,0.022074237,0.3070051,135.14763,1.0,0.0625
9.16,3.0,2.968692,0.09016461,-0.18520914,172.93497,1.0,0.8125
9.18,0.0,0.025700435,-0.0063449065,-0.08074303,8.476013,1.0,1.0
9.18,0.2,0.21756175,0.03029868,0.013395563,10.723303,1.0,1.0
9.18,0.4,0.43937486,-0.023287002,-0.14041993,11.907681,1.0,1.0
9.18,0.6,0.56709623,0.016342284,-0.06130628,20.524364,1.0,1.0
9.18,0.8,0.76191187,0.041521117,-0.06966901,21.128986,1.0,1.0
9.18,1.0,1.0868117,0.06886173,-0.14257711,56.0046,1.0,1.0
9.18,1.2,1.1731607,0.062076494,0.007732751,65.15025,1.0,1.0
9.18,1.4,1.4453564,0.04302443,-0.057496764,125.2845,1.0,1.0
9.18,1.6,1.5846012,0.05370967,-0.020330442,92.449326,1.0,1.0
9.18,1.8,1.7122052,0.019402588,-0.11120114,118.37196,1.0,1.0
9.18,2.0,2.1354363,-4.6512112e-05,0.11808953,203.14957,1.0,1.0
9.18,2.2,2.2820878,0.009102389,-0.0039814096,162.78174,1.0,1.0
9.18,2.4,2.4844165,0.018723618,0.045164682,212.16473,1.0,1.0
9.18,2.6,2.6614568,0.05197578,-0.096846685,209.70111,1.0,1.0
9.18,2.8,2.835482,0.016893253,0.4510618,417.93033,1.0,0.0
9.18,3.0,2.9345539,0.0947503,-0.29607362,613.1599,1.0,0.0
9.200000000000001,0.0,0.031647652,-0.0118442485,-0.10084237,9.049778,1.0,1.0
9.200000000000001,0.2,0.21749456,0.026193932,0.029711882,12.725876,1.0,1.0
9.200000000000001,0.4,0.43378934,-0.012766614,-0.15181935,21.068758,1.0,1.0
9.200000000000001,0.6,0.57291967,0.009827236,-0.044033594,18.52663,1.0,1.0
9.200000000000001,0.8,0.76829505,0.0366845,-0.043195747,24.74878,1.0,1.0
9.200000000000001,1.0,1.0561812,0.06689777,-0.06890497,49.701237,1.0,1.0
9.200000000000001,1.2,1.1529665,0.05948592,-0.015751008,41.559986,1.0,1.0
9.200000000000001,1.4,1.3914212,0.035678994,0.034929156,115.42235,1.0,1.0
9.200000000000001,1.6,1.6304871,0.050558288,0.051725753,92.053,1.0,1.0
9.200000000000001,1.8,1.7001314,0.01468846,-0.14010526,78.55519,1.0,1.0
9.200000000000001,2.0,2.069178,0.030693118,0.041288894,330.5103,1.0,1.0
9.200000000000001,2.2,2.3163207,-0.00048145,0.10516147,147.0904,1.0,0.9375
9.200000000000001,2.4,2.5150065,0.01398227,0.08266521,166.67465,1.0,1.0
9.200000000000001,2.6,2.6951022,0.05596514,-0.23988861,120.06137,1.0,0.0625
9.200000000000001,2.8,2.776031,0.051802665,0.20183039,753.594,1.0,0.5
9.200000000000001,3.0,2.852902,0.08322383,-0.24123576,1020.8359,1.0,0.3125
9.22,0.0,0.03814414,-0.016589053,-0.12066356,9.003458,1.0,1.0
9.22,0.2,0.20903707,0.0232377,0.010064729,11.814394,1.0,1.0
9.22,0.4,0.4205186,-0.00832408,-0.08550281,21.073025,1.0,1.0
9.22,0.6,0.58713734,0.0026027393,-0.039777637,18.366186,1.0,1.0
9.22,0.8,0.7862003,0.032089304,-0.035381645,24.835827,1.0,1.0
9.22,1.0,1.0199428,0.06396265,0.0036126673,42.17968,1.0,1.0
9.22,1.2,1.1486232,0.06218806,-0.042015776,30.960518,1.0,1.0
9.22,1.4,1.3492204,0.04078154,0.04340305,105.78441,1.0,1.0
9.22,1.6,1.6817675,0.045925885,0.13731657,133.26852,1.0,1.0
9.22,1.8,1.7162108,0.02358003,-0.087766476,98.55724,1.0,1.0
9.22,2.0,1.9984498,0.013913394,0.013712178,310.20435,1.0,1.0
9.22,2.2,2.3261514,-0.0047600893,0.20336041,246.43207,1.0,0.3125
9.22,2.4,2.5499434,-0.0015437026,0.24588314,155.4146,1.0,0.1875
9.22,2.6,2.6646452,0.05248502,-0.2629965,480.26605,1.0,0.0
9.22,2.8,2.701316,0.022015981,0.14288098,688.6255,1.0,0.5625
9.22,3.0,2.8312836,0.09842826,0.05775109,575.5547,1.0,0.875
9.24,0.0,0.039188627,-0.012130324,-0.12581962,3.0102649,1.0,1.0
9.24,0.2,0.20086682,0.020733109,-0.016865164,13.126055,1.0,1.0
9.24,0.4,0.4117965,-0.0059003886,-0.005658465,13.219387,1.0,1.0
9.24,0.6,0.6113757,-0.003975615,-0.059894808,17.381935,1.0,1.0
9.24,0.8,0.81731683,0.02833422,-0.05715361,27.56269,1.0,1.0
9.24,1.0,0.988713,0.0674562,0.019596424,38.912144,1.0,1.0
9.24,1.2,1.1584978,0.067661956,-0.039748844,47.093765,1.0,1.0
9.24,1.4,1.3271918,0.0420835,0.017889082,71.851654,1.0,1.0
9.24,1.6,1.6473126,0.054793846,0.08315396,158.37418,1.0,1.0
9.24,1.8,1.74961,0.036498256,-0.05592175,114.27336,1.0,1.0
9.24,2.0,1.9633553,-0.002519833,-0.04300402,137.75401,1.0,1.0
9.24,2.2,2.2653723,0.022171939,0.08915536,406.26703,1.0,1.0
9.24,2.4,2.5074468,0.017759426,0.1914173,336.5544,1.0,0.625
9.24,2.6,2.5790157,0.046945445,-0.13245288,786.0009,1.0,1.0
9.24,2.8,2.7016015,-0.0064695925,0.08985665,314.7939,1.0,0.875
9.24,3.0,2.8829637,0.08140415,0.26125515,304.3495,1.0,0.125
9.26,0.0,0.038132094,-6.190047e-05,-0.13677493,12.421473,1.0,1.0
9.26,0.2,0.19525257,0.011685217,-0.0535781,8.347364,1.0,1.0
9.26,0.4,0.4033658,-0.0037346305,0.008081956,11.529543,1.0,1.0
9.26,0.6,0.64328736,-0.0048328284,-0.1217414,18.412878,1.0,1.0
9.26,0.8,0.85521066,0.027473763,-0.1298807,27.193895,1.0,1.0
9.26,1.0,0.96839505,0.06788519,0.016413862,39.86899,1.0,1.0
9.26,1.2,1.1837299,0.07090072,-0.010784648,61.970264,1.0,1.0
9.26,1.4,1.3247248,0.042306866,-0.02304501,46.80995,1.0,1.0
9.26,1.6,1.5791686,0.057728443,-0.022949586,141.3503,1.0,1.0
9.26,1.8,1.791892,0.045205865,-0.092012905,107.069786,1.0,1.0
9.26,2.0,1.9731829,0.0015801964,-0.11093502,131.59981,1.0,1.0
9.26,2.2,2.193994,0.007000244,0.05682398,404.94376,1.0,1.0
9.26,2.4,2.4280593,0.03328299,0.06871101,555.3871,1.0,0.9375
9.26,2.6,2.5604591,0.05368963,0.12498107,410.4197,1.0,1.0
9.26,2.8,2.7449415,0.0056604743,0.041843228,203.4359,1.0,1.0
9.26,3.0,2.941521,0.06364074,0.19830023,307.36868,1.0,0.4375
9.28,0.0,0.03556305,0.011149634,-0.124697626,12.7666,1.0,1.0
9.28,0.2,0.19253132,0.0021001925,-0.054423925,5.870289,1.0,1.0
9.28,0.4,0.39501685,-0.0015796227,-0.0074472902,11.257108,1.0,1.0
9.28,0.6,0.645639,0.0006915629,-0.17276898,27.465485,1.0,1.0
9.28,0.8,0.853518,0.030611187,-0.12671234,38.85389,1.0,1.0
9.28,1.0,0.96079534,0.070723,0.006438885,25.336689,1.0,1.0
9.28,1.2,1.2254527,0.07303786,0.03985441,63.957268,1.0,1.0
9.28,1.4,1.3389348,0.047847558,-0.029365793,65.419,1.0,1.0
9.28,1.6,1.5285954,0.04869006,-0.11347322,121.305756,1.0,1.0
9.28,1.8,1.8485837,0.045280714,-0.16238505,107.07474,1.0,1.0
9.28,2.0,2.0038095,0.015152823,-0.09948951,133.80609,1.0,1.0
9.28,2.2,2.1646447,-0.011914342,-0.005003643,215.1129,1.0,1.0
9.28,2.4,2.3691611,0.0058804154,0.025064234,378.34567,1.0,1.0
9.28,2.6,2.6044796,0.038561456,0.19746494,294.37073,1.0,0.5
9.28,2.8,2.8000944,0.0306843,-0.044584513,244.40569,1.0,1.0
9.28,3.0,2.9828606,0.060119174,0.1790303,226.13995,1.0,0.6875
9.3,0.0,0.031420033,0.016589735,-0.09216684,10.939817,1.0,1.0
9.3,0.2,0.19237381,-0.004959794,-0.050869778,8.21969,1.0,1.0
9.3,0.4,0.3887866,0.0020361943,-0.015468571,10.4617,1.0,1.0
9.3,0.6,0.6266146,0.0060587097,-0.11564788,17.67312,1.0,1.0
9.3,0.8,0.8270936,0.03320361,-0.05935779,15.057324,1.0,1.0
9.3,1.0,0.9651693,0.07602127,0.0018084521,30.786514,1.0,1.0
9.3,1.2,1.2721925,0.074355744,0.11029568,78.93289,1.0,1.0
9.3,1.4,1.369283,0.050106186,0.0027715452,78.457184,1.0,1.0
9.3,1.6,1.502824,0.038546607,-0.14038795,59.402344,1.0,1.0
9.3,1.8,1.8394966,0.041144125,-0.045912933,182.16116,1.0,1.0
9.3,2.0,2.0414863,0.03398015,-0.0611474,140.10995,1.0,1.0
9.3,2.2,2.182237,-0.005522553,-0.08402777,172.9913,1.0,1.0
9.3,2.4,2.3687868,-0.0010777041,-0.039514378,246.97537,1.0,1.0
9.3,2.6,2.651628,0.03157661,0.06494598,255.35736,1.0,1.0
9.3,2.8,2.8344471,0.050019898,-0.09609148,221.0886,1.0,1.0
9.3,3.0,3.0024333,0.04451087,0.39608938,151.13614,1.0,0.0
9.32,0.0,0.03096879,0.019868653,-0.052462425,5.3996086,1.0,1.0
9.32,0.2,0.1960267,-0.011369195,-0.052700974,9.689211,1.0,1.0
9.32,0.4,0.38646364,0.009500001,-0.017916966,9.205534,1.0,1.0
9.32,0.6,0.61251974,0.008130332,-0.028028654,10.37192,1.0,1.0
9.32,0.8,0.80581284,0.033489324,-0.011827835,13.47377,1.0,1.0
9.32,1.0,0.9835608,0.08147803,0.0056105396,46.665306,1.0,1.0
9.32,1.2,1.243733,0.07894398,0.04387725,74.18165,1.0,1.0
9.32,1.4,1.4157698,0.048716113,0.06434454,80.25331,1.0,1.0
9.32,1.6,1.5030961,0.038293272,-0.08902663,65.3891,1.0,1.0
9.32,1.8,1.7765818,0.024401382,0.035073876,248.33075,1.0,1.0
9.32,2.0,2.0834992,0.039118417,-0.12471902,121.07545,1.0,1.0
9.32,2.2,2.2194543,0.011259228,-0.091352776,169.26352,1.0,1.0
9.32,2.4,2.4072635,0.01833576,-0.10408208,187.3483,1.0,1.0
9.32,2.6,2.6803308,0.033770524,0.041748255,193.74695,1.0,1.0
9.32,2.8,2.8665652,0.053133458,-0.23822674,161.35739,1.0,0.4375
9.32,3.0,2.962849,0.03907731,0.5478302,478.4453,1.0,0.0
9.34,0.0,0.030749507,0.022030205,-0.03496591,2.8231306,1.0,1.0
9.34,0.2,0.20309402,-0.0195271,-0.06468478,10.716122,1.0,1.0
9.34,0.4,0.39056316,0.019702137,-0.021097153,11.948486,1.0,1.0
9.34,0.6,0.5985775,0.010636713,-0.0033584414,14.259481,1.0,1.0
9.34,0.8,0.7854774,0.035662655,-0.0026378138,18.714819,1.0,1.0
9.34,1.0,1.0176017,0.086780086,0.024422845,54.86157,1.0,1.0
9.34,1.2,1.1915864,0.07658697,-0.03238465,63.98614,1.0,1.0
9.34,1.4,1.4626038,0.047967218,0.12590219,121.157074,1.0,1.0
9.34,1.6,1.5243584,0.043985274,-0.043985084,85.083015,1.0,1.0
9.34,1.8,1.7348645,0.027159013,0.058056697,189.98029,1.0,1.0
9.34,2.0,2.1082292,0.04356798,-0.15528503,171.242,1.0,1.0
9.34,2.2,2.2526622,0.028775735,-0.07347841,163.62598,1.0,1.0
9.34,2.4,2.4452062,0.041612875,-0.11197747,194.89989,1.0,1.0
9.34,2.6,2.6981025,0.023252428,0.21761222,127.02525,1.0,0.25
9.34,2.8,2.8292327,0.04877848,-0.2954719,660.2204,1.0,0.0
9.34,3.0,2.9025533,0.07665393,0.24731778,831.2306,1.0,0.3125
9.36,0.0,0.029936692,0.023334555,-0.025213169,3.0975642,1.0,1.0
9.36,0.2,0.21394935,-0.028807692,-0.08527201,11.121298,1.0,1.0
9.36,0.4,0.40397078,0.030344617,-0.015226989,14.33065,1.0,1.0
9.36,0.6,0.5851853,0.013615515,0.00028527377,17.65411,1.0,1.0
9.36,0.8,0.77042603,0.037422,0.0054830704,23.621443,1.0,1.0
9.36,1.0,1.0634776,0.0920645,0.087792665,41.581604,1.0,1.0
9.36,1.2,1.1516385,0.0661414,-0.09115797,61.039772,1.0,1.0
9.36,1.4,1.4287939,0.054274883,0.04354554,115.3743,1.0,1.0
9.36,1.6,1.5605131,0.052858762,-0.052020397,92.64339,1.0,1.0
9.36,1.8,1.7255578,0.02897165,0.030971084,112.528824,1.0,1.0
9.36,2.0,2.0534801,0.020085216,-0.032426164,379.11072,1.0,1.0
9.36,2.2,2.2897153,0.03404233,-0.15012844,136.93599,1.0,0.875
9.36,2.4,2.4721217,0.05885788,-0.12551671,176.74606,1.0,1.0
9.36,2.6,2.6698363,0.019442089,0.3570987,415.12485,1.0,0.0
9.36,2.8,2.736977,0.05149378,-0.17301401,889.19635,1.0,0.625
9.36,3.0,2.824995,0.04283027,0.17773499,755.1631,1.0,0.5
9.38,0.0,0.030759985,0.025535794,-0.013057925,4.999881,1.0,1.0
9.38,0.2,0.22843283,-0.035536297,-0.10484662,10.815159,1.0,1.0
9.38,0.4,0.4258462,0.038681407,0.018250044,14.305923,1.0,1.0
9.38,0.6,0.57679814,0.015997425,-0.0024092477,16.381018,1.0,1.0
9.38,0.8,0.7645615,0.040942438,0.008501301,19.08209,1.0,1.0
9.38,1.0,1.0721766,0.094848074,0.05273828,60.902733,1.0,1.0
9.38,1.2,1.131447,0.059973292,-0.116531804,43.931713,1.0,1.0
9.38,1.4,1.3711456,0.053436033,-0.061648678,93.48036,1.0,1.0
9.38,1.6,1.6115425,0.056101363,-0.1017918,84.88051,1.0,1.0
9.38,1.8,1.7410786,0.02982254,-0.03129159,101.93652,1.0,1.0
9.38,2.0,1.9906769,0.024509268,0.05943972,357.59152,1.0,1.0
9.38,2.2,2.296331,0.03204723,-0.1699528,254.19525,1.0,0.75
9.38,2.4,2.4990225,0.059689276,-0.23710513,185.65408,1.0,0.1875
9.38,2.6,2.6101012,0.053915724,0.15694529,647.66235,1.0,1.0
9.38,2.8,2.7340753,0.059438683,0.14753267,432.58765,1.0,0.875
9.38,3.0,2.8298643,0.011956569,0.14725989,308.45233,1.0,0.625
9.4,0.0,0.03285081,0.02894235,-0.004293693,6.3714805,1.0,1.0
9.4,0.2,0.22939448,-0.029054895,-0.13411754,7.9482145,1.0,1.0
9.4,0.4,0.4322082,0.03739696,0.029686343,15.001802,1.0,1.0
9.4,0.6,0.57503897,0.021993902,-0.0122667635,14.281539,1.0,1.0
9.4,0.8,0.7680346,0.047456175,-0.0014710769,25.553303,1.0,1.0
9.4,1.0,1.0260296,0.09512724,0.013805402,40.804806,1.0,1.0
9.4,1.2,1.12789,0.055157907,-0.09359109,34.564682,1.0,1.0
9.4,1.4,1.3269091,0.042459153,-0.11896967,90.20111,1.0,1.0
9.4,1.6,1.6637971,0.060736675,-0.13277027,109.459236,1.0,1.0
9.4,1.8,1.7722805,0.029736197,-0.056445498,114.971405,1.0,1.0
9.4,2.0,1.9712924,0.022623543,0.10601708,180.06921,1.0,1.0
9.4,2.2,2.2387335,0.014673275,-0.07118283,521.7689,1.0,1.0
9.4,2.4,2.4601722,0.046171658,-0.18081932,518.7098,1.0,0.6875
9.4,2.6,2.5346112,0.025926262,0.12914497,610.50995,1.0,1.0
9.4,2.8,2.7823818,0.04082367,0.23160234,297.0111,1.0,0.25
9.4,3.0,2.8754678,0.020931408,0.116226375,212.48338,1.0,0.6875
9.42,0.0,0.03660591,0.033167627,0.0021452,8.0969095,1.0,1.0
9.42,0.2,0.22665548,-0.015742373,-0.14367065,18.226957,1.0,1.0
9.42,0.4,0.4154377,0.030596575,0.00038068183,14.4643345,1.0,1.0
9.42,0.6,0.5817023,0.03149431,-0.024192492,22.04467,1.0,1.0
9.42,0.8,0.784863,0.05471201,-0.013196795,37.638115,1.0,1.0
9.42,1.0,0.9874762,0.08710593,-0.054160655,33.83347,1.0,1.0
9.42,1.2,1.1370692,0.054229178,-0.057154037,43.340275,1.0,1.0
9.42,1.4,1.30552,0.035533078,-0.12579,48.95604,1.0,1.0
9.42,1.6,1.6313596,0.048925832,-0.027016398,177.6038,1.0,1.0
9.42,1.8,1.8097335,0.029789947,-0.005741196,107.99347,1.0,1.0
9.42,2.0,2.0002012,0.017701428,0.06305305,158.21762,1.0,1.0
9.42,2.2,2.183289,0.02040685,0.034558248,414.78253,1.0,1.0
9.42,2.4,2.3922262,0.05232262,-0.05338288,622.3644,1.0,1.0
9.42,2.6,2.5296412,-0.0019491091,0.070020825,300.85092,1.0,1.0
9.42,2.8,2.8330371,0.031320125,0.12257918,279.65714,1.0,0.9375
9.42,3.0,2.9320533,0.046249773,0.023131687,263.55566,1.0,1.0
9.44,0.0,0.039720215,0.034928177,-0.0005817425,9.134184,1.0,1.0
9.44,0.2,0.21712768,-0.008530065,-0.087842986,16.935688,1.0,1.0
9.44,0.4,0.39908332,0.022959564,-0.058805794,9.852833,1.0,1.0
9.44,0.6,0.59937584,0.041774724,-0.02133152,25.980297,1.0,1.0
9.44,0.8,0.8151758,0.062547624,0.00126082,39.80756,1.0,1.0
9.44,1.0,0.96505165,0.07779959,-0.10268535,36.949272,1.0,1.0
9.44,1.2,1.1634322,0.057036374,-0.038313217,54.664825,1.0,1.0
9.44,1.4,1.301848,0.030425029,-0.089913175,45.134235,1.0,1.0
9.44,1.6,1.5720335,0.04539494,0.03324696,166.89244,1.0,1.0
9.44,1.8,1.8607082,0.021317009,0.10696973,116.69327,1.0,1.0
9.44,2.0,2.0410056,0.014383272,-0.009966787,152.08063,1.0,1.0
9.44,2.2,2.1806269,0.017335111,0.10235346,244.29532,1.0,1.0
9.44,2.4,2.3771489,0.054454833,0.12566668,336.30353,1.0,1.0
9.44,2.6,2.571955,0.011498854,0.0013443837,203.46246,1.0,1.0
9.44,2.8,2.8630571,0.030454405,0.12762374,189.99875,1.0,1.0
9.44,3.0,2.9700074,0.065993205,-0.06774704,221.41873,1.0,0.9375
9.46,0.0,0.03889478,0.030973496,0.010861221,8.450573,1.0,1.0
9.46,0.2,0.21062386,-0.0035630004,-0.011499263,10.333625,1.0,1.0
9.46,0.4,0.38770908,0.013999055,-0.079791024,8.206756,1.0,1.0
9.46,0.6,0.62875515,0.049696505,0.017717816,20.813198,1.0,1.0
9.46,0.8,0.854348,0.06866838,0.060676362,26.754993,1.0,1.0
9.46,1.0,0.9588899,0.07136457,-0.0997355,28.884413,1.0,1.0
9.46,1.2,1.2036309,0.060357943,-0.06575714,55.509167,1.0,1.0
9.46,1.4,1.3159325,0.03132823,-0.0549007,61.91654,1.0,1.0
9.46,1.6,1.5361078,0.046889335,0.042228635,128.36029,1.0,1.0
9.46,1.8,1.8681144,0.024347695,0.07582318,155.9206,1.0,1.0
9.46,2.0,2.079535,0.012306282,-0.013764322,131.72043,1.0,1.0
9.46,2.2,2.2204773,0.010617611,0.05325778,209.3435,1.0,1.0
9.46,2.4,2.418869,0.04080029,0.14536683,264.28162,1.0,0.9375
9.46,2.6,2.626172,0.03402774,-0.068910904,216.1748,1.0,1.0
9.46,2.8,2.881998,0.014042467,0.34325,136.41013,1.0,0.0
9.46,3.0,2.9883306,0.07271443,-0.21277255,257.84814,1.0,0.5
9.48,0.0,0.036142044,0.025417875,0.00731492,7.7395697,1.0,1.0
9.48,0.2,0.20486042,-0.0012769587,0.0201337,7.6816816,1.0,1.0
9.48,0.4,0.380682,0.0075850748,-0.06995233,12.730669,1.0,1.0
9.48,0.6,0.64681005,0.05384486,0.043834712,28.279327,1.0,1.0
9.48,0.8,0.8484695,0.06948364,0.038285628,36.099808,1.0,1.0
9.48,1.0,0.96093905,0.06750644,-0.061657473,27.330536,1.0,1.0
9.48,1.2,1.2587652,0.062282998,-0.14155334,50.874176,1.0,1.0
9.48,1.4,1.3481687,0.036538273,-0.050379127,75.67437,1.0,1.0
9.48,1.6,1.5252984,0.046774566,0.0052072145,70.94287,1.0,1.0
9.48,1.8,1.7996542,0.043162175,0.037408683,225.16736,1.0,1.0
9.48,2.0,2.1205947,0.0036669932,0.08597304,121.6926,1.0,1.0
9.48,2.2,2.2616296,0.0075228447,-0.0067501515,182.86295,1.0,1.0
9.48,2.4,2.4685826,0.03670789,0.04727781,226.23882,1.0,1.0
9.48,2.6,2.6580293,0.053853422,-0.0947423,207.06084,1.0,1.0
9.48,2.8,2.830288,0.019655444,0.36809516,429.12915,1.0,0.0
9.48,3.0,2.9456186,0.06778063,-0.28725997,886.70374,1.0,0.125
9.5,0.0,0.030639755,0.02157966,-0.0067532323,9.787909,1.0,1.0
9.5,0.2,0.19884695,0.0006206115,0.008811432,6.3849096,1.0,1.0
9.5,0.4,0.37921458,0.0031189928,-0.057991862,14.907681,1.0,1.0
9.5,0.6,0.6232715,0.049751766,0.0104501005,14.655842,1.0,1.0
9.5,0.8,0.8108424,0.06456164,-0.02781336,18.339294,1.0,1.0
9.5,1.0,0.97451925,0.065705925,-0.03201463,31.895763,1.0,1.0
9.5,1.2,1.264811,0.06687609,-0.058596063,83.25125,1.0,1.0
9.5,1.4,1.3962178,0.039836533,-0.09218706,70.57799,1.0,1.0
9.5,1.6,1.5379419,0.04762657,-0.050317813,78.42618,1.0,1.0
9.5,1.8,1.7387667,0.03120693,-0.042482108,203.51239,1.0,1.0
9.5,2.0,2.1363757,0.0014895219,0.12789285,203.9304,1.0,1.0
9.5,2.2,2.2943447,0.0027326364,0.03419554,150.18011,1.0,1.0
9.5,2.4,2.5003676,0.034601614,0.043522097,177.7513,1.0,1.0
9.5,2.6,2.691554,0.058401212,-0.24160007,115.92951,1.0,0.0625
9.5,2.8,2.7690206,0.050379343,0.11641145,812.3093,1.0,0.875
9.5,3.0,2.84808,0.070458665,-0.18937245,953.16046,1.0,0.5
9.52,0.0,0.0256036,0.018887984,-0.024035338,12.609718,1.0,1.0
9.52,0.2,0.19530207,0.004023043,0.0005164805,4.7588673,1.0,1.0
9.52,0.4,0.3836716,-0.003766899,-0.04938899,13.090096,1.0,1.0
9.52,0.6,0.59887314,0.042154834,-0.06029556,6.9532685,1.0,1.0
9.52,0.8,0.7809842,0.057726774,-0.089392915,17.798225,1.0,1.0
9.52,1.0,1.0012633,0.065586574,-0.03397894,38.49355,1.0,1.0
9.52,1.2,1.2210665,0.058020994,0.012294471,77.30073,1.0,1.0
9.52,1.4,1.4593124,0.039619554,-0.15320913,90.49997,1.0,1.0
9.52,1.6,1.5655661,0.050810758,-0.053784356,96.768005,1.0,1.0
9.52,1.8,1.7074156,0.018613499,-0.118569486,102.26938,1.0,1.0
9.52,2.0,2.0712948,0.030606046,0.04427603,331.68146,1.0,1.0
9.52,2.2,2.332507,-0.011766059,0.18304883,158.809,1.0,0.5
9.52,2.4,2.5292263,0.023222534,0.18487436,139.0226,1.0,0.6875
9.52,2.6,2.6652625,0.056567438,-0.26010495,493.4052,1.0,0.0
9.52,2.8,2.7001252,0.018645197,0.061325803,602.7829,1.0,0.875
9.52,3.0,2.8559809,0.07732475,0.16933379,427.2352,1.0,0.8125
9.540000000000001,0.0,0.021517027,0.0141769955,-0.04808392,6.67327,1.0,1.0
9.540000000000001,0.2,0.1948947,0.010189806,0.0014325368,4.088858,1.0,1.0
9.540000000000001,0.4,0.3924127,-0.012735247,-0.051668525,12.592552,1.0,1.0
9.540000000000001,0.6,0.5802674,0.03403118,-0.08434388,12.87752,1.0,1.0
9.540000000000001,0.8,0.7636737,0.05059155,-0.10488979,26.594585,1.0,1.0
9.540000000000001,1.0,1.0436764,0.0652985,-0.07725477,39.626007,1.0,1.0
9.540000000000001,1.2,1.1839641,0.060470894,0.040405944,68.27989,1.0,1.0
9.540000000000001,1.4,1.4467561,0.04319785,-0.050538406,128.93971,1.0,1.0
9.540000000000001,1.6,1.6055008,0.051000748,0.00082584936,95.025696,1.0,1.0
9.540000000000001,1.8,1.7053497,0.01583785,-0.12632698,86.361664,1.0,1.0
9.540000000000001,2.0,2.0001404,0.014349818,0.017651211,310.13104,1.0,1.0
9.540000000000001,2.2,2.3075194,0.0021851575,0.15732199,276.70813,1.0,0.625
9.540000000000001,2.4,2.5150518,0.023274863,0.2742046,330.17752,1.0,0.125
9.540000000000001,2.6,2.5831997,0.048798002,-0.11920859,777.62854,1.0,1.0
9.540000000000001,2.8,2.7120285,-0.0012303442,0.019333646,307.80396,1.0,1.0
9.540000000000001,3.0,2.908757,0.055592958,0.2607416,300.34622,1.0,0.125
9.56,0.0,0.019666798,0.008232182,-0.06210361,3.9759374,1.0,1.0
9.56,0.2,0.19837333,0.017939508,-1.6736041e-05,5.583637,1.0,1.0
9.56,0.4,0.40855768,-0.021116199,-0.06670867,13.457522,1.0,1.0
9.56,0.6,0.5711074,0.028844008,-0.08252005,21.083128,1.0,1.0
9.56,0.8,0.7587743,0.04711216,-0.091490254,26.457542,1.0,1.0
9.56,1.0,1.0875782,0.069166504,-0.14238012,55.488495,1.0,1.0
9.56,1.2,1.1607382,0.060948387,0.03356976,65.466194,1.0,1.0
9.56,1.4,1.3924744,0.03551292,0.040275317,116.76709,1.0,1.0
9.56,1.6,1.660048,0.045878235,0.098555505,98.73189,1.0,1.0
9.56,1.8,1.728749,0.026005551,-0.07081267,101.94455,1.0,1.0
9.56,2.0,1.9648051,-0.001987136,-0.038314477,137.75598,1.0,1.0
9.56,2.2,2.235641,0.018475093,0.06283572,447.7593,1.0,1.0
9.56,2.4,2.452794,0.05150644,0.12196222,526.341,1.0,1.0
9.56,2.6,2.5618715,0.054387312,0.1392961,405.18195,1.0,1.0
9.56,2.8,2.7585218,0.019146249,-0.026316335,210.88507,1.0,1.0
9.56,3.0,2.964532,0.04307531,0.1764479,290.02994,1.0,0.8125
9.58,0.0,0.019404221,0.0037968003,-0.06730313,6.226246,1.0,1.0
9.58,0.2,0.20764476,0.026062753,0.0048467964,9.245092,1.0,1.0
9.58,0.4,0.430507,-0.026740965,-0.106890514,15.5401325,1.0,1.0
9.58,0.6,0.56990385,0.025207957,-0.06263009,20.882912,1.0,1.0
9.58,0.8,0.76077247,0.042601347,-0.058892697,22.564476,1.0,1.0
9.58,1.0,1.0567217,0.067147516,-0.06812364,49.10768,1.0,1.0
9.58,1.2,1.152847,0.06123854,0.007452044,38.280167,1.0,1.0
9.58,1.4,1.350271,0.04020985,0.047642186,108.0014,1.0,1.0
9.58,1.6,1.6663294,0.04792876,0.0542295,142.42828,1.0,1.0
9.58,1.8,1.7667743,0.038975224,-0.05350925,114.11268,1.0,1.0
9.58,2.0,1.9744079,0.0019165277,-0.10612637,131.29132,1.0,1.0
9.58,2.2,2.1750407,-0.0040804106,0.022287842,337.41953,1.0,1.0
9.58,2.4,2.3805366,0.028839106,0.098389864,483.93463,1.0,1.0
9.58,2.6,2.6054692,0.037783034,0.21643034,290.01862,1.0,0.25
9.58,2.8,2.8105516,0.04635071,-0.099763945,243.26514,1.0,1.0
9.58,3.0,2.9966223,0.03780158,0.21263796,189.92654,1.0,0.5
9.6,0.0,0.021413095,-0.0012283239,-0.07018933,7.5927477,1.0,1.0
9.6,0.2,0.21772711,0.031345144,0.016378678,10.667211,1.0,1.0
9.6,0.4,0.43828616,-0.020765148,-0.15489897,13.160448,1.0,1.0
9.6,0.6,0.573853,0.01937905,-0.043985896,17.942562,1.0,1.0
9.6,0.8,0.7697903,0.038219236,-0.036735546,23.69105,1.0,1.0
9.6,1.0,1.0202842,0.064094365,0.004699411,42.38795,1.0,1.0
9.6,1.2,1.1584468,0.06624878,-0.005547793,40.477203,1.0,1.0
9.6,1.4,1.3282696,0.041390777,0.02273737,72.8893,1.0,1.0
9.6,1.6,1.5992389,0.060936134,0.011080982,149.90192,1.0,1.0
9.6,1.8,1.8130302,0.045163892,-0.10644107,105.140564,1.0,1.0
9.6,2.0,2.0051012,0.015251765,-0.09533619,133.27032,1.0,1.0
9.6,2.2,2.161664,-0.014047943,-0.044414412,204.70428,1.0,1.0
9.6,2.4,2.3648705,0.0069725104,0.037175886,264.7917,1.0,1.0
9.6,2.6,2.6538637,0.029276334,0.08283926,249.00012,1.0,1.0
9.6,2.8,2.8397489,0.06655433,-0.13872617,213.73203,1.0,1.0
9.6,3.0,3.016374,0.016802303,0.4806032,199.23686,1.0,0.0
9.620000000000001,0.0,0.025703304,-0.0062361793,-0.08050679,8.426099,1.0,1.0
9.620000000000001,0.2,0.21756144,0.027020108,0.034467664,12.300129,1.0,1.0
9.620000000000001,0.4,0.4277833,-0.010539685,-0.12540957,20.753101,1.0,1.0
9.620000000000001,0.6,0.58542705,0.011964621,-0.03655947,18.080288,1.0,1.0
9.620000000000001,0.8,0.7910898,0.03313323,-0.034924388,23.677511,1.0,1.0
9.620000000000001,1.0,0.9888971,0.06746994,0.020308077,39.149673,1.0,1.0
9.620000000000001,1.2,1.178355,0.0706725,-0.0004005622,55.48088,1.0,1.0
9.620000000000001,1.4,1.325901,0.041688748,-0.018392872,47.50133,1.0,1.0
9.620000000000001,1.6,1.5432942,0.052235264,-0.08154832,138.43791,1.0,1.0
9.620000000000001,1.8,1.8670602,0.046655644,-0.16022044,132.14511,1.0,1.0
9.620000000000001,2.0,2.0429907,0.033817545,-0.057182774,139.331,1.0,1.0
9.620000000000001,2.2,2.1899683,-0.0017642216,-0.10353638,165.82988,1.0,1.0
9.620000000000001,2.4,2.3972135,0.017475275,-0.041995738,193.35208,1.0,1.0
9.620000000000001,2.6,2.6838322,0.03041514,0.053735692,189.94247,1.0,1.0
9.620000000000001,2.8,2.8635287,0.06970116,-0.2838542,241.84546,1.0,0.0625
9.620000000000001,3.0,2.9437778,0.03828659,0.36713675,508.8732,1.0,0.0
9.64,0.0,0.03164719,-0.011719731,-0.10072231,9.065044,1.0,1.0
9.64,0.2,0.20902078,0.02450663,0.01282969,11.83153,1.0,1.0
9.64,0.4,0.41579846,-0.007582687,-0.05489256,18.7089,1.0,1.0
9.64,0.6,0.60726595,0.005231142,-0.04919521,18.368446,1.0,1.0
9.64,0.8,0.8239534,0.029428702,-0.07013406,26.611336,1.0,1.0
9.64,1.0,0.9685209,0.06779896,0.016778516,39.896275,1.0,1.0
9.64,1.2,1.2146142,0.07256671,0.029975558,67.05626,1.0,1.0
9.64,1.4,1.3401519,0.04726371,-0.026092697,65.544815,1.0,1.0
9.64,1.6,1.5117592,0.039168935,-0.13228068,83.617516,1.0,1.0
9.64,1.8,1.8366735,0.032474607,-0.04553872,231.68933,1.0,1.0
9.64,2.0,2.0852315,0.03885478,-0.121547975,120.13316,1.0,1.0
9.64,2.2,2.2251155,0.016003273,-0.094246104,168.38486,1.0,1.0
9.64,2.4,2.4427528,0.0378036,-0.072121,195.28374,1.0,1.0
9.64,2.6,2.701698,0.019272782,0.22811526,129.22269,1.0,0.0625
9.64,2.8,2.8149,0.0592942,-0.30451146,782.24475,1.0,0.0
9.64,3.0,2.8775823,0.056273676,0.116752684,910.2593,1.0,0.875
9.66,0.0,0.03814674,-0.01646825,-0.12073125,9.012072,1.0,1.0
9.66,0.2,0.20075618,0.021902619,-0.015844304,13.028545,1.0,1.0
9.66,0.4,0.40816784,-0.0060317144,0.007730834,12.773294,1.0,1.0
9.66,0.6,0.6364032,0.002101699,-0.10478678,18.026302,1.0,1.0
9.66,0.8,0.8641496,0.028571919,-0.11766331,32.813152,1.0,1.0
9.66,1.0,0.9609414,0.07055738,0.006334137,25.323765,1.0,1.0
9.66,1.2,1.2631644,0.07620303,0.0932431,54.669205,1.0,1.0
9.66,1.4,1.370528,0.049365863,0.0049472535,78.91054,1.0,1.0
9.66,1.6,1.5066168,0.03609268,-0.10878936,61.015625,1.0,1.0
9.66,1.8,1.7722642,0.026240813,0.026675805,242.09256,1.0,1.0
9.66,2.0,2.1096697,0.04320463,-0.15164143,174.51135,1.0,1.0
9.66,2.2,2.2586236,0.032314546,-0.09056079,158.98337,1.0,1.0
9.66,2.4,2.4728446,0.05574301,-0.07894955,181.1225,1.0,1.0
9.66,2.6,2.6697168,0.01693169,0.36863285,406.27173,1.0,0.0
9.66,2.8,2.7247286,0.07509874,-0.17895639,884.54626,1.0,0.6875
9.66,3.0,2.8238087,0.01895753,0.044402387,533.4242,1.0,1.0
9.68,0.0,0.03930346,-0.012027563,-0.12575462,3.039086,1.0,1.0
9.68,0.2,0.19499817,0.012500377,-0.05298633,8.370642,1.0,1.0
9.68,0.4,0.40014327,-0.0041937623,0.008089313,11.501854,1.0,1.0
9.68,0.6,0.6484841,0.0056474246,-0.1591618,27.060905,1.0,1.0
9.68,0.8,0.84617543,0.03288012,-0.124801606,32.37071,1.0,1.0
9.68,1.0,0.9653512,0.0758077,0.0013077656,30.803484,1.0,1.0
9.68,1.2,1.282356,0.07667126,0.054576963,73.25577,1.0,1.0
9.68,1.4,1.4168497,0.047813937,0.06429689,80.879776,1.0,1.0
9.68,1.6,1.5224333,0.040749352,-0.05744618,76.85304,1.0,1.0
9.68,1.8,1.7374793,0.02722989,0.045263123,157.37622,1.0,1.0
9.68,2.0,2.0541966,0.019938003,-0.029857066,383.91544,1.0,1.0
9.68,2.2,2.298761,0.030625485,-0.2037499,138.68277,1.0,0.5
9.68,2.4,2.5069888,0.05958171,-0.19110134,134.79617,1.0,0.6875
9.68,2.6,2.6078386,0.051207088,0.158708,690.166,1.0,0.9375
9.68,2.8,2.736483,0.08236558,0.1516467,397.23553,1.0,0.9375
9.68,3.0,2.8485072,0.006492026,0.029328916,284.3746,1.0,1.0
9.700000000000001,0.0,0.038278904,3.855012e-05,-0.136722,12.347081,1.0,1.0
9.700000000000001,0.2,0.1922163,0.0027895174,-0.053707138,5.7934575,1.0,1.0
9.700000000000001,0.4,0.39252347,-0.0020900648,-0.008198061,11.206435,1.0,1.0
9.700000000000001,0.6,0.6299445,0.011851495,-0.12799034,20.044762,1.0,1.0
9.700000000000001,0.8,0.8224518,0.03444892,-0.044715963,13.277524,1.0,1.0
9.700000000000001,1.0,0.98377144,0.0811961,0.0048326813,46.75174,1.0,1.0
9.700000000000001,1.2,1.2287977,0.08062376,0.0017655519,66.25765,1.0,1.0
9.700000000000001,1.4,1.4638002,0.046906315,0.12641273,123.796684,1.0,1.0
9.700000000000001,1.6,1.5556862,0.05003236,-0.04453715,92.40971,1.0,1.0
9.700000000000001,1.8,1.7344189,0.02685327,0.0075874086,99.13878,1.0,1.0
9.700000000000001,2.0,1.9910179,0.024379399,0.060628243,360.5946,1.0,1.0
9.700000000000001,2.2,2.278572,0.023094326,-0.14708376,341.58905,1.0,0.9375
9.700000000000001,2.4,2.486069,0.052561752,-0.19204518,385.7672,1.0,0.5625
9.700000000000001,2.6,2.534718,0.021755911,0.12692836,609.0667,1.0,0.9375
9.700000000000001,2.8,2.7903197,0.0646505,0.21790709,296.3637,1.0,0.25
9.700000000000001,3.0,2.8984303,0.031375837,-0.0141204875,238.65744,1.0,1.0
9.72,0.0,0.035723235,0.011267759,-0.124752164,12.800999,1.0,1.0
9.72,0.2,0.19205427,-0.0043781362,-0.050191514,8.249746,1.0,1.0
9.72,0.4,0.3873205,0.0018600514,-0.013764363,9.823557,1.0,1.0
9.72,0.6,0.6148589,0.013916263,-0.037517317,10.1618805,1.0,1.0
9.72,0.8,0.8023237,0.037432253,-0.015257396,14.844078,1.0,1.0
9.72,1.0,1.0178354,0.08644278,0.023893265,54.941597,1.0,1.0
9.72,1.2,1.1821761,0.07365609,-0.06963258,58.71013,1.0,1.0
9.72,1.4,1.4296546,0.053350616,0.042100493,115.36549,1.0,1.0
9.72,1.6,1.6014869,0.055595264,-0.07905155,88.16108,1.0,1.0
9.72,1.8,1.7541852,0.027277164,-0.053653397,111.38922,1.0,1.0
9.72,2.0,1.9716365,0.022332089,0.10742646,182.21262,1.0,1.0
9.72,2.2,2.2092361,0.015458232,-0.036177855,523.8365,1.0,1.0
9.72,2.4,2.4180138,0.041486613,-0.06577248,659.3523,1.0,1.0
9.72,2.6,2.5302145,-0.005410813,0.06414952,301.32642,1.0,1.0
9.72,2.8,2.8438468,0.0582354,0.121302456,279.72235,1.0,1.0
9.72,3.0,2.9496856,0.060937233,-0.10419838,255.14578,1.0,1.0
9.74,0.0,0.031554103,0.016714366,-0.0922465,10.968169,1.0,1.0
9.74,0.2,0.19576898,-0.010902669,-0.052298214,9.805418,1.0,1.0
9.74,0.4,0.38620007,0.00966498,-0.018331211,9.466034,1.0,1.0
9.74,0.6,0.6010579,0.01632058,-0.010613792,13.201054,1.0,1.0
9.74,0.8,0.7831893,0.040118862,-0.011118191,21.256554,1.0,1.0
9.74,1.0,1.063709,0.09167957,0.08769558,41.6635,1.0,1.0
9.74,1.2,1.1562625,0.06386659,-0.11532958,54.579865,1.0,1.0
9.74,1.4,1.3717947,0.05181068,-0.06378254,92.8495,1.0,1.0
9.74,1.6,1.6638558,0.05692512,-0.1526611,103.0405,1.0,1.0
9.74,1.8,1.7871263,0.027215548,-0.06134212,119.92211,1.0,1.0
9.74,2.0,2.0006785,0.01725395,0.0642588,159.76277,1.0,1.0
9.74,2.2,2.1713743,0.018443074,0.07212302,323.4665,1.0,1.0
9.74,2.4,2.3807592,0.045097332,0.10545063,391.00372,1.0,1.0
9.74,2.6,2.5728002,0.0082852915,-0.0043197554,202.04532,1.0,1.0
9.74,2.8,2.8740377,0.05626622,0.15038784,177.83795,1.0,0.6875
9.74,3.0,2.9788647,0.080841236,-0.17656352,192.89291,1.0,0.6875
9.76,0.0,0.031065395,0.019966753,-0.052559823,5.406947,1.0,1.0
9.76,0.2,0.2028946,-0.01918391,-0.064378306,10.855921,1.0,1.0
9.76,0.4,0.39208066,0.019588381,-0.0219324,12.24003,1.0,1.0
9.76,0.6,0.58707243,0.018563682,-0.005459979,16.873775,1.0,1.0
9.76,0.8,0.7710601,0.04247336,-0.002331377,22.224838,1.0,1.0
9.76,1.0,1.072217,0.09458285,0.050978318,61.72962,1.0,1.0
9.76,1.2,1.1482046,0.0568693,-0.10028802,30.34822,1.0,1.0
9.76,1.4,1.3272836,0.04081247,-0.121651515,89.942604,1.0,1.0
9.76,1.6,1.653966,0.054266557,-0.054173842,149.25351,1.0,1.0
9.76,1.8,1.8269817,0.026252035,0.007546013,107.15163,1.0,1.0
9.76,2.0,2.0415044,0.013769944,-0.008516685,151.61017,1.0,1.0
9.76,2.2,2.1876562,0.012147557,0.09131354,233.078,1.0,1.0
9.76,2.4,2.4091048,0.031617407,0.16674572,279.4195,1.0,0.8125
9.76,2.6,2.6274965,0.031173132,-0.072737336,217.60443,1.0,1.0
9.76,2.8,2.8972273,0.03860335,0.37680453,154.50769,1.0,0.0
9.76,3.0,2.9722357,0.087601215,-0.29187196,423.50815,1.0,0.125
9.78,0.0,0.030809492,0.02211671,-0.035012443,2.7998872,1.0,1.0
9.78,0.2,0.21383962,-0.028606232,-0.08515222,11.190473,1.0,1.0
9.78,0.4,0.4076932,0.02945685,-0.011426894,14.852158,1.0,1.0
9.78,0.6,0.5775392,0.020006433,-0.0033517876,17.45617,1.0,1.0
9.78,0.8,0.7684468,0.04694032,0.0018699318,19.014784,1.0,1.0
9.78,1.0,1.0262027,0.09513645,0.012184129,41.51927,1.0,1.0
9.78,1.2,1.1527528,0.05427683,-0.057819344,37.60547,1.0,1.0
9.78,1.4,1.3056126,0.034420528,-0.12871698,48.96035,1.0,1.0
9.78,1.6,1.5943155,0.041795753,0.021964138,167.38696,1.0,1.0
9.78,1.8,1.8802309,0.015334286,0.15188798,141.31404,1.0,1.0
9.78,2.0,2.0799754,0.011562541,-0.012521474,131.76851,1.0,1.0
9.78,2.2,2.2286596,0.008963511,0.0049116043,201.38841,1.0,1.0
9.78,2.4,2.4558568,0.023082754,0.055244584,225.84029,1.0,1.0
9.78,2.6,2.6598563,0.05049041,-0.094529994,208.77191,1.0,1.0
9.78,2.8,2.838194,0.057081513,0.3107577,442.1952,1.0,0.0
9.78,3.0,2.905812,0.074078195,-0.3049311,1146.8083,1.0,0.0625
9.8,0.0,0.029976916,0.02343528,-0.025263954,3.0913398,1.0,1.0
9.8,0.2,0.22792771,-0.035342455,-0.105022624,10.66149,1.0,1.0
9.8,0.4,0.43031883,0.036140278,0.029391516,13.527493,1.0,1.0
9.8,0.6,0.5744439,0.024258347,-0.004747469,13.561895,1.0,1.0
9.8,0.8,0.776021,0.053474456,-0.0038234652,30.020832,1.0,1.0
9.8,1.0,0.9876641,0.087389335,-0.05492462,34.09925,1.0,1.0
9.8,1.2,1.171174,0.054569125,-0.032955367,47.020782,1.0,1.0
9.8,1.4,1.3018239,0.029635,-0.09282002,45.968887,1.0,1.0
9.8,1.6,1.5494876,0.043140717,0.039009117,145.20395,1.0,1.0
9.8,1.8,1.8584211,0.028041491,0.08190198,191.88348,1.0,1.0
9.8,2.0,2.120994,0.002782981,0.0864184,123.57167,1.0,1.0
9.8,2.2,2.2631714,0.0068207663,-0.026971031,174.15944,1.0,1.0
9.8,2.4,2.4891195,0.022145964,0.015344474,188.29404,1.0,1.0
9.8,2.6,2.6942728,0.054179065,-0.23997271,118.60936,1.0,0.0625
9.8,2.8,2.765911,0.077634946,0.08684686,814.29834,1.0,1.0
9.8,3.0,2.8308506,0.09802136,-0.14187334,862.15497,1.0,0.75
9.82,0.0,0.030792734,0.025648776,-0.013139294,4.961217,1.0,1.0
9.82,0.2,0.22862802,-0.029045995,-0.13459104,8.09963,1.0,1.0
9.82,0.4,0.42923683,0.03342427,0.022438109,13.680915,1.0,1.0
9.82,0.6,0.5796483,0.03271847,-0.014538335,20.543901,1.0,1.0
9.82,0.8,0.797591,0.061336443,-0.0070476406,40.298676,1.0,1.0
9.82,1.0,0.96519023,0.078269795,-0.10276657,36.935112,1.0,1.0
9.82,1.2,1.2064362,0.05696805,-0.04253238,55.11165,1.0,1.0
9.82,1.4,1.315752,0.03069999,-0.05704767,62.649044,1.0,1.0
9.82,1.6,1.5290157,0.044301488,0.013786635,85.46329,1.0,1.0
9.82,1.8,1.7846282,0.04040104,0.029740315,220.22345,1.0,1.0
9.82,2.0,2.1358607,0.00019751303,0.12014709,201.0892,1.0,1.0
9.82,2.2,2.2937489,0.00054701604,0.05539605,146.17955,1.0,1.0
9.82,2.4,2.5124002,0.01329229,0.13387868,151.02147,1.0,0.9375
9.82,2.6,2.66429,0.050573602,-0.2643413,485.21063,1.0,0.125
9.82,2.8,2.7035398,0.042330973,0.029970417,487.98065,1.0,1.0
9.82,3.0,2.862434,0.09974997,0.19118679,355.66333,1.0,0.5
9.84,0.0,0.03288822,0.029064752,-0.004389922,6.346446,1.0,1.0
9.84,0.2,0.22579183,-0.015674101,-0.14371772,17.888474,1.0,1.0
9.84,0.4,0.41220397,0.027660448,-0.012056926,14.623028,1.0,1.0
9.84,0.6,0.5954294,0.042563085,-0.018667763,25.909525,1.0,1.0
9.84,0.8,0.8321196,0.06853101,0.020872895,37.365395,1.0,1.0
9.84,1.0,0.95899117,0.07194973,-0.099533424,28.769825,1.0,1.0
9.84,1.2,1.2564082,0.057589702,-0.0984649,50.76568,1.0,1.0
9.84,1.4,1.3479705,0.03612996,-0.05178134,76.40912,1.0,1.0
9.84,1.6,1.5333474,0.044928044,-0.041235168,71.85753,1.0,1.0
9.84,1.8,1.7280258,0.026612423,-0.051079966,182.14066,1.0,1.0
9.84,2.0,2.071511,0.031065337,0.040267155,331.73492,1.0,1.0
9.84,2.2,2.32489,-0.013127826,0.21602172,202.35391,1.0,0.1875
9.84,2.4,2.5238805,0.0013396032,0.2877914,269.2871,1.0,0.0
9.84,2.6,2.5795279,0.044578224,-0.12607981,785.2288,1.0,1.0
9.84,2.8,2.721039,0.029431954,0.0041932394,282.77094,1.0,1.0
9.84,3.0,2.9214122,0.081247896,0.22323236,314.93475,1.0,0.375
9.86,0.0,0.03664796,0.033300694,0.002066717,8.093519,1.0,1.0
9.86,0.2,0.21626566,-0.008572011,-0.08730289,16.795956,1.0,1.0
9.86,0.4,0.39737114,0.019175539,-0.07190147,9.536285,1.0,1.0
9.86,0.6,0.62308496,0.050845176,0.0064696483,23.087002,1.0,1.0
9.86,0.8,0.8700563,0.07356611,0.070816815,35.428097,1.0,1.0
9.86,1.0,0.9610141,0.06821981,-0.061373025,27.212555,1.0,1.0
9.86,1.2,1.3014913,0.061938874,-0.123007484,74.04839,1.0,1.0
9.86,1.4,1.3959098,0.039705597,-0.093801424,71.167786,1.0,1.0
9.86,1.6,1.5562425,0.046894092,-0.056420885,92.81778,1.0,1.0
9.86,1.8,1.7022142,0.015341971,-0.11540283,88.5183,1.0,1.0
9.86,2.0,2.0007176,0.014774672,0.013330471,311.32532,1.0,1.0
9.86,2.2,2.2818573,0.013683607,0.10331613,324.61328,1.0,1.0
9.86,2.4,2.4674594,0.03039066,0.16556536,430.5976,1.0,0.6875
9.86,2.6,2.5604403,0.05088254,0.13240203,408.8467,1.0,1.0
9.86,2.8,2.7678652,0.054054894,-0.03879369,220.42053,1.0,1.0
9.86,3.0,2.9758801,0.076398656,0.16659263,278.79984,1.0,0.9375
9.88,0.0,0.039754834,0.035049684,-0.00070683536,9.142719,1.0,1.0
9.88,0.2,0.2097894,-0.0034739124,-0.010769146,10.192298,1.0,1.0
9.88,0.4,0.38773632,0.010111387,-0.07753377,8.5149,1.0,1.0
9.88,0.6,0.65292895,0.05695556,0.04866299,27.910328,1.0,1.0
9.88,0.8,0.8450546,0.07094572,0.03845089,30.758621,1.0,1.0
9.88,1.0,0.974572,0.06657887,-0.03167753,32.050205,1.0,1.0
9.88,1.2,1.2606542,0.055118307,-0.039686643,85.87973,1.0,1.0
9.88,1.4,1.4586318,0.039347406,-0.14661393,86.73257,1.0,1.0
9.88,1.6,1.5910127,0.048669517,-0.016265038,94.59642,1.0,1.0
9.88,1.8,1.706865,0.016359257,-0.10624093,90.081696,1.0,1.0
9.88,2.0,1.9654183,-0.001746498,-0.042467855,138.68842,1.0,1.0
9.88,2.2,2.2074957,0.013619333,0.055498272,444.17383,1.0,1.0
9.88,2.4,2.3943431,0.018434804,0.10955064,533.84973,1.0,1.0
9.88,2.6,2.6043408,0.03535059,0.20440355,293.4674,1.0,0.4375
9.88,2.8,2.814887,0.08154357,-0.10578416,236.89862,1.0,1.0
9.88,3.0,3.004945,0.069356814,0.27937666,161.0488,1.0,0.0
9.9,0.0,0.038904265,0.031066641,0.010629604,8.451168,1.0,1.0
9.9,0.2,0.20406987,-0.0010340749,0.020723172,7.5807934,1.0,1.0
9.9,0.4,0.3822791,0.0040730424,-0.062463112,13.306326,1.0,1.0
9.9,0.6,0.6325587,0.052094802,0.038332835,20.172333,1.0,1.0
9.9,0.8,0.8082427,0.06297229,-0.034559652,18.358856,1.0,1.0
9.9,1.0,1.0012426,0.06661949,-0.03342195,38.549294,1.0,1.0
9.9,1.2,1.2134719,0.054627456,-0.0032298658,71.84877,1.0,1.0
9.9,1.4,1.4462805,0.044434927,-0.056677744,124.42707,1.0,1.0
9.9,1.6,1.6410878,0.043137338,0.072607145,91.76935,1.0,1.0
9.9,1.8,1.7348144,0.0269498,-0.056820292,107.046165,1.0,1.0
9.9,2.0,1.9750383,0.0021582898,-0.109997,131.52374,1.0,1.0
9.9,2.2,2.163742,-0.009650239,0.0049449475,263.78036,1.0,1.0
9.9,2.4,2.3667212,-0.008661957,0.04604198,278.45206,1.0,1.0
9.9,2.6,2.651786,0.028142512,0.06961108,253.27448,1.0,1.0
9.9,2.8,2.8393338,0.10008776,-0.1489782,190.12665,1.0,1.0
9.9,3.0,3.0243979,0.045895074,0.57195723,314.83704,1.0,0.0
9.92,0.0,0.036137268,0.025479969,0.0070154904,7.7543297,1.0,1.0
9.92,0.2,0.19811365,0.00092536863,0.009693548,6.29018,1.0,1.0
9.92,0.4,0.3820877,-0.00066634454,-0.05191391,14.26012,1.0,1.0
9.92,0.6,0.6060369,0.04290104,-0.03988402,7.3966646,1.0,1.0
9.92,0.8,0.77884567,0.054468654,-0.08659951,18.674755,1.0,1.0
9.92,1.0,1.0435462,0.066491686,-0.076828115,39.622253,1.0,1.0
9.92,1.2,1.1783257,0.056032866,-0.009515446,63.085274,1.0,1.0
9.92,1.4,1.3924282,0.037224732,0.036597118,114.311714,1.0,1.0
9.92,1.6,1.6738719,0.04132115,0.10132992,135.16673,1.0,1.0
9.92,1.8,1.7744644,0.038954645,-0.05707468,111.47747,1.0,1.0
9.92,2.0,2.005612,0.015627107,-0.0983263,133.58315,1.0,1.0
9.92,2.2,2.166913,-0.010084706,-0.07108115,188.5896,1.0,1.0
9.92,2.4,2.3921018,-0.0029704235,-0.036236472,205.97964,1.0,1.0
9.92,2.6,2.6806936,0.030106246,0.044918347,193.05634,1.0,1.0
9.92,2.8,2.8448985,0.10395518,-0.27963582,315.67926,1.0,0.0
9.92,3.0,2.9499164,0.07986458,0.3305889,676.911,1.0,0.0
9.94,0.0,0.030617617,0.021609183,-0.007021307,9.705713,1.0,1.0
9.94,0.2,0.19459425,0.0043763905,0.0013427923,4.7241735,1.0,1.0
9.94,0.4,0.38747227,-0.00806967,-0.04698731,12.987288,1.0,1.0
9.94,0.6,0.5856558,0.032468084,-0.07717084,11.362198,1.0,1.0
9.94,0.8,0.76425195,0.047918256,-0.09747075,27.520496,1.0,1.0
9.94,1.0,1.0871598,0.07059016,-0.14180294,54.736603,1.0,1.0
9.94,1.2,1.1605206,0.055316754,-0.031604107,38.240227,1.0,1.0
9.94,1.4,1.3501592,0.04238063,0.045499258,105.32808,1.0,1.0
9.94,1.6,1.6151681,0.05788266,0.07353822,156.90512,1.0,1.0
9.94,1.8,1.8243115,0.04191307,-0.12500328,105.76882,1.0,1.0
9.94,2.0,2.043346,0.03436014,-0.059698295,140.0575,1.0,1.0
9.94,2.2,2.2019408,0.0049034655,-0.10301664,169.87602,1.0,1.0
9.94,2.4,2.4400666,0.017158415,-0.08384958,196.40363,1.0,1.0
9.94,2.6,2.6983275,0.0194389,0.21899182,128.63153,1.0,0.1875
9.94,2.8,2.7883477,0.08916997,-0.27011192,995.87933,1.0,0.1875
9.94,3.0,2.8669858,0.07687567,0.19716987,892.5564,1.0,0.5625
9.96,0.0,0.025546955,0.018896531,-0.02420311,12.489869,1.0,1.0
9.96,0.2,0.19422783,0.010581129,0.0019016939,4.0808563,1.0,1.0
9.96,0.4,0.39768225,-0.017226102,-0.05141461,12.379447,1.0,1.0
9.96,0.6,0.5738031,0.025415558,-0.08091012,20.025583,1.0,1.0
9.96,0.8,0.7604122,0.043340515,-0.07900925,23.53998,1.0,1.0
9.96,1.0,1.0563549,0.06838311,-0.066484585,50.291153,1.0,1.0
9.96,1.2,1.1583209,0.060645193,-0.05340097,31.928547,1.0,1.0
9.96,1.4,1.3279991,0.043801792,0.02045997,72.137146,1.0,1.0
9.96,1.6,1.5523678,0.051548567,-0.04086296,134.89905,1.0,1.0
9.96,1.8,1.8632461,0.046206247,-0.11834478,139.1947,1.0,1.0
9.96,2.0,2.085351,0.03956899,-0.12299502,121.02981,1.0,1.0
9.96,2.2,2.2352777,0.022519909,-0.08757013,168.80061,1.0,1.0
9.96,2.4,2.47295,0.036395162,-0.08476954,184.78302,1.0,1.0
9.96,2.6,2.6682155,0.016453847,0.35577455,414.21967,1.0,0.0
9.96,2.8,2.7093377,0.11158512,-0.13655208,836.85754,1.0,0.625
9.96,3.0,2.8332872,0.036663443,0.14965019,392.81195,1.0,0.8125
9.98,0.0,0.021423528,0.014152933,-0.048165057,6.5250626,1.0,1.0
9.98,0.2,0.19783056,0.018328514,0.0007869841,5.652154,1.0,1.0
9.98,0.4,0.41510475,-0.025074255,-0.07416468,13.581232,1.0,1.0
9.98,0.6,0.5707532,0.02116085,-0.06623228,22.158012,1.0,1.0
9.98,0.8,0.76437336,0.037477974,-0.047875106,25.394672,1.0,1.0
9.98,1.0,1.0197697,0.06505924,0.006685933,42.60614,1.0,1.0
9.98,1.2,1.1707385,0.06749942,-0.04705195,49.129623,1.0,1.0
9.98,1.4,1.3252978,0.04408613,-0.020430675,46.61649,1.0,1.0
9.98,1.6,1.511033,0.040277384,-0.12708217,101.41034,1.0,1.0
9.98,1.8,1.8160585,0.02634069,-0.016250433,243.53793,1.0,1.0
9.98,2.0,2.1108432,0.04387047,-0.15609667,170.64766,1.0,1.0
9.98,2.2,2.2695446,0.034946147,-0.122184366,149.7832,1.0,1.0
9.98,2.4,2.5051818,0.044688173,-0.16105458,139.80022,1.0,0.9375
9.98,2.6,2.6092768,0.050875828,0.15598497,660.1343,1.0,1.0
9.98,2.8,2.730595,0.11439187,0.1863011,362.86838,1.0,0.4375
9.98,3.0,2.8624144,0.030457195,0.15049326,246.25613,1.0,0.75
10.0,0.0,0.01954355,0.008197736,-0.0621418,3.9569335,1.0,1.0
10.0,0.2,0.20716569,0.02653677,0.0057269232,9.255417,1.0,1.0
10.0,0.4,0.43728167,-0.029291593,-0.118510775,13.739719,1.0,1.0
10.0,0.6,0.57334733,0.015669512,-0.051563606,19.009209,1.0,1.0
10.0,0.8,0.77762187,0.03246319,-0.03248492,25.666721,1.0,1.0
10.0,1.0,0.9884076,0.06827943,0.021923395,39.37805,1.0,1.0
10.0,1.2,1.1989038,0.071246564,-0.012742804,66.07568,1.0,1.0
10.0,1.4,1.3392777,0.04966616,-0.026674656,65.375626,1.0,1.0
10.0,1.6,1.494803,0.033910703,-0.1404936,52.799553,1.0,1.0
10.0,1.8,1.7564884,0.026105369,0.04220898,240.15424,1.0,1.0
10.0,2.0,2.056706,0.020495113,-0.031564306,382.8463,1.0,1.0
10.0,2.2,2.3044615,0.030771535,-0.2156712,168.04218,1.0,0.3125
10.0,2.4,2.4981027,0.042334404,-0.21189973,311.51157,1.0,0.3125
10.0,2.6,2.5363564,0.023846895,0.12881385,614.56775,1.0,1.0
10.0,2.8,2.7868283,0.094876416,0.22863254,296.81668,1.0,0.3125
10.0,3.0,2.9118085,0.05475653,0.07382958,249.83023,1.0,1.0
10.02,0.0,0.019270651,0.0037612878,-0.06742184,6.224105,1.0,1.0
10.02,0.2,0.21740112,0.03155206,0.0157058,10.60394,1.0,1.0
10.02,0.4,0.44105518,-0.021582635,-0.16852374,16.831932,1.0,1.0
10.02,0.6,0.5831696,0.007611545,-0.04276654,19.39412,1.0,1.0
10.02,0.8,0.80464643,0.027492633,-0.040190257,26.712654,1.0,1.0
10.02,1.0,0.96806645,0.068450004,0.017619284,39.973305,1.0,1.0
10.02,1.2,1.2433035,0.0743908,0.049329728,64.17805,1.0,1.0
10.02,1.4,1.3693821,0.052042693,0.0059157847,78.31854,1.0,1.0
10.02,1.6,1.5017726,0.036353588,-0.088865206,71.89519,1.0,1.0
10.02,1.8,1.7305427,0.026286377,0.056142002,140.25659,1.0,1.0
10.02,2.0,1.9935974,0.024842698,0.05883212,359.00522,1.0,1.0
10.02,2.2,2.2669094,0.017296344,-0.12684682,444.32208,1.0,1.0
10.02,2.4,2.4298265,0.023609044,-0.1301311,665.0487,1.0,0.9375
10.02,2.6,2.5320024,-0.004070878,0.07055634,305.2198,1.0,1.0
10.02,2.8,2.8416257,0.08943908,0.1461692,270.0664,1.0,0.9375
10.02,3.0,2.9525638,0.07715255,-0.0409875,252.94485,1.0,1.0
10.040000000000001,0.0,0.021279499,-0.0012611418,-0.07031298,7.5812483,1.0,1.0
10.040000000000001,0.2,0.21730435,0.026871853,0.035179723,12.45887,1.0,1.0
10.040000000000001,0.4,0.42726648,-0.012568836,-0.11738737,21.428429,1.0,1.0
10.040000000000001,0.6,0.6030083,-0.0005619116,-0.047828145,19.446613,1.0,1.0
10.040000000000001,0.8,0.84081095,0.02418124,-0.095685184,27.47546,1.0,1.0
10.040000000000001,1.0,0.96047765,0.07101363,0.0066381963,25.334625,1.0,1.0
10.040000000000001,1.2,1.287399,0.07703249,0.10595702,81.69751,1.0,1.0
10.040000000000001,1.4,1.4156908,0.050806843,0.06699464,80.184906,1.0,1.0
10.040000000000001,1.6,1.5287478,0.043899085,-0.054668613,90.93407,1.0,1.0
10.040000000000001,1.8,1.7356899,0.024629243,0.008302684,101.09967,1.0,1.0
10.040000000000001,2.0,1.9740727,0.022967087,0.105386525,181.43289,1.0,1.0
10.040000000000001,2.2,2.2007155,0.01997184,-0.007426326,488.03955,1.0,1.0
10.040000000000001,2.4,2.3738308,0.034440022,0.0149289705,476.05838,1.0,1.0
10.040000000000001,2.6,2.5747862,0.009352557,0.0015314884,205.49298,1.0,1.0
10.040000000000001,2.8,2.871502,0.08441582,0.20099987,171.08029,1.0,0.3125
10.040000000000001,3.0,2.9772806,0.08924314,-0.1691646,168.9779,1.0,0.8125
10.06,0.0,0.025584795,-0.0062582465,-0.080658,8.511206,1.0,1.0
10.06,0.2,0.20875257,0.02413571,0.01379986,11.914389,1.0,1.0
10.06,0.4,0.41527462,-0.010156961,-0.035947658,15.809414,1.0,1.0
10.06,0.6,0.6310679,-0.005376788,-0.08974378,17.502075,1.0,1.0
10.06,0.8,0.86525714,0.02498756,-0.12273757,40.40278,1.0,1.0
10.06,1.0,0.96485364,0.07612203,0.0014626693,30.705683,1.0,1.0
10.06,1.2,1.2383565,0.08016553,0.050156903,76.76828,1.0,1.0
10.06,1.4,1.462614,0.0499458,0.12982017,120.186966,1.0,1.0
10.06,1.6,1.5683489,0.051881157,-0.07120827,90.50839,1.0,1.0
10.06,1.8,1.76255,0.024027862,-0.048888702,115.52156,1.0,1.0
10.06,2.0,2.0028625,0.018095393,0.06311442,158.37706,1.0,1.0
10.06,2.2,2.1793077,0.020654283,0.092077486,265.07172,1.0,1.0
10.06,2.4,2.3859625,0.028682401,0.13864227,291.0152,1.0,1.0
10.06,2.6,2.6292822,0.031670943,-0.06769981,215.83794,1.0,1.0
10.06,2.8,2.9008405,0.064437166,0.43899834,190.96326,1.0,0.0
10.06,3.0,2.9453359,0.09554414,-0.29670173,533.1682,1.0,0.0
10.08,0.0,0.031511933,-0.011733639,-0.10073346,9.007381,1.0,1.0
10.08,0.2,0.20055357,0.02132159,-0.014954398,13.125058,1.0,1.0
10.08,0.4,0.40590286,-0.009203619,0.016086174,12.422647,1.0,1.0
10.08,0.6,0.65105623,-0.004421884,-0.16088496,21.4096,1.0,1.0
10.08,0.8,0.8399074,0.029582746,-0.10734127,21.383049,1.0,1.0
10.08,1.0,0.9832415,0.081356436,0.0050495546,46.638958,1.0,1.0
10.08,1.2,1.1855729,0.07515238,-0.03844355,58.880867,1.0,1.0
10.08,1.4,1.4297649,0.056244954,0.045998957,116.24808,1.0,1.0
10.08,1.6,1.6240666,0.054307614,-0.13041054,82.10416,1.0,1.0
10.08,1.8,1.7986671,0.023548033,-0.043032758,117.992065,1.0,1.0
10.08,2.0,2.043623,0.01480359,-0.009625761,152.10744,1.0,1.0
10.08,2.2,2.2097306,0.013148786,0.07882176,220.82031,1.0,1.0
10.08,2.4,2.4327288,0.017078724,0.07109345,240.76419,1.0,1.0
10.08,2.6,2.6613522,0.05137507,-0.092197,209.04764,1.0,1.0
10.08,2.8,2.8374953,0.0902528,0.29307935,490.58978,1.0,0.0
10.08,3.0,2.8691504,0.081993945,-0.26680723,1084.4541,1.0,0.1875
10.1,0.0,0.037973665,-0.016480306,-0.12100356,9.064211,1.0,1.0
10.1,0.2,0.19490887,0.011875501,-0.052439183,8.359468,1.0,1.0
10.1,0.4,0.39634883,-0.007582376,0.01140191,11.9278965,1.0,1.0
10.1,0.6,0.6337666,0.00394075,-0.13278797,20.694351,1.0,1.0
10.1,0.8,0.8179756,0.029860323,-0.0322975,11.702026,1.0,1.0
10.1,1.0,1.0172653,0.086461045,0.024006492,54.810738,1.0,1.0
10.1,1.2,1.1479143,0.066351876,-0.10182534,54.181786,1.0,1.0
10.1,1.4,1.3723326,0.05527868,-0.058024816,94.56804,1.0,1.0
10.1,1.6,1.6525441,0.059914313,-0.08375739,95.63668,1.0,1.0
10.1,1.8,1.8423779,0.019756604,0.031719726,106.58871,1.0,1.0
10.1,2.0,2.0821626,0.012755481,-0.013706472,131.97235,1.0,1.0
10.1,2.2,2.2514448,0.010808739,-0.0063112825,193.97758,1.0,1.0
10.1,2.4,2.4748564,0.017006345,0.011250151,202.86441,1.0,1.0
10.1,2.6,2.6951036,0.055384338,-0.238106,118.87254,1.0,0.0
10.1,2.8,2.75486,0.098644204,0.12284343,782.59576,1.0,1.0
10.1,3.0,2.8320022,0.10095909,-0.015061198,663.6278,1.0,1.0
10.120000000000001,0.0,0.039239727,-0.011997613,-0.12565345,3.0471244,1.0,1.0
10.120000000000001,0.2,0.19219884,0.0021379553,-0.053655066,5.7673435,1.0,1.0
10.120000000000001,0.4,0.38833943,-0.005443968,-0.0039522364,11.630542,1.0,1.0
10.120000000000001,0.6,0.6171591,0.005660929,-0.05127694,12.073271,1.0,1.0
10.120000000000001,0.8,0.7973176,0.03312949,-0.007570578,15.82663,1.0,1.0
10.120000000000001,1.0,1.0630959,0.09157102,0.0877357,41.580044,1.0,1.0
10.120000000000001,1.2,1.1297514,0.061750337,-0.11720632,33.223724,1.0,1.0
10.120000000000001,1.4,1.3281484,0.044304483,-0.11491354,90.93375,1.0,1.0
10.120000000000001,1.6,1.6060026,0.043077145,0.004010617,169.73099,1.0,1.0
10.120000000000001,1.8,1.8877504,0.009907015,0.14035472,172.94867,1.0,1.0
10.120000000000001,2.0,2.1232688,0.0041638194,0.085647106,122.40181,1.0,1.0
10.120000000000001,2.2,2.2841606,0.0083009275,-0.0068623535,163.02365,1.0,1.0
10.120000000000001,2.4,2.5012407,0.011373796,0.091434054,161.70547,1.0,1.0
10.120000000000001,2.6,2.667035,0.05217783,-0.26151812,484.7535,1.0,0.0
10.120000000000001,2.8,2.7008882,0.060321435,0.06764303,403.3836,1.0,1.0
10.120000000000001,3.0,2.8802876,0.089295745,0.23522848,321.4287,1.0,0.25
10.14,0.0,0.038214065,0.000107018626,-0.13673827,12.438774,1.0,1.0
10.14,0.2,0.19203837,-0.00504882,-0.050195456,8.257742,1.0,1.0
10.14,0.4,0.38379854,-0.0009288294,-0.010410611,9.712078,1.0,1.0
10.14,0.6,0.6042979,0.0066043064,0.00022429471,13.101829,1.0,1.0
10.14,0.8,0.77945805,0.035377767,0.0002984861,23.440872,1.0,1.0
10.14,1.0,1.0713576,0.09435212,0.05019026,61.767097,1.0,1.0
10.14,1.2,1.1271825,0.058270197,-0.08541687,33.770065,1.0,1.0
10.14,1.4,1.3067207,0.037139557,-0.12229994,49.646667,1.0,1.0
10.14,1.6,1.5556666,0.044978518,0.044082664,162.74193,1.0,1.0
10.14,1.8,1.8450984,0.029780993,0.07715264,223.39328,1.0,1.0
10.14,2.0,2.1393323,0.0016983123,0.12681377,203.48141,1.0,1.0
10.14,2.2,2.318811,-0.0013618451,0.107990995,143.86084,1.0,0.875
10.14,2.4,2.5324259,-0.0052415878,0.28614783,179.78569,1.0,0.125
10.14,2.6,2.5826964,0.04536102,-0.1227277,784.7357,1.0,0.9375
10.14,2.8,2.721216,0.051152155,0.05009446,262.38068,1.0,1.0
10.14,3.0,2.938758,0.071308926,0.1949313,316.69412,1.0,0.5
10.16,0.0,0.035679,0.011334809,-0.124624945,12.757874,1.0,1.0
10.16,0.2,0.19572504,-0.011604007,-0.05210991,9.731503,1.0,1.0
10.16,0.4,0.38429886,0.0072408747,-0.017346643,10.83106,1.0,1.0
10.16,0.6,0.59112954,0.00927696,0.007146949,16.44393,1.0,1.0
10.16,0.8,0.77032065,0.038267814,0.0045094495,20.595224,1.0,1.0
10.16,1.0,1.0253737,0.09471269,0.010935196,41.31031,1.0,1.0
10.16,1.2,1.1373502,0.057587,-0.047675274,43.811543,1.0,1.0
10.16,1.4,1.3029928,0.031798862,-0.08675046,44.827454,1.0,1.0
10.16,1.6,1.5296173,0.0483997,0.040722065,111.28487,1.0,1.0
10.16,1.8,1.7719896,0.033711,0.0034670986,210.65445,1.0,1.0
10.16,2.0,2.0751853,0.031879388,0.04360222,333.2803,1.0,1.0
10.16,2.2,2.330113,-0.0055343686,0.20294496,249.6478,1.0,0.375
10.16,2.4,2.4845817,0.022172049,0.16647203,362.7409,1.0,0.8125
10.16,2.6,2.5624313,0.05129642,0.13510185,410.1762,1.0,1.0
10.16,2.8,2.76806,0.07546809,-0.0046830196,224.16464,1.0,1.0
10.16,3.0,2.9835687,0.06801492,0.16682291,241.72836,1.0,0.875
10.18,0.0,0.03153856,0.016743537,-0.09207018,10.961413,1.0,1.0
10.18,0.2,0.20285317,-0.01990716,-0.06432614,10.784948,1.0,1.0
10.18,0.4,0.39241642,0.01682544,-0.021163512,13.144716,1.0,1.0
10.18,0.6,0.580709,0.011375967,0.005034381,18.838633,1.0,1.0
10.18,0.8,0.7706675,0.044084653,-0.0012063277,21.6172,1.0,1.0
10.18,1.0,0.9869156,0.08694829,-0.05631256,33.993073,1.0,1.0
10.18,1.2,1.1653631,0.060440283,-0.029428558,54.163235,1.0,1.0
10.18,1.4,1.316987,0.032545365,-0.052031353,61.583397,1.0,1.0
10.18,1.6,1.5294296,0.048774682,-0.002448815,68.24307,1.0,1.0
10.18,1.8,1.7221515,0.021643493,-0.08786591,147.76968,1.0,1.0
10.18,2.0,2.0038214,0.015622705,0.0172083,311.45984,1.0,1.0
10.18,2.2,2.269978,0.021699745,0.09418534,391.58237,1.0,1.0
10.18,2.4,2.4085333,0.024192348,0.073717766,552.76904,1.0,1.0
10.18,2.6,2.6058354,0.03533843,0.21038914,293.54407,1.0,0.3125
10.18,2.8,2.8094244,0.10096691,-0.07846289,233.6175,1.0,1.0
10.18,3.0,3.0045705,0.054276347,0.3548457,148.98283,1.0,0.0
10.200000000000001,0.0,0.031079883,0.019978646,-0.052442074,5.4105463,1.0,1.0
10.200000000000001,0.2,0.21377671,-0.029363759,-0.0851572,11.145339,1.0,1.0
10.200000000000001,0.4,0.41028506,0.025487356,-0.0046387236,15.135122,1.0,1.0
10.200000000000001,0.6,0.5752293,0.015163926,0.0028468813,14.2858,1.0,1.0
10.200000000000001,0.8,0.78286374,0.050914112,-0.0108161075,34.326775,1.0,1.0
10.200000000000001,1.0,0.96450233,0.077905454,-0.10378919,37.072815,1.0,1.0
10.200000000000001,1.2,1.2069634,0.063473195,-0.06396979,54.067993,1.0,1.0
10.200000000000001,1.4,1.3491178,0.037723534,-0.047442064,75.36873,1.0,1.0
10.200000000000001,1.6,1.5502188,0.049629636,-0.038758427,83.187225,1.0,1.0
10.200000000000001,1.8,1.7015668,0.01407573,-0.13435201,79.80342,1.0,1.0
10.200000000000001,2.0,1.9681048,-0.00082561746,-0.038484864,138.51746,1.0,1.0
10.200000000000001,2.2,2.1991596,0.0077887364,0.062046096,411.27454,1.0,1.0
10.200000000000001,2.4,2.362338,-0.0034677293,0.031004999,317.52786,1.0,1.0
10.200000000000001,2.6,2.6530976,0.027454145,0.0757172,253.46309,1.0,1.0
10.200000000000001,2.8,2.8312173,0.11555791,-0.14274925,172.57379,1.0,1.0
10.200000000000001,3.0,2.9864864,0.038628135,0.57404923,461.4107,1.0,0.0
10.22,0.0,0.030848637,0.022130605,-0.034951165,2.8147216,1.0,1.0
10.22,0.2,0.22801304,-0.03603584,-0.10398966,11.227361,1.0,1.0
10.22,0.4,0.43139267,0.03101807,0.03313926,15.739915,1.0,1.0
10.22,0.6,0.5769144,0.023512177,-0.011114126,18.45629,1.0,1.0
10.22,0.8,0.8087833,0.059028506,-0.005847833,40.814236,1.0,1.0
10.22,1.0,0.9583172,0.07169865,-0.100086436,29.026888,1.0,1.0
10.22,1.2,1.2626964,0.06461635,-0.12501614,58.482864,1.0,1.0
10.22,1.4,1.3970959,0.04100155,-0.08899572,70.379295,1.0,1.0
10.22,1.6,1.5825827,0.052417956,-0.022085372,92.924835,1.0,1.0
10.22,1.8,1.7113293,0.020010123,-0.09836564,91.86519,1.0,1.0
10.22,2.0,1.9773088,0.0029983036,-0.106288545,131.0921,1.0,1.0
10.22,2.2,2.1694689,-0.01176291,-0.0011624563,217.0599,1.0,1.0
10.22,2.4,2.3736084,-0.003960876,-0.038013622,231.61679,1.0,1.0
10.22,2.6,2.6820257,0.029182829,0.04822032,192.83435,1.0,1.0
10.22,2.8,2.8169003,0.12145979,-0.26525897,386.40405,1.0,0.0
10.22,3.0,2.920246,0.07965781,0.2878819,811.7612,1.0,0.125
10.24,0.0,0.030037826,0.023455992,-0.025258165,3.09135,1.0,1.0
10.24,0.2,0.22837251,-0.02980714,-0.13431731,8.1264515,1.0,1.0
10.24,0.4,0.42320824,0.02765096,0.015509392,12.696308,1.0,1.0
10.24,0.6,0.58879757,0.033575945,-0.024040055,24.839455,1.0,1.0
10.24,0.8,0.84601533,0.06546904,0.039392482,31.9475,1.0,1.0
10.24,1.0,0.96032727,0.06803712,-0.06187893,27.330263,1.0,1.0
10.24,1.2,1.2557187,0.06799376,-0.044304848,79.62964,1.0,1.0
10.24,1.4,1.4598265,0.039572563,-0.13519591,88.93678,1.0,1.0
10.24,1.6,1.6283978,0.049364187,0.0479988,92.26539,1.0,1.0
10.24,1.8,1.7412617,0.031613655,-0.05439189,111.30595,1.0,1.0
10.24,2.0,2.0076463,0.016337454,-0.09514664,133.82916,1.0,1.0
10.24,2.2,2.1871042,-0.0056349644,-0.08187088,175.23485,1.0,1.0
10.24,2.4,2.4173698,0.016276974,-0.10013227,192.02643,1.0,1.0
10.24,2.6,2.6994998,0.018192858,0.22308409,129.28659,1.0,0.1875
10.24,2.8,2.7541752,0.10119372,-0.23130208,1047.2727,1.0,0.1875
10.24,3.0,2.8381734,0.05164392,0.20984715,828.6104,1.0,0.4375
10.26,0.0,0.030859746,0.025680512,-0.013180941,4.957751,1.0,1.0
10.26,0.2,0.22558293,-0.016526833,-0.14362568,18.078535,1.0,1.0
10.26,0.4,0.40695864,0.024429379,-0.025394294,12.831808,1.0,1.0
10.26,0.6,0.61250347,0.042908803,-0.009846963,24.930546,1.0,1.0
10.26,0.8,0.864254,0.06923975,0.048945103,40.20256,1.0,1.0
10.26,1.0,0.9738233,0.06639589,-0.032234218,31.870323,1.0,1.0
10.26,1.2,1.2122346,0.061484188,0.029853337,74.928314,1.0,1.0
10.26,1.4,1.4470794,0.044423673,-0.053830612,126.30791,1.0,1.0
10.26,1.6,1.6807597,0.043950044,0.14188823,132.86775,1.0,1.0
10.26,1.8,1.7809627,0.042567156,-0.072186574,109.542725,1.0,1.0
10.26,2.0,2.0453358,0.034970693,-0.05606597,140.12607,1.0,1.0
10.26,2.2,2.2241955,0.0105363345,-0.08615249,167.85695,1.0,1.0
10.26,2.4,2.4528775,0.0375959,-0.10976657,191.16866,1.0,1.0
10.26,2.6,2.6702254,0.014993519,0.35637155,410.25665,1.0,0.0
10.26,2.8,2.6891124,0.12168908,-0.061163083,758.72974,1.0,1.0
10.26,3.0,2.8334155,0.015042171,0.16997272,324.1726,1.0,0.625
10.28,0.0,0.032949585,0.029109359,-0.0044392617,6.348319,1.0,1.0
10.28,0.2,0.21596356,-0.009350387,-0.08758203,16.70107,1.0,1.0
10.28,0.4,0.39426857,0.01671423,-0.07633102,8.948044,1.0,1.0
10.28,0.6,0.64415056,0.04939235,0.04629872,16.22742,1.0,1.0
10.28,0.8,0.8285843,0.0669351,0.0024014567,23.185822,1.0,1.0
10.28,1.0,1.0004258,0.066400744,-0.033810157,38.31334,1.0,1.0
10.28,1.2,1.1761422,0.06461398,0.04585499,69.46811,1.0,1.0
10.28,1.4,1.393053,0.036966056,0.03739526,115.79863,1.0,1.0
10.28,1.6,1.6479285,0.053075973,0.0811169,156.73831,1.0,1.0
10.28,1.8,1.8345577,0.043534078,-0.15114889,105.57288,1.0,1.0
10.28,2.0,2.0873442,0.040211797,-0.119346224,120.624344,1.0,1.0
10.28,2.2,2.2576125,0.02831832,-0.06699355,164.25546,1.0,1.0
10.28,2.4,2.4807703,0.05182658,-0.14685157,165.20242,1.0,1.0
10.28,2.6,2.6090167,0.049458027,0.15298124,689.48816,1.0,1.0
10.28,2.8,2.7217715,0.116724834,0.23098545,342.4241,1.0,0.25
10.28,3.0,2.874544,0.019480027,0.14913224,209.85461,1.0,0.625
10.3,0.0,0.036699872,0.033360295,0.0020170454,8.082803,1.0,1.0
10.3,0.2,0.20942411,-0.0041866475,-0.011195311,10.168732,1.0,1.0
10.3,0.4,0.38632464,0.008323197,-0.07539112,9.89283,1.0,1.0
10.3,0.6,0.6326493,0.04776399,0.018812988,23.566162,1.0,1.0
10.3,0.8,0.7959874,0.05982475,-0.06395323,19.317928,1.0,1.0
10.3,1.0,1.0426829,0.06621658,-0.076990366,39.49195,1.0,1.0
10.3,1.2,1.1549847,0.064002156,0.032407805,62.810658,1.0,1.0
10.3,1.4,1.3509121,0.041930273,0.044979665,107.16407,1.0,1.0
10.3,1.6,1.5792979,0.056816444,-0.022185588,142.41434,1.0,1.0
10.3,1.8,1.8470017,0.047255643,-0.068909876,141.31151,1.0,1.0
10.3,2.0,2.1116643,0.044539474,-0.15109411,169.6763,1.0,1.0
10.3,2.2,2.294543,0.033668388,-0.14682035,137.18872,1.0,0.875
10.3,2.4,2.5001,0.053184237,-0.24977544,243.89073,1.0,0.25
10.3,2.6,2.5365038,0.021100014,0.12570144,610.6044,1.0,1.0
10.3,2.8,2.7799,0.095588274,0.22910346,297.8818,1.0,0.1875
10.3,3.0,2.9294913,0.044243712,0.054288324,264.37302,1.0,1.0
10.32,0.0,0.039745737,0.035066262,-0.00075885915,9.098048,1.0,1.0
10.32,0.2,0.20365486,-0.0016900958,0.02013604,7.588257,1.0,1.0
10.32,0.4,0.38279977,0.0030651558,-0.060205746,14.763117,1.0,1.0
10.32,0.6,0.603166,0.04048859,-0.05003462,10.283103,1.0,1.0
10.32,0.8,0.77238744,0.051206626,-0.09700093,22.962631,1.0,1.0
10.32,1.0,1.0864792,0.070222355,-0.14290366,55.557835,1.0,1.0
10.32,1.2,1.1494727,0.06435849,0.0032338172,36.504578,1.0,1.0
10.32,1.4,1.3289307,0.043146968,0.019656256,72.41789,1.0,1.0
10.32,1.6,1.5281872,0.047928903,-0.11250269,122.710594,1.0,1.0
10.32,1.8,1.7908766,0.02471425,0.019634854,245.3418,1.0,1.0
10.32,2.0,2.0583882,0.0207727,-0.029868424,383.05505,1.0,1.0
10.32,2.2,2.3006845,0.032257013,-0.1701487,246.71593,1.0,0.8125
10.32,2.4,2.4491272,0.036291815,-0.16659263,613.85645,1.0,0.875
10.32,2.6,2.5324552,-0.006254658,0.06446984,301.29126,1.0,1.0
10.32,2.8,2.833086,0.090784945,0.15227239,256.70395,1.0,0.9375
10.32,3.0,2.9685454,0.06426937,-0.044547442,233.35706,1.0,1.0
10.34,0.0,0.03888081,0.031063868,0.010596899,8.423338,1.0,1.0
10.34,0.2,0.19769691,0.0002808082,0.009134285,6.312038,1.0,1.0
10.34,0.4,0.38454872,-0.00198647,-0.050475173,13.982281,1.0,1.0
10.34,0.6,0.58010614,0.031461947,-0.10370983,9.797596,1.0,1.0
10.34,0.8,0.7629187,0.04613433,-0.09708447,26.84112,1.0,1.0
10.34,1.0,1.0558579,0.0680852,-0.06741214,50.096275,1.0,1.0
10.34,1.2,1.15779,0.06906812,-0.008134708,43.431892,1.0,1.0
10.34,1.4,1.3265953,0.04330341,-0.022086572,47.305466,1.0,1.0
10.34,1.6,1.5020945,0.037595067,-0.14057624,60.038795,1.0,1.0
10.34,1.8,1.7408234,0.028199,0.060221232,227.08344,1.0,1.0
10.34,2.0,1.9954158,0.02496693,0.060546093,361.35175,1.0,1.0
10.34,2.2,2.2398272,0.013025176,-0.079899505,519.50305,1.0,1.0
10.34,2.4,2.383354,0.04767444,-0.038791597,588.38574,1.0,1.0
10.34,2.6,2.575117,0.0075237155,-0.0025951553,203.76291,1.0,1.0
10.34,2.8,2.8605242,0.08243347,0.24186541,166.39413,1.0,0.0625
10.34,3.0,2.9964037,0.07091472,-0.20180413,200.37292,1.0,0.625
10.36,0.0,0.03608536,0.02547017,0.0069466447,7.7657995,1.0,1.0
10.36,0.2,0.19418614,0.0037431135,0.00080154906,4.775156,1.0,1.0
10.36,0.4,0.39110482,-0.009455814,-0.049583383,13.282644,1.0,1.0
10.36,0.6,0.56538904,0.02422654,-0.10281338,17.601524,1.0,1.0
10.36,0.8,0.7617316,0.041504443,-0.06968147,21.128452,1.0,1.0
10.36,1.0,1.0195262,0.06487547,0.0056733266,42.36871,1.0,1.0
10.36,1.2,1.1813563,0.072465055,0.0019660129,59.43223,1.0,1.0
10.36,1.4,1.3409207,0.048815638,-0.029606564,65.715744,1.0,1.0
10.36,1.6,1.5019209,0.03717165,-0.08983773,64.97748,1.0,1.0
10.36,1.8,1.7247845,0.030181991,0.060314305,132.39746,1.0,1.0
10.36,2.0,1.9759351,0.023022383,0.10768293,183.16243,1.0,1.0
10.36,2.2,2.1833377,0.019158527,0.02822438,415.85992,1.0,1.0
10.36,2.4,2.3808756,0.04816626,0.13672382,315.19583,1.0,1.0
10.36,2.6,2.6296651,0.030367665,-0.07161975,218.01366,1.0,1.0
10.36,2.8,2.8884783,0.06035669,0.49036965,263.8788,1.0,0.0
10.36,3.0,2.9603643,0.07157483,-0.2937457,757.89856,1.0,0.0
10.38,0.0,0.030537007,0.021607686,-0.0071012713,9.740366,1.0,1.0
10.38,0.2,0.19385007,0.0099464115,0.0015762693,4.133284,1.0,1.0
10.38,0.4,0.40357164,-0.018212836,-0.056036167,12.987262,1.0,1.0
10.38,0.6,0.56087893,0.02010932,-0.08682729,21.439894,1.0,1.0
10.38,0.8,0.7681186,0.036671646,-0.0432445,24.751835,1.0,1.0
10.38,1.0,0.98828137,0.06818582,0.0212128,39.103138,1.0,1.0
10.38,1.2,1.2207572,0.07407752,0.037408397,67.29213,1.0,1.0
10.38,1.4,1.3713857,0.05095084,0.002875394,78.792175,1.0,1.0
10.38,1.6,1.5228419,0.042869348,-0.04381604,84.34776,1.0,1.0
10.38,1.8,1.7370579,0.029418321,0.0070024515,101.6069,1.0,1.0
10.38,2.0,2.0048738,0.017986882,0.06493451,159.49586,1.0,1.0
10.38,2.2,2.1794653,0.016496388,0.09869326,240.87366,1.0,1.0
10.38,2.4,2.4281964,0.034727156,0.13098428,253.45468,1.0,1.0
10.38,2.6,2.6617608,0.049857534,-0.09541744,207.46399,1.0,1.0
10.38,2.8,2.8210828,0.09478969,0.2746652,553.38855,1.0,0.0625
10.38,3.0,2.8624895,0.06756094,-0.21937174,978.81494,1.0,0.5
10.4,0.0,0.025442455,0.018901965,-0.024320217,12.510296,1.0,1.0
10.4,0.2,0.19748844,0.017711584,0.00063113304,5.6562805,1.0,1.0
10.4,0.4,0.4226303,-0.02515566,-0.083979554,14.448524,1.0,1.0
10.4,0.6,0.56250155,0.015710846,-0.06699133,18.198761,1.0,1.0
10.4,0.8,0.7860278,0.032081626,-0.03543439,24.837193,1.0,1.0
10.4,1.0,0.96794695,0.068436675,0.017206706,39.923157,1.0,1.0
10.4,1.2,1.2723064,0.0778945,0.112410255,62.2339,1.0,1.0
10.4,1.4,1.4178069,0.04946489,0.06432275,80.79968,1.0,1.0
10.4,1.6,1.5587578,0.051778123,-0.050564848,92.39475,1.0,1.0
10.4,1.8,1.7681712,0.028467594,-0.036021538,113.185555,1.0,1.0
10.4,2.0,2.0456471,0.014560136,-0.00845106,152.1885,1.0,1.0
10.4,2.2,2.2188883,0.009949343,0.049526714,209.8953,1.0,1.0
10.4,2.4,2.4786046,0.032149334,0.04899724,219.77808,1.0,1.0
10.4,2.6,2.695627,0.054050967,-0.24131405,116.15109,1.0,0.0625
10.4,2.8,2.7328403,0.08886936,0.16007176,762.27637,1.0,0.8125
10.4,3.0,2.8615265,0.07872264,0.12837398,470.73306,1.0,1.0
10.42,0.0,0.021314908,0.014145128,-0.04832965,6.531406,1.0,1.0
10.42,0.2,0.20686528,0.025901107,0.0053994805,9.258391,1.0,1.0
10.42,0.4,0.44016838,-0.02602696,-0.13051727,12.168295,1.0,1.0
10.42,0.6,0.57042694,0.008059172,-0.048714913,19.13886,1.0,1.0
10.42,0.8,0.81715083,0.028330337,-0.05719325,27.543833,1.0,1.0
10.42,1.0,0.96030694,0.071065396,0.0066597755,25.33044,1.0,1.0
10.42,1.2,1.2694395,0.08023577,0.046273723,81.449005,1.0,1.0
10.42,1.4,1.4646118,0.048657544,0.1265474,122.44078,1.0,1.0
10.42,1.6,1.6093907,0.05514169,-0.09938768,85.04441,1.0,1.0
10.42,1.8,1.8053176,0.028157514,-0.01194784,111.70642,1.0,1.0
10.42,2.0,2.084095,0.012379306,-0.012970916,132.035,1.0,1.0
10.42,2.2,2.2602863,0.0068630315,-0.012876061,183.5264,1.0,1.0
10.42,2.4,2.510407,0.02872654,0.07067619,169.02628,1.0,1.0
10.42,2.6,2.6695023,0.051858477,-0.26472,499.2177,1.0,0.0
10.42,2.8,2.6943543,0.049216576,0.104537256,346.8664,1.0,0.875
10.42,3.0,2.9127886,0.058811374,0.2553503,300.04196,1.0,0.1875
10.44,0.0,0.019456996,0.008178091,-0.06243082,3.952151,1.0,1.0
10.44,0.2,0.21709308,0.031094376,0.015839929,10.56722,1.0,1.0
10.44,0.4,0.43854755,-0.01621151,-0.16721724,19.956364,1.0,1.0
10.44,0.6,0.58650905,2.3204833e-05,-0.04531905,17.548344,1.0,1.0
10.44,0.8,0.85504746,0.027471488,-0.12991917,27.176805,1.0,1.0
10.44,1.0,0.96463734,0.07621867,0.0020017268,30.69286,1.0,1.0
10.44,1.2,1.2174785,0.08124578,-0.02395837,64.58203,1.0,1.0
10.44,1.4,1.4295688,0.054652337,0.04553082,115.42107,1.0,1.0
10.44,1.6,1.6616304,0.05930065,-0.13018948,108.344894,1.0,1.0
10.44,1.8,1.8526936,0.021690857,0.07558842,111.84474,1.0,1.0
10.44,2.0,2.1250608,0.003688883,0.0861152,122.4836,1.0,1.0
10.44,2.2,2.2926617,0.0023715664,0.029146604,149.23386,1.0,1.0
10.44,2.4,2.5434785,0.015258096,0.22335202,144.64584,1.0,0.25
10.44,2.6,2.585149,0.04462278,-0.12565789,777.49194,1.0,1.0
10.44,2.8,2.719191,0.045317277,0.08727677,229.84708,1.0,0.9375
10.44,3.0,2.9679255,0.04538057,0.16997829,298.2259,1.0,0.6875
10.46,0.0,0.019213118,0.003722265,-0.06777379,6.249039,1.0,1.0
10.46,0.2,0.21705173,0.026531447,0.03468322,12.29656,1.0,1.0
10.46,0.4,0.4242797,-0.009731131,-0.1041242,21.82382,1.0,1.0
10.46,0.6,0.6127808,-0.00551367,-0.072568886,16.447136,1.0,1.0
10.46,0.8,0.85345626,0.030604089,-0.12671024,39.058704,1.0,1.0
10.46,1.0,0.9829779,0.08153103,0.005848931,46.556145,1.0,1.0
10.46,1.2,1.173667,0.072097875,-0.09071049,59.04758,1.0,1.0
10.46,1.4,1.3716948,0.05298136,-0.060072415,92.29993,1.0,1.0
10.46,1.6,1.6311728,0.04761684,-0.029274281,175.58603,1.0,1.0
10.46,1.8,1.8823323,0.016765255,0.111555725,172.52737,1.0,1.0
10.46,2.0,2.1414108,0.0010739481,0.12871967,203.90039,1.0,1.0
10.46,2.2,2.331459,-0.0125199575,0.18803768,150.53824,1.0,0.5625
10.46,2.4,2.510818,0.025298718,0.2538955,328.97076,1.0,0.25
10.46,2.6,2.5637329,0.05096194,0.13373326,403.43222,1.0,1.0
10.46,2.8,2.7673895,0.06871256,0.01669947,232.17418,1.0,1.0
10.46,3.0,3.001256,0.04255085,0.18523392,198.65149,1.0,0.6875
10.48,0.0,0.021244518,-0.0013079315,-0.070573434,7.6109004,1.0,1.0
10.48,0.2,0.20862079,0.024011664,0.013331227,11.879646,1.0,1.0
10.48,0.4,0.41368628,-0.0075399736,-0.017631669,14.048763,1.0,1.0
10.48,0.6,0.6424099,-0.007626489,-0.1401964,18.45566,1.0,1.0
10.48,0.8,0.8270182,0.03316491,-0.059478164,15.06234,1.0,1.0
10.48,1.0,1.0169592,0.08670178,0.024526954,54.74912,1.0,1.0
10.48,1.2,1.150255,0.06363921,-0.12476161,51.533543,1.0,1.0
10.48,1.4,1.3270833,0.042013876,-0.118457794,88.9689,1.0,1.0
10.48,1.6,1.5719064,0.043252338,0.031052709,166.72348,1.0,1.0
10.48,1.8,1.8247826,0.037884705,0.07392382,226.41995,1.0,1.0
10.48,2.0,2.0768082,0.03115905,0.044623606,331.8941,1.0,1.0
10.48,2.2,2.3043876,0.002422723,0.15181501,268.48682,1.0,0.6875
10.48,2.4,2.440075,0.047898795,0.10018823,562.12964,1.0,1.0
10.48,2.6,2.6068273,0.034884825,0.21010152,290.04816,1.0,0.3125
10.48,2.8,2.805344,0.09182112,-0.061349306,229.3669,1.0,1.0
10.48,3.0,3.0184627,0.024378192,0.4406187,166.77321,1.0,0.0
10.5,0.0,0.025564857,-0.006314258,-0.08081189,8.547045,1.0,1.0
10.5,0.2,0.20050803,0.021343037,-0.01530975,13.068239,1.0,1.0
10.5,0.4,0.4043717,-0.0060109897,0.013228254,11.9213295,1.0,1.0
10.5,0.6,0.6348319,-0.0007044636,-0.16089126,23.68367,1.0,1.0
10.5,0.8,0.80576587,0.03344609,-0.011878256,13.491139,1.0,1.0
10.5,1.0,1.0627886,0.09184733,0.08776116,41.526787,1.0,1.0
10.5,1.2,1.1440723,0.057483733,-0.10567151,31.120361,1.0,1.0
10.5,1.4,1.3054202,0.03534791,-0.12619129,48.094078,1.0,1.0
10.5,1.6,1.5357957,0.044862032,0.040325522,129.86877,1.0,1.0
10.5,1.8,1.7561402,0.032073263,-0.015102698,200.69386,1.0,1.0
10.5,2.0,2.0051744,0.014886978,0.017526716,311.32538,1.0,1.0
10.5,2.2,2.2331767,0.02008294,0.0562928,446.71823,1.0,1.0
10.5,2.4,2.3740115,0.020928994,0.06575418,423.7588,1.0,1.0
10.5,2.6,2.6548622,0.026825257,0.07674004,249.77045,1.0,1.0
10.5,2.8,2.8290205,0.10350615,-0.15540074,149.52853,1.0,1.0
10.5,3.0,2.9589307,0.03274144,0.45092312,492.94714,1.0,0.0
10.52,0.0,0.0314887,-0.0117970705,-0.10079298,8.994022,1.0,1.0
10.52,0.2,0.19490671,0.011988416,-0.052845724,8.388583,1.0,1.0
10.52,0.4,0.39518628,-0.003965388,0.0011154729,11.569756,1.0,1.0
10.52,0.6,0.61808074,0.00286958,-0.09229409,17.07513,1.0,1.0
10.52,0.8,0.7854489,0.035627253,-0.0026646475,18.699614,1.0,1.0
10.52,1.0,1.0711104,0.09439969,0.05175046,61.929836,1.0,1.0
10.52,1.2,1.1503541,0.056073584,-0.064314544,41.093174,1.0,1.0
10.52,1.4,1.3015707,0.0303056,-0.09111318,45.586792,1.0,1.0
10.52,1.6,1.524653,0.044907738,0.004284556,71.58349,1.0,1.0
10.52,1.8,1.7138538,0.020262187,-0.10825369,121.591736,1.0,1.0
10.52,2.0,1.969312,-0.0017062062,-0.03825078,138.4772,1.0,1.0
10.52,2.2,2.1726196,-0.0020376667,0.015724108,330.5661,1.0,1.0
10.52,2.4,2.3667758,0.0072936453,-0.0010671837,256.8709,1.0,1.0
10.52,2.6,2.6848187,0.028420404,0.049218196,190.21382,1.0,1.0
10.52,2.8,2.806964,0.10664344,-0.26064944,454.3332,1.0,0.0
10.52,3.0,2.8933854,0.05809941,0.1643783,910.59845,1.0,0.8125
10.540000000000001,0.0,0.037960283,-0.01654303,-0.12077707,9.043054,1.0,1.0
10.540000000000001,0.2,0.19226684,0.0023032716,-0.054041762,5.7450705,1.0,1.0
10.540000000000001,0.4,0.38808918,-0.00088799186,-0.010457509,10.969265,1.0,1.0
10.540000000000001,0.6,0.60721886,0.0037055183,-0.016401969,13.097557,1.0,1.0
10.540000000000001,0.8,0.77040386,0.037390932,0.0054934835,23.629272,1.0,1.0
10.540000000000001,1.0,1.0250957,0.094705395,0.01276065,41.49789,1.0,1.0
10.540000000000001,1.2,1.171518,0.057292014,-0.041601747,51.027203,1.0,1.0
10.540000000000001,1.4,1.3155435,0.031225836,-0.055533495,62.273872,1.0,1.0
10.540000000000001,1.6,1.5368578,0.04580448,-0.05158814,77.974976,1.0,1.0
10.540000000000001,1.8,1.700766,0.015234005,-0.13868499,77.53419,1.0,1.0
10.540000000000001,2.0,1.9785066,0.0020608539,-0.10636643,131.0937,1.0,1.0
10.540000000000001,2.2,2.1589932,-0.011799757,-0.048683926,202.27766,1.0,1.0
10.540000000000001,2.4,2.4025927,0.023115147,-0.073789775,186.84314,1.0,1.0
10.540000000000001,2.6,2.7026625,0.01772514,0.22350958,128.5511,1.0,0.125
10.540000000000001,2.8,2.735716,0.08831397,-0.20737448,964.7079,1.0,0.4375
10.540000000000001,3.0,2.827245,0.020131271,0.08317746,622.0724,1.0,0.875
10.56,0.0,0.03912571,-0.012040533,-0.12565559,3.032734,1.0,1.0
10.56,0.2,0.19214039,-0.0048190025,-0.050469276,8.230749,1.0,1.0
10.56,0.4,0.38484922,0.0054702936,-0.014170202,9.172676,1.0,1.0
10.56,0.6,0.5946001,0.0061621554,0.0020773471,16.039267,1.0,1.0
10.56,0.8,0.7645389,0.04091368,0.008510254,19.095325,1.0,1.0
10.56,1.0,0.98660886,0.08683257,-0.054916337,34.136284,1.0,1.0
10.56,1.2,1.2089504,0.060057275,-0.056568455,55.662712,1.0,1.0
10.56,1.4,1.3477545,0.036493517,-0.050349787,75.81513,1.0,1.0
10.56,1.6,1.5641203,0.04890352,-0.05612556,96.60188,1.0,1.0
10.56,1.8,1.7162365,0.023786077,-0.0875358,97.68359,1.0,1.0
10.56,2.0,2.008903,0.015302533,-0.09532025,134.15927,1.0,1.0
10.56,2.2,2.1872818,0.00048922934,-0.1052576,162.88852,1.0,1.0
10.56,2.4,2.4435768,0.04467437,-0.089552686,195.74857,1.0,1.0
10.56,2.6,2.6721241,0.015372768,0.36417192,405.57855,1.0,0.0
10.56,2.8,2.6902747,0.10495725,0.012540413,617.03284,1.0,1.0
10.56,3.0,2.8455172,0.0009501986,0.05314086,292.5421,1.0,0.9375
10.58,0.0,0.038078904,5.6398334e-05,-0.13672131,12.448486,1.0,1.0
10.58,0.2,0.19583291,-0.011321932,-0.05239275,9.762169,1.0,1.0
10.58,0.4,0.38742843,0.015032295,-0.01889148,11.509773,1.0,1.0
10.58,0.6,0.58265716,0.008243075,0.0037853795,18.64701,1.0,1.0
10.58,0.8,0.76801074,0.047428027,-0.0014466195,25.564667,1.0,1.0
10.58,1.0,0.964197,0.07770717,-0.103002205,37.048138,1.0,1.0
10.58,1.2,1.2612475,0.061488517,-0.12071462,49.133823,1.0,1.0
10.58,1.4,1.3957384,0.039922882,-0.09187792,70.56088,1.0,1.0
10.58,1.6,1.6036716,0.04910791,-0.002090997,95.041046,1.0,1.0
10.58,1.8,1.7493114,0.03645437,-0.05320268,114.019104,1.0,1.0
10.58,2.0,2.0466442,0.033821702,-0.056519337,140.30159,1.0,1.0
10.58,2.2,2.222611,0.01859092,-0.09614687,166.7334,1.0,1.0
10.58,2.4,2.471005,0.06160945,-0.09678021,180.49207,1.0,1.0
10.58,2.6,2.6101773,0.049700156,0.15906641,676.6487,1.0,0.9375
10.58,2.8,2.7296772,0.093973815,0.22859836,321.17664,1.0,0.25
10.58,3.0,2.8941593,0.021669231,0.014527695,227.59187,1.0,1.0
10.6,0.0,0.035522178,0.011270514,-0.12464951,12.718578,1.0,1.0
10.6,0.2,0.20293242,-0.019582624,-0.06451517,10.760128,1.0,1.0
10.6,0.4,0.3986317,0.025401684,-0.017618485,13.766979,1.0,1.0
10.6,0.6,0.57549447,0.010485204,-0.000110553636,15.539576,1.0,1.0
10.6,0.8,0.7848434,0.054681957,-0.0131797725,37.658737,1.0,1.0
10.6,1.0,0.95801455,0.071474254,-0.09972079,29.031063,1.0,1.0
10.6,1.2,1.295938,0.06759496,-0.10048653,75.45517,1.0,1.0
10.6,1.4,1.4583334,0.03899868,-0.1401187,86.85529,1.0,1.0
10.6,1.6,1.6578321,0.043937504,0.09445292,96.8031,1.0,1.0
10.6,1.8,1.7913327,0.04527763,-0.0877439,107.43189,1.0,1.0
10.6,2.0,2.088651,0.038921498,-0.12043587,120.618675,1.0,1.0
10.6,2.2,2.2559726,0.0350196,-0.09181314,157.1551,1.0,1.0
10.6,2.4,2.502778,0.06330496,-0.22042336,150.32245,1.0,0.25
10.6,2.6,2.5365305,0.020882256,0.12598017,609.93146,1.0,1.0
10.6,2.8,2.7849312,0.07545598,0.1697661,292.58313,1.0,0.75
10.6,3.0,2.9484758,0.051272534,-0.07555995,259.61188,1.0,1.0
10.620000000000001,0.0,0.031378143,0.016674612,-0.09211085,10.975084,1.0,1.0
10.620000000000001,0.2,0.21384682,-0.029007684,-0.08531426,11.148416,1.0,1.0
10.620000000000001,0.4,0.41898298,0.03406281,0.008390973,14.775719,1.0,1.0
10.620000000000001,0.6,0.57493454,0.01703399,-0.012648549,15.247959,1.0,1.0
10.620000000000001,0.8,0.8151603,0.062516816,0.0012363886,39.82648,1.0,1.0
10.620000000000001,1.0,0.9600117,0.06778611,-0.061687574,27.385832,1.0,1.0
10.620000000000001,1.2,1.2521019,0.058837473,-0.029006807,81.73096,1.0,1.0
10.620000000000001,1.4,1.4456856,0.04394742,-0.056146163,125.28054,1.0,1.0
10.620000000000001,1.6,1.6658268,0.045785375,0.048289895,137.40576,1.0,1.0
10.620000000000001,1.8,1.8473299,0.04543838,-0.15945888,105.9978,1.0,1.0
10.620000000000001,2.0,2.1135345,0.043046057,-0.15305617,170.34985,1.0,1.0
10.620000000000001,2.2,2.2973723,0.032926098,-0.2058492,133.05939,1.0,0.375
10.620000000000001,2.4,2.4680574,0.052104566,-0.19111751,435.71094,1.0,0.75
10.620000000000001,2.6,2.5322633,-0.006257735,0.06396333,301.9807,1.0,1.0
10.620000000000001,2.8,2.8288195,0.074293785,0.11367569,234.88376,1.0,1.0
10.620000000000001,3.0,2.9807363,0.07166146,-0.14383477,203.39212,1.0,0.9375
10.64,0.0,0.030946631,0.019921249,-0.052439272,5.406903,1.0,1.0
10.64,0.2,0.22818848,-0.035661653,-0.10398016,11.353491,1.0,1.0
10.64,0.4,0.43239677,0.03589302,0.035165746,15.601316,1.0,1.0
10.64,0.6,0.583541,0.026564123,-0.024413966,22.827917,1.0,1.0
10.64,0.8,0.85433716,0.068634555,0.060630754,26.767298,1.0,1.0
10.64,1.0,0.9734987,0.066097125,-0.03215958,31.725037,1.0,1.0
10.64,1.2,1.2091935,0.059509356,0.006301796,68.60579,1.0,1.0
10.64,1.4,1.3916284,0.036446966,0.03601931,115.20198,1.0,1.0
10.64,1.6,1.5997498,0.06009676,0.010302216,151.59546,1.0,1.0
10.64,1.8,1.8402143,0.041607495,-0.04373098,187.1419,1.0,1.0
10.64,2.0,2.0575476,0.01970616,-0.03399814,383.16968,1.0,1.0
10.64,2.2,2.2774973,0.024548166,-0.15196398,330.46765,1.0,0.9375
10.64,2.4,2.397157,0.05137389,-0.06175836,647.76855,1.0,1.0
10.64,2.6,2.5745106,0.0077764094,-0.0036758762,201.90607,1.0,1.0
10.64,2.8,2.8499951,0.06448828,0.26440704,150.77701,1.0,0.0
10.64,3.0,2.9895642,0.07699289,-0.26873094,355.81473,1.0,0.1875
10.66,0.0,0.030747417,0.022076182,-0.034983806,2.7852128,1.0,1.0
10.66,0.2,0.22849227,-0.029429723,-0.13444033,8.14201,1.0,1.0
10.66,0.4,0.41808835,0.03003971,0.00952778,13.615874,1.0,1.0
10.66,0.6,0.6029156,0.03634347,-0.017352156,25.550045,1.0,1.0
10.66,0.8,0.8484794,0.06944059,0.03828699,36.110462,1.0,1.0
10.66,1.0,1.0001111,0.0660526,-0.033939652,38.248135,1.0,1.0
10.66,1.2,1.1790689,0.061043993,0.00025368028,63.472954,1.0,1.0
10.66,1.4,1.3494289,0.04142924,0.044423927,105.99088,1.0,1.0
10.66,1.6,1.5436997,0.051686175,-0.080828354,139.19519,1.0,1.0
10.66,1.8,1.7768297,0.024853032,0.035327997,247.18301,1.0,1.0
10.66,2.0,1.9942594,0.024303459,0.057422183,359.4478,1.0,1.0
10.66,2.2,2.2086494,0.017934123,-0.03281466,521.4551,1.0,1.0
10.66,2.4,2.3742127,0.054240406,0.12085408,355.91022,1.0,1.0
10.66,2.6,2.628769,0.03081271,-0.07170406,218.15561,1.0,1.0
10.66,2.8,2.8558319,0.04689975,0.5002087,370.608,1.0,0.0
10.66,3.0,2.936092,0.06921883,-0.28556272,1059.4082,1.0,0.0625
10.68,0.0,0.029948186,0.023391303,-0.025274321,3.0949917,1.0,1.0
10.68,0.2,0.22562969,-0.016173728,-0.14355195,18.037043,1.0,1.0
10.68,0.4,0.4014951,0.024639126,-0.042041663,11.01647,1.0,1.0
10.68,0.6,0.6335552,0.04361181,0.030577105,18.61185,1.0,1.0
10.68,0.8,0.8108536,0.06452891,-0.027838007,18.334597,1.0,1.0
10.68,1.0,1.0424075,0.06583172,-0.07711676,39.38656,1.0,1.0
10.68,1.2,1.1646172,0.06162075,-0.02150517,37.478683,1.0,1.0
10.68,1.4,1.3274258,0.042680237,0.018932596,71.91543,1.0,1.0
10.68,1.6,1.5119183,0.03876409,-0.13253993,85.709984,1.0,1.0
10.68,1.8,1.7348474,0.027720556,0.06181492,193.09726,1.0,1.0
10.68,2.0,1.9746759,0.022429867,0.10503367,181.48672,1.0,1.0
10.68,2.2,2.171515,0.020772971,0.07837636,313.76593,1.0,1.0
10.68,2.4,2.412034,0.040206715,0.15774556,274.37344,1.0,0.9375
10.68,2.6,2.6607478,0.050487757,-0.094911754,209.02435,1.0,1.0
10.68,2.8,2.7922244,0.08454195,0.27580947,608.5821,1.0,0.0625
10.68,3.0,2.8462882,0.08653059,-0.1699153,930.308,1.0,0.6875
10.700000000000001,0.0,0.030782498,0.02560547,-0.01316865,4.959297,1.0,1.0
10.700000000000001,0.2,0.21604104,-0.009045662,-0.087532245,16.758001,1.0,1.0
10.700000000000001,0.4,0.3895253,0.016384982,-0.077985995,8.448158,1.0,1.0
10.700000000000001,0.6,0.6382952,0.045111302,0.030314863,25.852686,1.0,1.0
10.700000000000001,0.8,0.78100634,0.057696126,-0.08943723,17.79623,1.0,1.0
10.700000000000001,1.0,1.0862637,0.06975071,-0.14286348,55.622223,1.0,1.0
10.700000000000001,1.2,1.1646478,0.067922324,-0.038595214,34.34425,1.0,1.0
10.700000000000001,1.4,1.3250115,0.04286215,-0.022341155,46.934414,1.0,1.0
10.700000000000001,1.6,1.5064464,0.03542601,-0.11097932,60.54924,1.0,1.0
10.700000000000001,1.8,1.7251801,0.029317154,0.038040966,113.9772,1.0,1.0
10.700000000000001,2.0,2.003539,0.0174302,0.06231203,159.09045,1.0,1.0
10.700000000000001,2.2,2.1884732,0.013837744,0.09489765,233.65909,1.0,1.0
10.700000000000001,2.4,2.4610777,0.034365196,0.048719887,227.67368,1.0,1.0
10.700000000000001,2.6,2.694626,0.054498613,-0.24058618,119.00343,1.0,0.0
10.700000000000001,2.8,2.7106895,0.062491737,0.19724943,744.99756,1.0,0.375
10.700000000000001,3.0,2.87085,0.09069851,0.17983255,389.48306,1.0,0.6875
10.72,0.0,0.032881904,0.029022384,-0.004370024,6.3778667,1.0,1.0
10.72,0.2,0.20952886,-0.0039232937,-0.011027622,10.183035,1.0,1.0
10.72,0.4,0.38191265,0.009157677,-0.07283646,11.462948,1.0,1.0
10.72,0.6,0.61235595,0.040971383,-0.020470152,11.099895,1.0,1.0
10.72,0.8,0.76369494,0.05056332,-0.104917735,26.602362,1.0,1.0
10.72,1.0,1.0557497,0.067687936,-0.06809808,50.12304,1.0,1.0
10.72,1.2,1.1794032,0.07462832,-0.030722741,51.99758,1.0,1.0
10.72,1.4,1.3392483,0.048377052,-0.02918818,65.39531,1.0,1.0
10.72,1.6,1.5218537,0.03997637,-0.0594521,75.899734,1.0,1.0
10.72,1.8,1.7403418,0.029810129,-0.024262706,101.66289,1.0,1.0
10.72,2.0,2.0442476,0.014108443,-0.01099097,152.3188,1.0,1.0
10.72,2.2,2.2293577,0.010445044,0.0028393066,201.52087,1.0,1.0
10.72,2.4,2.492753,0.032747142,0.02719976,182.61072,1.0,1.0
10.72,2.6,2.664798,0.05101178,-0.2657432,484.63916,1.0,0.0
10.72,2.8,2.69309,0.026019692,0.1443257,318.55405,1.0,0.8125
10.72,3.0,2.929825,0.07117689,0.24253821,304.39896,1.0,0.125
10.74,0.0,0.03663288,0.033266135,0.0020921794,8.079641,1.0,1.0
10.74,0.2,0.20377189,-0.0014553801,0.020246174,7.589397,1.0,1.0
10.74,0.4,0.37949193,0.0044206027,-0.05949468,15.009779,1.0,1.0
10.74,0.6,0.589285,0.03321278,-0.08348383,8.226518,1.0,1.0
10.74,0.8,0.75879437,0.04708588,-0.091518,26.473248,1.0,1.0
10.74,1.0,1.0195222,0.064570084,0.004818486,42.321198,1.0,1.0
10.74,1.2,1.2111114,0.077793255,0.004930113,67.98539,1.0,1.0
10.74,1.4,1.3695954,0.050583825,0.0030595278,78.450836,1.0,1.0
10.74,1.6,1.5548284,0.049171496,-0.045079976,91.9211,1.0,1.0
10.74,1.8,1.7714806,0.029678438,-0.05308114,115.31291,1.0,1.0
10.74,2.0,2.0826623,0.0120217465,-0.014841652,131.91418,1.0,1.0
10.74,2.2,2.2630382,0.008602153,-0.030083016,173.55978,1.0,1.0
10.74,2.4,2.51799,0.02256389,0.15781468,140.44702,1.0,0.8125
10.74,2.6,2.5835848,0.045058534,-0.11382388,784.34314,1.0,1.0
10.74,2.8,2.7286305,0.027739137,0.10650899,209.5821,1.0,1.0
10.74,3.0,2.9863005,0.063665375,0.17738985,285.36572,1.0,0.75
10.76,0.0,0.039702274,0.034987293,-0.00064464635,9.115917,1.0,1.0
10.76,0.2,0.19780453,0.000528113,0.0090458235,6.321205,1.0,1.0
10.76,0.4,0.3827784,-0.0016863616,-0.05026673,13.300387,1.0,1.0
10.76,0.6,0.5728805,0.025368636,-0.09442362,15.089449,1.0,1.0
10.76,0.8,0.7607912,0.042573374,-0.05891854,22.56924,1.0,1.0
10.76,1.0,0.98832464,0.067950636,0.020536415,39.064102,1.0,1.0
10.76,1.2,1.258014,0.08149719,0.07051374,60.19788,1.0,1.0
10.76,1.4,1.4160252,0.049155165,0.064456284,80.30874,1.0,1.0
10.76,1.6,1.600265,0.054934777,-0.07876377,88.450836,1.0,1.0
10.76,1.8,1.8090767,0.029602304,-0.0058310847,108.54192,1.0,1.0
10.76,2.0,2.123637,0.0033668587,0.0850425,122.50128,1.0,1.0
10.76,2.2,2.2932138,0.0022971705,0.054452263,145.25891,1.0,1.0
10.76,2.4,2.5155628,0.01706699,0.27271608,305.69357,1.0,0.0625
10.76,2.6,2.5637958,0.050425194,0.1444619,410.29437,1.0,1.0
10.76,2.8,2.7824068,0.050181806,0.016876008,240.57074,1.0,1.0
10.76,3.0,3.0175066,0.0572753,0.26037413,170.61313,1.0,0.125
10.78,0.0,0.03884875,0.031002844,0.010746535,8.418585,1.0,1.0
10.78,0.2,0.19429323,0.0040028123,0.0007069473,4.7716064,1.0,1.0
10.78,0.4,0.39041644,-0.010122858,-0.050937943,12.916835,1.0,1.0
10.78,0.6,0.5661773,0.020766621,-0.0863916,21.856451,1.0,1.0
10.78,0.8,0.7698034,0.038191855,-0.036753237,23.698723,1.0,1.0
10.78,1.0,0.9680084,0.06827531,0.016861895,39.967354,1.0,1.0
10.78,1.2,1.2925391,0.08238825,0.08734307,72.36234,1.0,1.0
10.78,1.4,1.4630611,0.048337217,0.12702444,121.46243,1.0,1.0
10.78,1.6,1.6622545,0.055894136,-0.14770955,100.58797,1.0,1.0
10.78,1.8,1.8598218,0.021404043,0.102947146,117.96001,1.0,1.0
10.78,2.0,2.1392987,0.0007869089,0.12565169,204.08978,1.0,1.0
10.78,2.2,2.3231802,-0.011356938,0.20552808,209.65881,1.0,0.25
10.78,2.4,2.4540732,0.04589659,0.13751632,485.51086,1.0,1.0
10.78,2.6,2.6075382,0.03416112,0.21523608,293.4725,1.0,0.3125
10.78,2.8,2.8202364,0.070248924,-0.05457135,221.01834,1.0,1.0
10.78,3.0,3.0388353,0.033565592,0.5423033,265.9879,1.0,0.0
10.8,0.0,0.03607344,0.025428116,0.0071440414,7.7645206,1.0,1.0
10.8,0.2,0.19395548,0.010235654,0.0014526639,4.122137,1.0,1.0
10.8,0.4,0.40504795,-0.018822424,-0.060895644,13.394115,1.0,1.0
10.8,0.6,0.5667998,0.016783748,-0.063119724,20.26667,1.0,1.0
10.8,0.8,0.79110074,0.033100225,-0.034935415,23.66875,1.0,1.0
10.8,1.0,0.9603899,0.070968054,0.00653555,25.36483,1.0,1.0
10.8,1.2,1.2404588,0.086941995,0.03974388,70.51007,1.0,1.0
10.8,1.4,1.429224,0.054527987,0.043159526,116.326385,1.0,1.0
10.8,1.6,1.6540773,0.053720333,-0.056900203,148.83073,1.0,1.0
10.8,1.8,1.8688262,0.024927758,0.07110424,159.26817,1.0,1.0
10.8,2.0,2.074026,0.030770652,0.04341957,332.12912,1.0,1.0
10.8,2.2,2.2774353,0.015575059,0.10620648,339.78674,1.0,1.0
10.8,2.4,2.380319,0.026493553,0.10405749,506.9777,1.0,1.0
10.8,2.6,2.655144,0.026171736,0.079754494,251.26016,1.0,1.0
10.8,2.8,2.8493533,0.07806638,-0.17914695,133.96141,1.0,0.8125
10.8,3.0,2.9648213,0.06439488,0.32147133,603.0551,1.0,0.0
10.82,0.0,0.030551113,0.021583827,-0.0069499724,9.779182,1.0,1.0
10.82,0.2,0.19759078,0.018014316,0.0005332788,5.697857,1.0,1.0
10.82,0.4,0.42562377,-0.025189422,-0.0962075,15.560204,1.0,1.0
10.82,0.6,0.57265425,0.010191178,-0.0451434,18.455624,1.0,1.0
10.82,0.8,0.823963,0.029391747,-0.07011382,26.61011,1.0,1.0
10.82,1.0,0.9647343,0.07616925,0.0018605345,30.718828,1.0,1.0
10.82,1.2,1.1901985,0.08284032,-0.044005327,57.56291,1.0,1.0
10.82,1.4,1.3715504,0.053628646,-0.061182387,93.80591,1.0,1.0
10.82,1.6,1.5943575,0.041789226,0.018450584,166.22992,1.0,1.0
10.82,1.8,1.8015889,0.04363511,0.037070353,224.93205,1.0,1.0
10.82,2.0,2.0025678,0.014180315,0.016329521,310.8181,1.0,1.0
10.82,2.2,2.2033265,0.014027392,0.055882618,443.74823,1.0,1.0
10.82,2.4,2.3602514,0.0014724955,0.04100188,267.02832,1.0,1.0
10.82,2.6,2.6841216,0.027577326,0.05417253,192.68512,1.0,1.0
10.82,2.8,2.8238907,0.07713743,-0.26864767,538.9293,1.0,0.0
10.82,3.0,2.881664,0.07039186,0.14553504,901.3622,1.0,0.8125
10.84,0.0,0.025488336,0.01889135,-0.024201278,12.566339,1.0,1.0
10.84,0.2,0.20699462,0.026225002,0.0054197726,9.310793,1.0,1.0
10.84,0.4,0.4373139,-0.021814793,-0.14204615,11.889269,1.0,1.0
10.84,0.6,0.5868517,0.00288379,-0.040563192,18.213636,1.0,1.0
10.84,0.8,0.8641453,0.028533228,-0.117637254,32.753517,1.0,1.0
10.84,1.0,0.9830806,0.08153546,0.005650406,46.559547,1.0,1.0
10.84,1.2,1.1580262,0.07389553,-0.10468528,53.25548,1.0,1.0
10.84,1.4,1.3271841,0.04273813,-0.1179662,90.178894,1.0,1.0
10.84,1.6,1.5495092,0.042960912,0.038358353,144.46136,1.0,1.0
10.84,1.8,1.7400048,0.03136193,-0.042265497,204.8885,1.0,1.0
10.84,2.0,1.9669106,-0.0022198362,-0.039729133,137.89774,1.0,1.0
10.84,2.2,2.1602151,-0.009806734,0.0015897634,254.13885,1.0,1.0
10.84,2.4,2.390688,0.010105716,-0.038677737,197.46855,1.0,1.0
10.84,2.6,2.7017198,0.016331814,0.226683,130.34052,1.0,0.0625
10.84,2.8,2.7465377,0.0655701,-0.15609914,919.1958,1.0,0.8125
10.84,3.0,2.8375306,0.03112368,0.08794082,435.26312,1.0,0.875
10.86,0.0,0.02139103,0.014154723,-0.048259206,6.5938063,1.0,1.0
10.86,0.2,0.21727036,0.031243479,0.014785809,10.624935,1.0,1.0
10.86,0.4,0.43096882,-0.011365126,-0.14538795,21.087635,1.0,1.0
10.86,0.6,0.6111007,-0.0037239287,-0.06060361,17.222748,1.0,1.0
10.86,0.8,0.8462102,0.032847963,-0.12481155,32.44859,1.0,1.0
10.86,1.0,1.0170598,0.08675985,0.024302166,54.78086,1.0,1.0
10.86,1.2,1.1442442,0.068063185,-0.105895594,29.659714,1.0,1.0
10.86,1.4,1.3056905,0.03577064,-0.12477901,48.952866,1.0,1.0
10.86,1.6,1.5287689,0.044066258,0.013839934,85.24768,1.0,1.0
10.86,1.8,1.7078142,0.018956237,-0.12051624,104.22711,1.0,1.0
10.86,2.0,1.9763148,0.0018509421,-0.10790349,131.13231,1.0,1.0
10.86,2.2,2.1643386,-0.009301443,-0.07608341,188.77391,1.0,1.0
10.86,2.4,2.438867,0.03034791,-0.0750016,194.7009,1.0,1.0
10.86,2.6,2.673568,0.0121656805,0.3560242,411.10352,1.0,0.0
10.86,2.8,2.7199602,0.07514535,0.114298165,512.5725,1.0,0.9375
10.86,3.0,2.863935,0.022716388,0.09498276,263.62943,1.0,0.875
10.88,0.0,0.019549957,0.008197924,-0.06241589,3.9561992,1.0,1.0
10.88,0.2,0.21714267,0.026550768,0.033244148,12.466613,1.0,1.0
10.88,0.4,0.41827694,-0.007267749,-0.0787965,20.705055,1.0,1.0
10.88,0.6,0.6427831,-0.0047811884,-0.12258552,18.01837,1.0,1.0
10.88,0.8,0.82248694,0.034432724,-0.04473362,13.267885,1.0,1.0
10.88,1.0,1.0628746,0.09195563,0.08754834,41.57101,1.0,1.0
10.88,1.2,1.1445969,0.06482772,-0.06681271,35.181076,1.0,1.0
10.88,1.4,1.3019634,0.030611642,-0.08898776,45.200993,1.0,1.0
10.88,1.6,1.532605,0.044563603,-0.04091581,71.01558,1.0,1.0
10.88,1.8,1.7050049,0.016232494,-0.13206747,86.68909,1.0,1.0
10.88,2.0,2.0068195,0.015303364,-0.09709484,133.87604,1.0,1.0
10.88,2.2,2.1998353,0.0063783973,-0.107632995,168.73975,1.0,1.0
10.88,2.4,2.4707954,0.049134623,-0.07690789,179.17763,1.0,1.0
10.88,2.6,2.6113813,0.046671167,0.15694144,657.1393,1.0,0.9375
10.88,2.8,2.7629142,0.057409808,0.25387585,303.9286,1.0,0.0625
10.88,3.0,2.9124017,0.048812248,0.03879335,244.78754,1.0,1.0
10.9,0.0,0.019303234,0.0037425417,-0.06768385,6.2494516,1.0,1.0
10.9,0.2,0.20865603,0.023829054,0.01239485,11.95268,1.0,1.0
10.9,0.4,0.4101932,-0.0051563065,-0.003079964,13.191811,1.0,1.0
10.9,0.6,0.64507014,0.00072211213,-0.17211944,27.348457,1.0,1.0
10.9,0.8,0.8023845,0.037417334,-0.015318449,14.826286,1.0,1.0
10.9,1.0,1.071367,0.09458991,0.05226398,60.992126,1.0,1.0
10.9,1.2,1.157915,0.06469104,-0.032805208,44.733944,1.0,1.0
10.9,1.4,1.3159974,0.03147979,-0.054006033,62.044754,1.0,1.0
10.9,1.6,1.5550525,0.04639447,-0.05814726,92.93724,1.0,1.0
10.9,1.8,1.7278266,0.026526697,-0.07726216,101.276566,1.0,1.0
10.9,2.0,2.0444946,0.03396287,-0.058956414,139.83731,1.0,1.0
10.9,2.2,2.2330277,0.024619166,-0.09236955,167.1922,1.0,1.0
10.9,2.4,2.5047994,0.054485213,-0.17331962,123.34778,1.0,0.75
10.9,2.6,2.537188,0.018143341,0.12255913,613.6006,1.0,1.0
10.9,2.8,2.8152661,0.041302964,0.1595802,280.27817,1.0,0.875
10.9,3.0,2.9557846,0.07449897,-0.065440714,255.53387,1.0,1.0
10.92,0.0,0.021329239,-0.001289926,-0.07047688,7.6124268,1.0,1.0
10.92,0.2,0.2004932,0.021087853,-0.015855093,13.114689,1.0,1.0
10.92,0.4,0.4019745,-0.0032639233,0.007944607,11.492355,1.0,1.0
10.92,0.6,0.6261577,0.0062088165,-0.11517151,17.905338,1.0,1.0
10.92,0.8,0.78325784,0.040114433,-0.011205909,21.228422,1.0,1.0
10.92,1.0,1.0252929,0.094724804,0.012950417,40.505577,1.0,1.0
10.92,1.2,1.1889608,0.06746024,-0.022815205,53.705475,1.0,1.0
10.92,1.4,1.3482308,0.03670673,-0.04940968,75.78663,1.0,1.0
10.92,1.6,1.5895331,0.048237927,-0.019407663,94.80888,1.0,1.0
10.92,1.8,1.7656083,0.039662223,-0.05803883,113.61415,1.0,1.0
10.92,2.0,2.0864408,0.03912051,-0.12327309,120.209335,1.0,1.0
10.92,2.2,2.2666721,0.03686711,-0.12607904,148.94958,1.0,1.0
10.92,2.4,2.49458,0.04960066,-0.1926859,342.97748,1.0,0.75
10.92,2.6,2.5328152,-0.0093385875,0.059576083,302.45618,1.0,1.0
10.92,2.8,2.851047,0.03947732,0.13088956,209.97992,1.0,1.0
10.92,3.0,2.9799116,0.089757055,-0.17056312,175.72977,1.0,0.875
10.94,0.0,0.0256348,-0.006300796,-0.080693215,8.473092,1.0,1.0
10.94,0.2,0.19487312,0.011716645,-0.053001083,8.407179,1.0,1.0
10.94,0.4,0.3937655,-0.0013314243,-0.0077858204,11.164717,1.0,1.0
10.94,0.6,0.6122173,0.00847532,-0.027105063,10.455416,1.0,1.0
10.94,0.8,0.7711222,0.042475007,-0.00239506,22.234331,1.0,1.0
10.94,1.0,0.98683405,0.08670003,-0.055264406,33.65525,1.0,1.0
10.94,1.2,1.2344509,0.06986525,-0.06702928,52.822773,1.0,1.0
10.94,1.4,1.3962717,0.040013723,-0.091109484,70.66847,1.0,1.0
10.94,1.6,1.6395409,0.042756174,0.06947389,91.011826,1.0,1.0
10.94,1.8,1.8116143,0.046175677,-0.10816859,104.88593,1.0,1.0
10.94,2.0,2.1099985,0.043597806,-0.15247504,170.85811,1.0,1.0
10.94,2.2,2.3008327,0.03389972,-0.21970573,171.79236,1.0,0.25
10.94,2.4,2.4268963,0.034851708,-0.078281775,647.5132,1.0,1.0
10.94,2.6,2.5750859,0.0046121627,-0.006962408,203.64406,1.0,1.0
10.94,2.8,2.8695018,0.02513092,0.31887046,138.84384,1.0,0.0
10.94,3.0,2.9547336,0.09737649,-0.29386455,470.99167,1.0,0.0
10.96,0.0,0.031580158,-0.011788992,-0.10079844,9.048253,1.0,1.0
10.96,0.2,0.19221014,0.0020887754,-0.05390744,5.778573,1.0,1.0
10.96,0.4,0.38771382,0.0021729888,-0.01514241,10.263087,1.0,1.0
10.96,0.6,0.5984051,0.010914117,-0.0036110466,14.2665,1.0,1.0
10.96,0.8,0.768492,0.046950944,0.001834248,18.99603,1.0,1.0
10.96,1.0,0.96446896,0.07748468,-0.1035164,37.063606,1.0,1.0
10.96,1.2,1.2878113,0.07341748,-0.12655702,72.32016,1.0,1.0
10.96,1.4,1.4590837,0.03887014,-0.14039932,90.17671,1.0,1.0
10.96,1.6,1.6734505,0.041146733,0.10081369,132.09619,1.0,1.0
10.96,1.8,1.8660192,0.047606055,-0.16341682,129.67905,1.0,1.0
10.96,2.0,2.0564806,0.019816648,-0.030330455,381.6721,1.0,1.0
10.96,2.2,2.2610948,0.018819995,-0.12304063,449.2047,1.0,1.0
10.96,2.4,2.378858,0.041323334,0.07776023,408.46313,1.0,1.0
10.96,2.6,2.6292481,0.027465679,-0.07460728,218.408,1.0,1.0
10.96,2.8,2.8423567,0.017900825,0.45681107,414.55774,1.0,0.0
10.96,3.0,2.8817654,0.08242225,-0.29972094,1117.9199,1.0,0.0625
10.98,0.0,0.038053337,-0.016543556,-0.120865166,9.030277,1.0,1.0
10.98,0.2,0.19211511,-0.0050003063,-0.050263785,8.219854,1.0,1.0
10.98,0.4,0.38561332,0.009540107,-0.017860275,9.115862,1.0,1.0
10.98,0.6,0.5850301,0.013711948,-0.0007999466,17.607904,1.0,1.0
10.98,0.8,0.77604413,0.053492766,-0.0038462388,30.003664,1.0,1.0
10.98,1.0,0.95832336,0.07115677,-0.10026175,29.143932,1.0,1.0
10.98,1.2,1.2584194,0.069596276,-0.024797115,85.13634,1.0,1.0
10.98,1.4,1.445996,0.043473035,-0.054319143,125.80829,1.0,1.0
10.98,1.6,1.6182227,0.05787677,0.06931135,158.21303,1.0,1.0
10.98,1.8,1.8378727,0.034351397,-0.047480445,220.36873,1.0,1.0
10.98,2.0,1.9934957,0.024106469,0.06137251,361.2697,1.0,1.0
10.98,2.2,2.194348,0.023029726,-0.0051796967,485.41452,1.0,1.0
10.98,2.4,2.3997521,0.030041425,0.15858167,276.0852,1.0,0.8125
10.98,2.6,2.6612391,0.047468945,-0.09786293,208.52777,1.0,1.0
10.98,2.8,2.7799973,0.0533482,0.21210179,743.1404,1.0,0.375
10.98,3.0,2.826883,0.10470947,-0.087984316,757.38025,1.0,0.875
11.0,0.0,0.039210048,-0.012071885,-0.12576255,3.0409083,1.0,1.0
11.0,0.2,0.1958403,-0.011460193,-0.052221723,9.742294,1.0,1.0
11.0,0.4,0.39008793,0.019572522,-0.020857759,11.903425,1.0,1.0
11.0,0.6,0.5766238,0.016075864,-0.0035596187,16.472397,1.0,1.0
11.0,0.8,0.79759586,0.06135958,-0.0070848325,40.29196,1.0,1.0
11.0,1.0,0.96035624,0.06736679,-0.06211874,27.439362,1.0,1.0
11.0,1.2,1.211513,0.06473763,0.028335454,74.33834,1.0,1.0
11.0,1.4,1.392194,0.036174104,0.03745401,115.6118,1.0,1.0
11.0,1.6,1.5550513,0.051882707,-0.042504154,137.28757,1.0,1.0
11.0,1.8,1.7742671,0.026938546,0.027496751,244.12079,1.0,1.0
11.0,2.0,1.9740125,0.02219475,0.10852085,182.56622,1.0,1.0
11.0,2.2,2.173935,0.023590792,0.09723665,262.3145,1.0,1.0
11.0,2.4,2.4463763,0.019787837,0.05869821,225.5351,1.0,1.0
11.0,2.6,2.694911,0.05168117,-0.24348441,117.96271,1.0,0.0
11.0,2.8,2.7042575,0.023711592,0.14618374,697.0299,1.0,0.625
11.0,3.0,2.870789,0.09845574,0.21346833,333.1,1.0,0.375
11.02,0.0,0.038171075,1.7328886e-05,-0.13676345,12.442371,1.0,1.0
11.02,0.2,0.20296988,-0.019686371,-0.06439087,10.754815,1.0,1.0
11.02,0.4,0.40398878,0.029958026,-0.014233924,14.392092,1.0,1.0
11.02,0.6,0.5748689,0.022070948,-0.0126397805,14.295864,1.0,1.0
11.02,0.8,0.83211577,0.068560675,0.020808898,37.369263,1.0,1.0
11.02,1.0,0.9738635,0.0655666,-0.032402012,31.734158,1.0,1.0
11.02,1.2,1.1742558,0.06570602,0.022523914,68.21036,1.0,1.0
11.02,1.4,1.350025,0.041171446,0.044939063,106.68409,1.0,1.0
11.02,1.6,1.5137122,0.04087027,-0.12865308,103.692894,1.0,1.0
11.02,1.8,1.7388338,0.028217148,0.045459993,161.22638,1.0,1.0
11.02,2.0,2.0030355,0.017201014,0.065105766,159.73001,1.0,1.0
11.02,2.2,2.2063017,0.015527763,0.08535364,219.22531,1.0,1.0
11.02,2.4,2.4835708,0.019608654,0.010584904,189.70378,1.0,1.0
11.02,2.6,2.6665492,0.049216665,-0.27150592,483.73273,1.0,0.0
11.02,2.8,2.7025068,-0.006468959,0.09884691,317.9844,1.0,0.75
11.02,3.0,2.9312112,0.07942891,0.20495842,322.01074,1.0,0.5
11.040000000000001,0.0,0.035612043,0.011244348,-0.12468691,12.763581,1.0,1.0
11.040000000000001,0.2,0.21388778,-0.02907528,-0.08523524,11.118813,1.0,1.0
11.040000000000001,0.4,0.42611402,0.037949268,0.020802256,14.349651,1.0,1.0
11.040000000000001,0.6,0.5815712,0.031485125,-0.02433199,21.99984,1.0,1.0
11.040000000000001,0.8,0.8700599,0.073596284,0.07073553,35.44951,1.0,1.0
11.040000000000001,1.0,1.0005188,0.06541307,-0.034242973,38.35353,1.0,1.0
11.040000000000001,1.2,1.1539059,0.06314322,-0.00031886634,46.83859,1.0,1.0
11.040000000000001,1.4,1.327965,0.042356133,0.019850306,71.98414,1.0,1.0
11.040000000000001,1.6,1.4972987,0.034256108,-0.14360338,54.714928,1.0,1.0
11.040000000000001,1.8,1.7353778,0.028322332,0.008415377,100.75576,1.0,1.0
11.040000000000001,2.0,2.0438635,0.013794076,-0.008579292,151.82016,1.0,1.0
11.040000000000001,2.2,2.2501028,0.013034039,0.0019469946,192.56975,1.0,1.0
11.040000000000001,2.4,2.507779,0.011887852,0.12324645,154.9076,1.0,1.0
11.040000000000001,2.6,2.5851595,0.042069532,-0.11946277,778.55774,1.0,1.0
11.040000000000001,2.8,2.744707,0.0044120625,0.05256069,206.84457,1.0,1.0
11.040000000000001,3.0,2.9824057,0.075565994,0.1596032,258.7249,1.0,0.9375
11.06,0.0,0.031454396,0.016680866,-0.092144385,10.943157,1.0,1.0
11.06,0.2,0.2282321,-0.035621695,-0.103524074,11.310348,1.0,1.0
11.06,0.4,0.4312314,0.03653732,0.02836696,14.352294,1.0,1.0
11.06,0.6,0.5992168,0.041719403,-0.021673918,25.951826,1.0,1.0
11.06,0.8,0.84506065,0.0709718,0.038502477,30.780159,1.0,1.0
11.06,1.0,1.0428667,0.06508379,-0.0773326,39.50772,1.0,1.0
11.06,1.2,1.1493665,0.064983554,-0.028548826,32.083324,1.0,1.0
11.06,1.4,1.3255665,0.04248876,-0.021221519,47.141953,1.0,1.0
11.06,1.6,1.5041347,0.03659906,-0.09154575,70.74489,1.0,1.0
11.06,1.8,1.7550235,0.028947115,-0.052677684,110.40252,1.0,1.0
11.06,2.0,2.0822875,0.011594917,-0.012897816,131.64874,1.0,1.0
11.06,2.2,2.284428,0.010212234,0.0028331252,161.40604,1.0,1.0
11.06,2.4,2.5300922,-0.0026948415,0.3073725,245.44351,1.0,0.0625
11.06,2.6,2.5635035,0.0481416,0.13907485,405.12076,1.0,1.0
11.06,2.8,2.7994218,0.029342696,-0.03459979,243.31514,1.0,1.0
11.06,3.0,3.0068603,0.06473423,0.31372887,152.10497,1.0,0.0625
11.08,0.0,0.030989993,0.019943528,-0.052480932,5.393285,1.0,1.0
11.08,0.2,0.22838566,-0.029478204,-0.13443156,8.19932,1.0,1.0
11.08,0.4,0.4146092,0.029905364,-0.001459662,14.583143,1.0,1.0
11.08,0.6,0.6285378,0.049571592,0.017110817,20.86876,1.0,1.0
11.08,0.8,0.80824816,0.06299539,-0.034483846,18.36369,1.0,1.0
11.08,1.0,1.086807,0.06886511,-0.142595,56.00144,1.0,1.0
11.08,1.2,1.1589212,0.070047945,-0.03021861,46.2502,1.0,1.0
11.08,1.4,1.3398309,0.047999322,-0.028434685,65.89225,1.0,1.0
11.08,1.6,1.5309212,0.044079464,-0.05641226,89.75447,1.0,1.0
11.08,1.8,1.7880561,0.02905006,-0.06176739,119.14935,1.0,1.0
11.08,2.0,2.1232219,0.0028745402,0.086198814,122.37993,1.0,1.0
11.08,2.2,2.320051,0.00025431346,0.11594129,144.19836,1.0,0.9375
11.08,2.4,2.474403,0.025967862,0.18239674,413.05063,1.0,0.6875
11.08,2.6,2.6068406,0.032010414,0.21382166,290.20032,1.0,0.25
11.08,2.8,2.8338203,0.048811816,-0.08904703,222.61478,1.0,1.0
11.08,3.0,3.0077403,0.044593427,0.58746856,415.73578,1.0,0.0
11.1,0.0,0.030750962,0.022103293,-0.03501782,2.8361883,1.0,1.0
11.1,0.2,0.22545886,-0.016352028,-0.14349008,18.135002,1.0,1.0
11.1,0.4,0.3985948,0.022057358,-0.060083546,9.99193,1.0,1.0
11.1,0.6,0.6469965,0.05396258,0.042195957,28.541862,1.0,1.0
11.1,0.8,0.7788426,0.05448976,-0.08654468,18.663353,1.0,1.0
11.1,1.0,1.0561953,0.06690152,-0.06886916,49.828873,1.0,1.0
11.1,1.2,1.1839919,0.07294004,-0.0053733066,61.711643,1.0,1.0
11.1,1.4,1.3702962,0.05009338,0.0037979428,78.786285,1.0,1.0
11.1,1.6,1.5702447,0.05222376,-0.07200703,90.258835,1.0,1.0
11.1,1.8,1.8277425,0.028354034,0.005169284,107.427704,1.0,1.0
11.1,2.0,2.1380887,0.00041711796,0.12521605,205.18027,1.0,1.0
11.1,2.2,2.3293605,-0.0033712406,0.20876837,255.65475,1.0,0.25
11.1,2.4,2.3995585,0.016568918,0.11161482,546.01697,1.0,1.0
11.1,2.6,2.6549268,0.023837686,0.07896,249.62987,1.0,1.0
11.1,2.8,2.8644772,0.052202247,-0.23135082,162.15088,1.0,0.4375
11.1,3.0,2.93721,0.0868027,0.29344833,738.41174,1.0,0.0625
11.120000000000001,0.0,0.029938495,0.023422688,-0.025268432,3.0932555,1.0,1.0
11.120000000000001,0.2,0.21582207,-0.009267973,-0.087414175,16.672232,1.0,1.0
11.120000000000001,0.4,0.38750148,0.013012449,-0.07901558,8.025119,1.0,1.0
11.120000000000001,0.6,0.623458,0.04974477,0.009556321,14.816565,1.0,1.0
11.120000000000001,0.8,0.7642439,0.0479381,-0.0974319,27.52126,1.0,1.0
11.120000000000001,1.0,1.0199481,0.06396568,0.0036141956,42.18293,1.0,1.0
11.120000000000001,1.2,1.2253478,0.07462856,0.041479893,64.96698,1.0,1.0
11.120000000000001,1.4,1.4167292,0.048573736,0.064775586,80.58261,1.0,1.0
11.120000000000001,1.6,1.6253815,0.054687697,-0.12969221,82.371994,1.0,1.0
11.120000000000001,1.8,1.8812101,0.017715454,0.15085864,140.20529,1.0,1.0
11.120000000000001,2.0,2.0737448,0.030764129,0.04318931,333.27036,1.0,1.0
11.120000000000001,2.2,2.2679362,0.023865104,0.097056374,411.26016,1.0,1.0
11.120000000000001,2.4,2.3664763,-0.010738172,0.05487381,289.38998,1.0,1.0
11.120000000000001,2.6,2.6846564,0.025306545,0.051773,191.01544,1.0,1.0
11.120000000000001,2.8,2.8258872,0.04766068,-0.28766137,647.63696,1.0,0.0
11.120000000000001,3.0,2.8462772,0.06621278,0.20922956,852.5875,1.0,0.3125
11.14,0.0,0.030762369,0.025641685,-0.013139185,4.948451,1.0,1.0
11.14,0.2,0.20930699,-0.004214427,-0.011107899,10.158014,1.0,1.0
11.14,0.4,0.38073823,0.006743381,-0.06897256,12.763184,1.0,1.0
11.14,0.6,0.59909457,0.042180844,-0.061093275,7.054987,1.0,1.0
11.14,0.8,0.76040065,0.04336092,-0.079004645,23.534266,1.0,1.0
11.14,1.0,0.98872167,0.06745894,0.01959547,38.91636,1.0,1.0
11.14,1.2,1.2752774,0.07648775,0.12107203,81.21951,1.0,1.0
11.14,1.4,1.463531,0.047771376,0.12635359,122.28659,1.0,1.0
11.14,1.6,1.6559187,0.059981897,-0.08717817,99.330444,1.0,1.0
11.14,1.8,1.860801,0.029728003,0.08300487,195.05145,1.0,1.0
11.14,2.0,2.0023713,0.014319854,0.016691055,311.39664,1.0,1.0
11.14,2.2,2.196279,0.007911218,0.06563037,406.29056,1.0,1.0
11.14,2.4,2.3881202,-0.0072745867,-0.0249891,213.81404,1.0,1.0
11.14,2.6,2.7023134,0.01427298,0.2257805,129.90018,1.0,0.0625
11.14,2.8,2.732605,0.04846862,-0.18452895,895.9442,1.0,0.6875
11.14,3.0,2.8288896,0.026110236,0.16838926,338.78162,1.0,0.5625
11.16,0.0,0.032863513,0.029061263,-0.0043462496,6.381706,1.0,1.0
11.16,0.2,0.20356077,-0.0017765965,0.020077795,7.556485,1.0,1.0
11.16,0.4,0.37941986,0.0022855662,-0.056852162,14.761303,1.0,1.0
11.16,0.6,0.5804917,0.034058593,-0.08445133,12.947079,1.0,1.0
11.16,0.8,0.76435715,0.037503477,-0.047898114,25.390984,1.0,1.0
11.16,1.0,0.96840626,0.06789024,0.016406424,39.865944,1.0,1.0
11.16,1.2,1.2511601,0.08014062,0.05320453,75.90939,1.0,1.0
11.16,1.4,1.4297423,0.05423842,0.044015113,115.377396,1.0,1.0
11.16,1.6,1.6085837,0.044078056,-0.0009082323,169.86836,1.0,1.0
11.16,1.8,1.7869447,0.04211051,0.035046026,220.37405,1.0,1.0
11.16,2.0,1.9669173,-0.0022869874,-0.039515942,138.6961,1.0,1.0
11.16,2.2,2.1673944,-0.011597691,0.0028497386,214.24608,1.0,1.0
11.16,2.4,2.4357967,0.012574833,-0.080464736,198.55199,1.0,1.0
11.16,2.6,2.6716278,0.0115774125,0.36292455,407.9362,1.0,0.0
11.16,2.8,2.728324,0.058238044,0.12573731,445.5915,1.0,1.0
11.16,3.0,2.8631034,0.026143163,0.16017558,213.98111,1.0,0.625
11.18,0.0,0.036612816,0.03330545,0.0020677662,8.042866,1.0,1.0
11.18,0.2,0.19761956,0.00017885584,0.008716721,6.319108,1.0,1.0
11.18,0.4,0.38399175,-0.0045891376,-0.048987176,13.020347,1.0,1.0
11.18,0.6,0.5712822,0.028929794,-0.082254075,21.078903,1.0,1.0
11.18,0.8,0.77760047,0.032487497,-0.03250178,25.663181,1.0,1.0
11.18,1.0,0.96080583,0.070729576,0.0064338655,25.33582,1.0,1.0
11.18,1.2,1.1994212,0.07743254,-0.025459256,61.78875,1.0,1.0
11.18,1.4,1.372046,0.05289764,-0.061188553,93.14819,1.0,1.0
11.18,1.6,1.557756,0.04576204,0.04173313,162.37491,1.0,1.0
11.18,1.8,1.7300951,0.028752733,-0.04657203,182.6357,1.0,1.0
11.18,2.0,1.9764466,0.0015050508,-0.107624084,131.54578,1.0,1.0
11.18,2.2,2.1860278,-0.0055543026,-0.07862255,172.26776,1.0,1.0
11.18,2.4,2.4700117,0.03206637,-0.08577749,187.03136,1.0,1.0
11.18,2.6,2.612671,0.04648591,0.15740918,668.7826,1.0,1.0
11.18,2.8,2.7775922,0.041240968,0.21825957,298.2698,1.0,0.1875
11.18,3.0,2.9147797,0.050944123,0.07030397,259.70508,1.0,1.0
11.200000000000001,0.0,0.039684374,0.035020083,-0.0006213286,9.145162,1.0,1.0
11.200000000000001,0.2,0.19416413,0.0036467812,0.00055454625,4.7626553,1.0,1.0
11.200000000000001,0.4,0.3929302,-0.013458533,-0.051898032,12.529352,1.0,1.0
11.200000000000001,0.6,0.57004446,0.025347847,-0.06256767,20.798698,1.0,1.0
11.200000000000001,0.8,0.80462134,0.027513873,-0.04018514,26.704967,1.0,1.0
11.200000000000001,1.0,0.9651774,0.07603024,0.0018190552,30.78666,1.0,1.0
11.200000000000001,1.2,1.1581476,0.06672173,-0.08904433,58.798325,1.0,1.0
11.200000000000001,1.4,1.3276277,0.0419353,-0.11860294,89.9792,1.0,1.0
11.200000000000001,1.6,1.5313617,0.04917583,0.038976423,111.99064,1.0,1.0
11.200000000000001,1.8,1.7034945,0.017386485,-0.11288849,89.51946,1.0,1.0
11.200000000000001,2.0,2.0070732,0.014800706,-0.09654997,133.62762,1.0,1.0
11.200000000000001,2.2,2.2236702,0.010653797,-0.08340885,167.69086,1.0,1.0
11.200000000000001,2.4,2.5007205,0.04216515,-0.15007517,149.29408,1.0,1.0
11.200000000000001,2.6,2.5396535,0.01858329,0.12934494,613.1035,1.0,1.0
11.200000000000001,2.8,2.828992,0.032283373,0.11203047,283.0877,1.0,1.0
11.200000000000001,3.0,2.954207,0.07219364,-0.04088711,240.81265,1.0,0.9375
11.22,0.0,0.038827952,0.031027991,0.01071599,8.426777,1.0,1.0
11.22,0.2,0.19387682,0.0098650865,0.0014561074,4.125581,1.0,1.0
11.22,0.4,0.40925652,-0.021693964,-0.06854205,13.428382,1.0,1.0
11.22,0.6,0.5739597,0.019540118,-0.043907657,17.88763,1.0,1.0
11.22,0.8,0.84078294,0.024203278,-0.09566105,27.465534,1.0,1.0
11.22,1.0,0.98356783,0.08148659,0.0056228377,46.66887,1.0,1.0
11.22,1.2,1.1364123,0.060353477,-0.11846482,45.92086,1.0,1.0
11.22,1.4,1.306037,0.03527755,-0.12556684,48.79544,1.0,1.0
11.22,1.6,1.530585,0.049670223,-0.002870756,68.32121,1.0,1.0
11.22,1.8,1.7073622,0.018026493,-0.10548417,89.908554,1.0,1.0
11.22,2.0,2.0448866,0.033368737,-0.057691857,139.93747,1.0,1.0
11.22,2.2,2.2574673,0.028072283,-0.064039774,163.36285,1.0,1.0
11.22,2.4,2.4973063,0.043325145,-0.211171,305.0184,1.0,0.25
11.22,2.6,2.535823,-0.0087338835,0.06678915,303.91296,1.0,1.0
11.22,2.8,2.860223,0.032278694,0.115220055,193.4649,1.0,0.9375
11.22,3.0,2.9796405,0.08190486,-0.18920454,171.43951,1.0,0.6875
11.24,0.0,0.036048852,0.0254497,0.007135384,7.7540755,1.0,1.0
11.24,0.2,0.19756195,0.01763439,0.0005436246,5.6607647,1.0,1.0
11.24,0.4,0.43122596,-0.027125146,-0.109861374,15.316086,1.0,1.0
11.24,0.6,0.58552134,0.0121351965,-0.036639348,18.050072,1.0,1.0
11.24,0.8,0.86538583,0.02499938,-0.122605026,40.50004,1.0,1.0
11.24,1.0,1.0176103,0.08678801,0.024432825,54.863274,1.0,1.0
11.24,1.2,1.1316688,0.05519373,-0.098160416,33.924942,1.0,1.0
11.24,1.4,1.302216,0.030195521,-0.09028441,45.286842,1.0,1.0
11.24,1.6,1.5510378,0.05051331,-0.03980753,83.5839,1.0,1.0
11.24,1.8,1.734825,0.028377786,-0.055235494,107.87852,1.0,1.0
11.24,2.0,2.086988,0.038369738,-0.12177483,120.79317,1.0,1.0
11.24,2.2,2.2952676,0.03258463,-0.14788447,136.55342,1.0,0.875
11.24,2.4,2.434628,0.023265272,-0.1282806,670.6577,1.0,0.9375
11.24,2.6,2.578517,0.00481122,-0.0017931846,202.62332,1.0,1.0
11.24,2.8,2.879322,0.017190509,0.32959667,136.03075,1.0,0.0
11.24,3.0,2.9463081,0.083921105,-0.30223006,673.9242,1.0,0.0
11.26,0.0,0.030518493,0.021607593,-0.0069712847,9.802572,1.0,1.0
11.26,0.2,0.20699935,0.02581646,0.00548927,9.257386,1.0,1.0
11.26,0.4,0.43847045,-0.020891346,-0.15839443,13.740772,1.0,1.0
11.26,0.6,0.6073564,0.0054186527,-0.04948776,18.409758,1.0,1.0
11.26,0.8,0.840029,0.029527374,-0.10733259,21.462408,1.0,1.0
11.26,1.0,1.063486,0.09207289,0.087795466,41.58087,1.0,1.0
11.26,1.2,1.1398518,0.054123215,-0.061275654,43.92769,1.0,1.0
11.26,1.4,1.3161526,0.031109054,-0.054700755,62.05297,1.0,1.0
11.26,1.6,1.5831965,0.053451385,-0.02437716,93.543076,1.0,1.0
11.26,1.8,1.7741553,0.04066238,-0.05464018,112.776596,1.0,1.0
11.26,2.0,2.1110837,0.042681444,-0.15282413,169.72807,1.0,1.0
11.26,2.2,2.3000124,0.030529797,-0.16030395,248.31204,1.0,0.8125
11.26,2.4,2.3749022,0.034834422,0.01187622,528.1082,1.0,1.0
11.26,2.6,2.6331716,0.027473532,-0.070329055,217.85587,1.0,1.0
11.26,2.8,2.8344026,0.021534756,0.38886288,428.71002,1.0,0.0
11.26,3.0,2.8608508,0.07570464,-0.22140743,983.724,1.0,0.4375
11.28,0.0,0.025463283,0.01890947,-0.024228085,12.558388,1.0,1.0
11.28,0.2,0.2172078,0.030957572,0.01591443,10.568907,1.0,1.0
11.28,0.4,0.42769504,-0.010776211,-0.1259503,20.919474,1.0,1.0
11.28,0.6,0.6364751,0.0023327284,-0.10506487,18.061167,1.0,1.0
11.28,0.8,0.818103,0.029794505,-0.032264218,11.775352,1.0,1.0
11.28,1.0,1.0721854,0.09485701,0.052742004,60.893402,1.0,1.0
11.28,1.2,1.1649832,0.056576163,-0.04140352,55.2137,1.0,1.0
11.28,1.4,1.3483189,0.036372725,-0.049769677,75.85978,1.0,1.0
11.28,1.6,1.6288213,0.05056682,0.045856863,92.3742,1.0,1.0
11.28,1.8,1.8237438,0.04387478,-0.12289331,106.36246,1.0,1.0
11.28,2.0,2.0540514,0.01888113,-0.037148647,377.9165,1.0,1.0
11.28,2.2,2.2402353,0.011869401,-0.06741609,523.56384,1.0,1.0
11.28,2.4,2.3817487,0.03099072,0.15616032,304.2141,1.0,0.875
11.28,2.6,2.6654809,0.0469815,-0.09387231,209.14038,1.0,1.0
11.28,2.8,2.7720687,0.05045536,0.13186683,784.6304,1.0,0.875
11.28,3.0,2.848567,0.08847218,0.10337791,512.671,1.0,0.9375
11.3,0.0,0.021362897,0.014166722,-0.048224863,6.594158,1.0,1.0
11.3,0.2,0.21711956,0.026298745,0.034703225,12.219532,1.0,1.0
11.3,0.4,0.41565824,-0.007963228,-0.053202134,18.257824,1.0,1.0
11.3,0.6,0.64874023,0.007096363,-0.17456052,27.622208,1.0,1.0
11.3,0.8,0.79745114,0.03308437,-0.007538501,15.810782,1.0,1.0
11.3,1.0,1.0260385,0.0951338,0.013795712,40.808945,1.0,1.0
11.3,1.2,1.204802,0.05964005,-0.06419515,56.09641,1.0,1.0
11.3,1.4,1.3963125,0.03980375,-0.09164156,70.74031,1.0,1.0
11.3,1.6,1.680826,0.04544709,0.13959393,130.27142,1.0,1.0
11.3,1.8,1.8633239,0.047601216,-0.11680428,136.70084,1.0,1.0
11.3,2.0,1.9911788,0.023701722,0.056868937,357.66898,1.0,1.0
11.3,2.2,2.1855137,0.016661048,0.03610149,407.2447,1.0,1.0
11.3,2.4,2.429277,0.01779044,0.10876532,245.33267,1.0,1.0
11.3,2.6,2.6995742,0.05088532,-0.23904224,118.79645,1.0,0.0
11.3,2.8,2.7005918,0.01902958,0.0717959,602.7687,1.0,0.875
11.3,3.0,2.8987272,0.06930837,0.26228684,301.16068,1.0,0.125
11.32,0.0,0.019517498,0.008214911,-0.062340606,3.9576263,1.0,1.0
11.32,0.2,0.20870411,0.023774814,0.013397798,11.946433,1.0,1.0
11.32,0.4,0.40771234,-0.0066932375,0.009108398,12.700656,1.0,1.0
11.32,0.6,0.6297493,0.012201184,-0.12496262,19.997442,1.0,1.0
11.32,0.8,0.7795929,0.035346217,0.0003545836,23.441488,1.0,1.0
11.32,1.0,0.98748463,0.0871118,-0.054178163,33.837,1.0,1.0
11.32,1.2,1.2596803,0.061518326,-0.13816953,49.793293,1.0,1.0
11.32,1.4,1.4589357,0.038921557,-0.1404036,86.80482,1.0,1.0
11.32,1.6,1.6489758,0.053850498,0.08309942,157.09073,1.0,1.0
11.32,1.8,1.818246,0.028214063,-0.015942607,241.02371,1.0,1.0
11.32,2.0,1.9716351,0.021909824,0.10483745,179.8086,1.0,1.0
11.32,2.2,2.1839464,0.013184364,0.09888269,242.14275,1.0,1.0
11.32,2.4,2.4753146,0.016104285,0.03832796,209.02573,1.0,1.0
11.32,2.6,2.6697273,0.047022894,-0.2651906,484.95477,1.0,0.0
11.32,2.8,2.7095466,-0.001546368,0.0271458,302.69437,1.0,0.9375
11.32,3.0,2.9546897,0.053135958,0.18211757,299.80573,1.0,0.6875
11.34,0.0,0.01927428,0.0037734953,-0.06766334,6.246805,1.0,1.0
11.34,0.2,0.20057938,0.021062037,-0.015362835,13.08603,1.0,1.0
11.34,0.4,0.3993898,-0.0049901726,0.009081315,11.574444,1.0,1.0
11.34,0.6,0.6145524,0.014327491,-0.033542782,10.396463,1.0,1.0
11.34,0.8,0.770455,0.038249794,0.0045541963,20.601212,1.0,1.0
11.34,1.0,0.96505976,0.07780517,-0.102701694,36.95624,1.0,1.0
11.34,1.2,1.2737541,0.06650761,-0.0675064,82.10127,1.0,1.0
11.34,1.4,1.4465255,0.04398653,-0.056349494,125.754684,1.0,1.0
11.34,1.6,1.5804448,0.057965793,-0.01849552,141.80751,1.0,1.0
11.34,1.8,1.7587284,0.026903596,0.043314144,240.09737,1.0,1.0
11.34,2.0,2.0005088,0.016945563,0.061857194,158.60915,1.0,1.0
11.34,2.2,2.2239838,0.006870687,0.043363146,208.43268,1.0,1.0
11.34,2.4,2.5042853,0.0108256675,0.09072857,165.90674,1.0,1.0
11.34,2.6,2.5843225,0.040871687,-0.12915276,787.81494,1.0,1.0
11.34,2.8,2.7547307,0.018089257,-0.019005395,210.54916,1.0,1.0
11.34,3.0,2.9906003,0.05038813,0.1780481,210.1117,1.0,0.75
11.36,0.0,0.021297606,-0.001254807,-0.07050063,7.6092596,1.0,1.0
11.36,0.2,0.19494894,0.011679016,-0.052951,8.404842,1.0,1.0
11.36,0.4,0.39165086,-0.0029574456,-0.00711113,11.285696,1.0,1.0
11.36,0.6,0.60054266,0.016274057,-0.007940468,13.155876,1.0,1.0
11.36,0.8,0.7707993,0.044081286,-0.0011541343,21.647007,1.0,1.0
11.36,1.0,0.9588969,0.0713688,-0.09974252,28.887196,1.0,1.0
11.36,1.2,1.2297177,0.05763617,0.0026498889,78.31769,1.0,1.0
11.36,1.4,1.3924451,0.036637943,0.035763048,115.41419,1.0,1.0
11.36,1.6,1.5291643,0.049456235,-0.110353574,121.71602,1.0,1.0
11.36,1.8,1.7322869,0.027036127,0.057275552,142.28696,1.0,1.0
11.36,2.0,2.0412567,0.013631666,-0.011314731,152.55084,1.0,1.0
11.36,2.2,2.2646043,0.0037400601,-0.01624565,181.56874,1.0,1.0
11.36,2.4,2.5385435,-0.0056610815,0.26266697,161.49771,1.0,0.125
11.36,2.6,2.564794,0.047363922,0.12784308,410.02042,1.0,1.0
11.36,2.8,2.8065076,0.04477205,-0.09569517,241.79974,1.0,1.0
11.36,3.0,3.0076723,0.033575818,0.4185545,153.06812,1.0,0.0
11.38,0.0,0.025601845,-0.006259503,-0.080734506,8.486361,1.0,1.0
11.38,0.2,0.19228548,0.0020521535,-0.054108754,5.739336,1.0,1.0
11.38,0.4,0.38651097,0.0009661382,-0.013085771,9.800638,1.0,1.0
11.38,0.6,0.58633536,0.018171173,-0.0036481116,16.724417,1.0,1.0
11.38,0.8,0.78300405,0.05091337,-0.010767143,34.379158,1.0,1.0
11.38,1.0,0.960945,0.06751026,-0.06166499,27.329842,1.0,1.0
11.38,1.2,1.1913052,0.05990663,0.032271598,67.54436,1.0,1.0
11.38,1.4,1.3502873,0.041687783,0.044622894,106.27014,1.0,1.0
11.38,1.6,1.5026917,0.039305188,-0.14004534,60.080025,1.0,1.0
11.38,1.8,1.7364917,0.025244664,0.010074226,101.14771,1.0,1.0
11.38,2.0,2.0797195,0.011561086,-0.015199236,131.84059,1.0,1.0
11.38,2.2,2.2968516,-0.0011728741,0.029297078,149.16704,1.0,1.0
11.38,2.4,2.493291,0.016573094,0.18227512,333.56152,1.0,0.6875
11.38,2.6,2.6083179,0.031991832,0.20028332,293.5545,1.0,0.4375
11.38,2.8,2.83581,0.06478147,-0.13859098,209.86035,1.0,1.0
11.38,3.0,2.9548912,0.03382541,0.5123736,487.82715,1.0,0.0
11.4,0.0,0.03154275,-0.011742776,-0.100819126,9.050161,1.0,1.0
11.4,0.2,0.19215058,-0.0050272443,-0.050426666,8.214619,1.0,1.0
11.4,0.4,0.38559237,0.0086841015,-0.018183341,9.675735,1.0,1.0
11.4,0.6,0.576637,0.019589562,-0.0015175906,17.343536,1.0,1.0
11.4,0.8,0.8089403,0.059022874,-0.0058211633,40.86799,1.0,1.0
11.4,1.0,0.9745244,0.065708846,-0.0320278,31.898926,1.0,1.0
11.4,1.2,1.1664389,0.06076738,0.025983468,65.018425,1.0,1.0
11.4,1.4,1.3282889,0.042996183,0.019126449,72.5381,1.0,1.0
11.4,1.6,1.502273,0.03880649,-0.09041163,64.48699,1.0,1.0
11.4,1.8,1.7621744,0.024691172,-0.048139565,114.57832,1.0,1.0
11.4,2.0,2.1206388,0.0029269764,0.08481362,121.24521,1.0,1.0
11.4,2.2,2.3350873,-0.01645036,0.18811978,160.78812,1.0,0.5
11.4,2.4,2.413783,0.025944777,0.057253618,555.4602,1.0,1.0
11.4,2.6,2.6554055,0.024765149,0.066146545,254.54976,1.0,1.0
11.4,2.8,2.861195,0.06879487,-0.28536785,219.61398,1.0,0.125
11.4,3.0,2.8951879,0.06587273,0.23268932,824.7132,1.0,0.375
11.42,0.0,0.03799311,-0.016492886,-0.12083861,9.026213,1.0,1.0
11.42,0.2,0.19584769,-0.011500943,-0.05235158,9.7668495,1.0,1.0
11.42,0.4,0.39174357,0.01842815,-0.021916496,12.389915,1.0,1.0
11.42,0.6,0.5734708,0.023948237,-0.0030388937,13.508657,1.0,1.0
11.42,0.8,0.8461902,0.06545752,0.03938371,31.980873,1.0,1.0
11.42,1.0,1.0012678,0.06559129,-0.033982456,38.496136,1.0,1.0
11.42,1.2,1.1571281,0.06125097,0.0009899016,38.25744,1.0,1.0
11.42,1.4,1.3258581,0.043237805,-0.02174038,47.091064,1.0,1.0
11.42,1.6,1.5227236,0.04456656,-0.0448044,84.02391,1.0,1.0
11.42,1.8,1.797502,0.024265435,-0.04378494,117.98491,1.0,1.0
11.42,2.0,2.1354227,0.0006879233,0.12670437,204.5011,1.0,1.0
11.42,2.2,2.308141,-0.0006601941,0.14671871,274.05304,1.0,0.6875
11.42,2.4,2.3589623,-0.0020140372,0.008308353,346.59338,1.0,1.0
11.42,2.6,2.6841424,0.026767038,0.042043667,193.52219,1.0,1.0
11.42,2.8,2.8090198,0.05894941,-0.31959063,755.4238,1.0,0.0625
11.42,3.0,2.8229613,0.030500736,0.14791504,695.65247,1.0,0.6875
11.44,0.0,0.03914933,-0.012007821,-0.1257763,3.0281062,1.0,1.0
11.44,0.2,0.20294511,-0.019729018,-0.064581364,10.784473,1.0,1.0
11.44,0.4,0.4076441,0.028004298,-0.010801751,14.910673,1.0,1.0
11.44,0.6,0.57862103,0.03254098,-0.01362627,20.557539,1.0,1.0
11.44,0.8,0.8644407,0.06922312,0.049067497,40.19472,1.0,1.0
11.44,1.0,1.043682,0.06530372,-0.07725899,39.62867,1.0,1.0
11.44,1.2,1.1615808,0.06678223,-0.012040274,39.31671,1.0,1.0
11.44,1.4,1.3400549,0.0487608,-0.028399328,65.43251,1.0,1.0
11.44,1.6,1.5582062,0.053551823,-0.05060758,92.24656,1.0,1.0
11.44,1.8,1.8407042,0.020498995,0.030249458,107.03205,1.0,1.0
11.44,2.0,2.0713913,0.03047939,0.042784795,332.62146,1.0,1.0
11.44,2.2,2.2356348,0.016612232,0.056119077,455.56927,1.0,1.0
11.44,2.4,2.3627934,-0.005165998,-0.0580301,242.46138,1.0,1.0
11.44,2.6,2.7016792,0.016054235,0.2171754,127.90458,1.0,0.1875
11.44,2.8,2.7210817,0.07349507,-0.18246952,872.48553,1.0,0.625
11.44,3.0,2.8355966,0.0034935437,0.11125519,304.47827,1.0,0.8125
11.46,0.0,0.038112335,6.835244e-05,-0.13683608,12.433346,1.0,1.0
11.46,0.2,0.2138699,-0.02913763,-0.085449435,11.142211,1.0,1.0
11.46,0.4,0.43028533,0.034725543,0.029916685,14.306316,1.0,1.0
11.46,0.6,0.5942559,0.042419977,-0.01899267,25.881613,1.0,1.0
11.46,0.8,0.8287578,0.06693636,0.0024030702,23.159027,1.0,1.0
11.46,1.0,1.0875878,0.06917161,-0.14239083,55.505615,1.0,1.0
11.46,1.2,1.1804216,0.071809664,-0.005785433,54.753433,1.0,1.0
11.46,1.4,1.3703144,0.051007915,0.0033421777,78.63277,1.0,1.0
11.46,1.6,1.6083701,0.0571356,-0.09838936,84.83267,1.0,1.0
11.46,1.8,1.8866341,0.01071671,0.1378955,164.07901,1.0,1.0
11.46,2.0,2.0001593,0.014214329,0.017643016,310.50363,1.0,1.0
11.46,2.2,2.1763089,-0.005968267,0.01535173,328.37952,1.0,1.0
11.46,2.4,2.4027476,0.015641179,-0.12002552,189.31506,1.0,1.0
11.46,2.6,2.6735718,0.012243345,0.35416818,415.3216,1.0,0.0
11.46,2.8,2.7301817,0.08144911,0.14517799,399.42145,1.0,0.8125
11.46,3.0,2.883665,0.01742573,0.075617656,219.30952,1.0,0.875
11.48,0.0,0.035570145,0.011237401,-0.12436737,12.713299,1.0,1.0
11.48,0.2,0.22808796,-0.035887092,-0.105184585,10.739007,1.0,1.0
11.48,0.4,0.42832762,0.032077968,0.020324487,13.237227,1.0,1.0
11.48,0.6,0.6217964,0.050693415,0.0058346083,23.093884,1.0,1.0
11.48,0.8,0.7961602,0.05983252,-0.06401709,19.306667,1.0,1.0
11.48,1.0,1.0567298,0.067157194,-0.068157084,48.881332,1.0,1.0
11.48,1.2,1.2158651,0.07415998,0.026130967,67.61473,1.0,1.0
11.48,1.4,1.4167178,0.049642283,0.06433235,80.58032,1.0,1.0
11.48,1.6,1.6611772,0.06152289,-0.1318137,109.21394,1.0,1.0
11.48,1.8,1.8485701,0.028992087,0.07651154,215.80246,1.0,1.0
11.48,2.0,1.965118,-0.0022110129,-0.03813697,138.34422,1.0,1.0
11.48,2.2,2.1634831,-0.014474008,-0.05095636,201.53165,1.0,1.0
11.48,2.4,2.438706,0.038883545,-0.12783757,193.23509,1.0,1.0
11.48,2.6,2.6131358,0.04648397,0.15407142,653.3307,1.0,1.0
11.48,2.8,2.7836747,0.06442538,0.21257009,294.25797,1.0,0.375
11.48,3.0,2.940905,0.044541765,-0.016331976,261.30338,1.0,1.0
11.5,0.0,0.031469278,0.016595792,-0.09192749,10.940329,1.0,1.0
11.5,0.2,0.22895353,-0.029400697,-0.13432549,8.076763,1.0,1.0
11.5,0.4,0.41168094,0.027085256,-0.0141623495,14.39736,1.0,1.0
11.5,0.6,0.6519935,0.05598177,0.057103574,28.317478,1.0,1.0
11.5,0.8,0.7725583,0.05121632,-0.09706492,22.972992,1.0,1.0
11.5,1.0,1.0203139,0.064093895,0.004720395,42.407063,1.0,1.0
11.5,1.2,1.2643249,0.07785133,0.089769885,55.69094,1.0,1.0
11.5,1.4,1.4636654,0.048786562,0.12663414,121.618546,1.0,1.0
11.5,1.6,1.6320704,0.050484728,-0.027971698,171.85359,1.0,1.0
11.5,1.8,1.77567,0.03413846,0.002638415,212.87646,1.0,1.0
11.5,2.0,1.9750473,0.0016933065,-0.10628094,131.44327,1.0,1.0
11.5,2.2,2.1918163,-0.0013997769,-0.10849871,163.4995,1.0,1.0
11.5,2.4,2.4648595,0.055373926,-0.14706326,174.84506,1.0,1.0
11.5,2.6,2.5388203,0.018973492,0.12328127,609.97656,1.0,1.0
11.5,2.8,2.8376665,0.057390705,0.11725118,274.8642,1.0,1.0
11.5,3.0,2.976678,0.06438108,-0.09268695,214.72186,1.0,1.0
11.52,0.0,0.03103647,0.01985129,-0.05243938,5.363046,1.0,1.0
11.52,0.2,0.2262087,-0.016048303,-0.14329982,18.07336,1.0,1.0
11.52,0.4,0.3972978,0.01882884,-0.072302625,9.509062,1.0,1.0
11.52,0.6,0.6314887,0.052067135,0.035301268,20.113752,1.0,1.0
11.52,0.8,0.76308733,0.04614283,-0.097106695,26.848396,1.0,1.0
11.52,1.0,0.98892283,0.067472905,0.020302892,39.167915,1.0,1.0
11.52,1.2,1.2879882,0.078428835,0.056883197,74.21748,1.0,1.0
11.52,1.4,1.4294553,0.054851152,0.043348633,115.16392,1.0,1.0
11.52,1.6,1.5730859,0.045610223,0.034539014,168.33675,1.0,1.0
11.52,1.8,1.7254155,0.0220281,-0.08662897,153.7548,1.0,1.0
11.52,2.0,2.0059943,0.014936861,-0.09560043,133.16127,1.0,1.0
11.52,2.2,2.2260964,0.016608927,-0.09891312,169.619,1.0,1.0
11.52,2.4,2.487961,0.057212345,-0.25322944,197.31136,1.0,0.0625
11.52,2.6,2.5341578,-0.008508086,0.06416606,301.07394,1.0,1.0
11.52,2.8,2.8682976,0.0554083,0.14428103,178.53494,1.0,0.75
11.52,3.0,2.9952643,0.06835523,-0.23685841,294.82678,1.0,0.25
11.540000000000001,0.0,0.030813638,0.022021152,-0.035034634,2.8001742,1.0,1.0
11.540000000000001,0.2,0.21674515,-0.008802481,-0.08742519,16.882862,1.0,1.0
11.540000000000001,0.4,0.3879232,0.009864626,-0.07766335,8.604244,1.0,1.0
11.540000000000001,0.6,0.6050643,0.04326296,-0.04262359,7.251695,1.0,1.0
11.540000000000001,0.8,0.7618998,0.04150989,-0.069653094,21.129055,1.0,1.0
11.540000000000001,1.0,0.9685417,0.06780485,0.016777776,39.90361,1.0,1.0
11.540000000000001,1.2,1.2332428,0.08191874,0.008293534,66.63058,1.0,1.0
11.540000000000001,1.4,1.3717058,0.053667292,-0.06062808,93.18113,1.0,1.0
11.540000000000001,1.6,1.5366554,0.046973284,0.042971306,130.75378,1.0,1.0
11.540000000000001,1.8,1.7048078,0.013666358,-0.13230744,81.1174,1.0,1.0
11.540000000000001,2.0,2.0439615,0.033463005,-0.05774787,139.16061,1.0,1.0
11.540000000000001,2.2,2.2592025,0.033196755,-0.09627875,159.10493,1.0,1.0
11.540000000000001,2.4,2.4449801,0.041826904,-0.19294247,573.65405,1.0,0.5
11.540000000000001,2.6,2.5763047,0.005484313,-0.0035570418,202.82916,1.0,1.0
11.540000000000001,2.8,2.8908806,0.038246185,0.3741495,150.13042,1.0,0.0
11.540000000000001,3.0,2.943002,0.059288867,-0.28082678,909.0248,1.0,0.0625
11.56,0.0,0.030002557,0.023339555,-0.025252726,3.0831735,1.0,1.0
11.56,0.2,0.21029097,-0.003681453,-0.010852346,10.298473,1.0,1.0
11.56,0.4,0.38275126,0.0040440736,-0.06296113,13.538298,1.0,1.0
11.56,0.6,0.5845388,0.033686645,-0.07996403,11.38426,1.0,1.0
11.56,0.8,0.76828253,0.036671456,-0.043175694,24.74625,1.0,1.0
11.56,1.0,0.96096146,0.070563756,0.0063256826,25.328066,1.0,1.0
11.56,1.2,1.1854572,0.07579942,-0.064698644,58.16147,1.0,1.0
11.56,1.4,1.3272867,0.042725757,-0.11759065,89.78706,1.0,1.0
11.56,1.6,1.5252911,0.04701457,0.0068255533,72.80679,1.0,1.0
11.56,1.8,1.714258,0.018826403,-0.09602575,91.58732,1.0,1.0
11.56,2.0,2.0862021,0.038477384,-0.122734495,120.19154,1.0,1.0
11.56,2.2,2.2998056,0.030702319,-0.21142408,141.37068,1.0,0.375
11.56,2.4,2.3778489,0.052266754,-0.06402259,608.4569,1.0,1.0
11.56,2.6,2.6303496,0.028368399,-0.073405735,216.85422,1.0,1.0
11.56,2.8,2.8332534,0.05520963,0.32586914,443.2217,1.0,0.0
11.56,3.0,2.8475204,0.07074992,-0.17298985,950.1229,1.0,0.75
11.58,0.0,0.030815676,0.025553731,-0.013107281,4.973693,1.0,1.0
11.58,0.2,0.20455731,-0.0012917272,0.020436034,7.6473455,1.0,1.0
11.58,0.4,0.38274765,-0.0005620923,-0.052300204,14.297558,1.0,1.0
11.58,0.6,0.5725424,0.027133992,-0.08294409,19.909897,1.0,1.0
11.58,0.8,0.7861879,0.032077193,-0.035371717,24.833609,1.0,1.0
11.58,1.0,0.96537185,0.07581544,0.0013000269,30.801994,1.0,1.0
11.58,1.2,1.1580975,0.06621759,-0.112586774,54.451183,1.0,1.0
11.58,1.4,1.3057588,0.035789676,-0.12479781,48.816418,1.0,1.0
11.58,1.6,1.5374358,0.047766,-0.04918432,77.74936,1.0,1.0
11.58,1.8,1.7440034,0.030429918,-0.051843636,110.419655,1.0,1.0
11.58,2.0,2.1098223,0.042770956,-0.15133546,171.91644,1.0,1.0
11.58,2.2,2.2783966,0.021879762,-0.14730719,360.38135,1.0,0.9375
11.58,2.4,2.3680804,0.054812297,0.12069654,329.5836,1.0,0.9375
11.58,2.6,2.6620073,0.048242092,-0.09812248,207.08304,1.0,1.0
11.58,2.8,2.7665887,0.07649857,0.09900209,819.0598,1.0,0.9375
11.58,3.0,2.863824,0.076525226,0.17416081,411.36203,1.0,0.6875
11.6,0.0,0.03290859,0.028966436,-0.0043071536,6.396267,1.0,1.0
11.6,0.2,0.19851442,0.0006412184,0.009230309,6.347026,1.0,1.0
11.6,0.4,0.38822106,-0.0078083314,-0.047812797,13.06776,1.0,1.0
11.6,0.6,0.56930697,0.023059053,-0.06717142,21.933289,1.0,1.0
11.6,0.8,0.81730497,0.02832259,-0.05714877,27.561121,1.0,1.0
11.6,1.0,0.98378885,0.08120852,0.0048245587,46.746727,1.0,1.0
11.6,1.2,1.1489561,0.059127033,-0.10024875,29.75018,1.0,1.0
11.6,1.4,1.3019832,0.030642413,-0.08909647,45.39956,1.0,1.0
11.6,1.6,1.5646236,0.050670486,-0.05429048,96.095825,1.0,1.0
11.6,1.8,1.7838745,0.041201238,-0.06781383,110.21484,1.0,1.0
11.6,2.0,2.0529032,0.019386016,-0.03220516,383.6955,1.0,1.0
11.6,2.2,2.2096572,0.01661428,-0.033807103,528.20044,1.0,1.0
11.6,2.4,2.4131927,0.041886874,0.13641128,261.33163,1.0,1.0
11.6,2.6,2.6954217,0.05282508,-0.2439363,115.41563,1.0,0.0625
11.6,2.8,2.7056365,0.042257145,0.0446418,490.32846,1.0,1.0
11.6,3.0,2.9195592,0.056832697,0.24314356,303.5606,1.0,0.125
11.620000000000001,0.0,0.036652707,0.033206195,0.0021106768,8.072273,1.0,1.0
11.620000000000001,0.2,0.19491759,0.0040662466,0.00087583077,4.813677,1.0,1.0
11.620000000000001,0.4,0.3986503,-0.016778702,-0.052585125,12.477478,1.0,1.0
11.620000000000001,0.6,0.5716566,0.017748853,-0.05107811,18.765646,1.0,1.0
11.620000000000001,0.8,0.855199,0.027463548,-0.12987667,27.191704,1.0,1.0
11.620000000000001,1.0,1.0178486,0.086460754,0.023884103,54.9476,1.0,1.0
11.620000000000001,1.2,1.1525772,0.05634588,-0.057689898,37.301685,1.0,1.0
11.620000000000001,1.4,1.3159833,0.031510286,-0.054155614,62.073997,1.0,1.0
11.620000000000001,1.6,1.6038917,0.050863158,-0.00028294232,94.89215,1.0,1.0
11.620000000000001,1.8,1.8374244,0.042209882,-0.14529045,106.20164,1.0,1.0
11.620000000000001,2.0,1.9897956,0.02380047,0.058786698,360.06506,1.0,1.0
11.620000000000001,2.2,2.1751146,0.01906508,0.075215384,314.58057,1.0,1.0
11.620000000000001,2.4,2.4648879,0.038801257,0.046792805,225.22336,1.0,1.0
11.620000000000001,2.6,2.6685164,0.050621383,-0.2671244,491.57422,1.0,0.0
11.620000000000001,2.8,2.7228103,0.028737016,0.012575036,282.71088,1.0,1.0
11.620000000000001,3.0,2.9749417,0.047710966,0.16600531,290.79855,1.0,0.8125
11.64,0.0,0.03973928,0.03492833,-0.00066735817,9.126053,1.0,1.0
11.64,0.2,0.19451419,0.010248868,0.0015533504,4.116966,1.0,1.0
11.64,0.4,0.4162679,-0.024421118,-0.07577273,13.656656,1.0,1.0
11.64,0.6,0.5811662,0.009907043,-0.041613318,19.173315,1.0,1.0
11.64,0.8,0.8535112,0.030603869,-0.12672395,38.927986,1.0,1.0
11.64,1.0,1.0637208,0.09170017,0.087677374,41.675583,1.0,1.0
11.64,1.2,1.1701918,0.056639306,-0.031128816,46.77774,1.0,1.0
11.64,1.4,1.348176,0.03676327,-0.049486835,75.72858,1.0,1.0
11.64,1.6,1.6578754,0.045731638,0.0959448,97.593,1.0,1.0
11.64,1.8,1.8538375,0.045589093,-0.07568936,148.43723,1.0,1.0
11.64,2.0,1.9705923,0.021822643,0.10594329,182.19098,1.0,1.0
11.64,2.2,2.194191,0.012442638,0.091470756,234.70909,1.0,1.0
11.64,2.4,2.4979024,0.036275476,0.051231883,174.24954,1.0,1.0
11.64,2.6,2.5813046,0.043307103,-0.1368844,772.90857,1.0,0.9375
11.64,2.8,2.7700143,0.05198334,-0.03330437,221.3187,1.0,1.0
11.64,3.0,3.0059972,0.04261973,0.22891688,180.14268,1.0,0.1875
11.66,0.0,0.038897805,0.030956632,0.010763828,8.446582,1.0,1.0
11.66,0.2,0.19803615,0.017988171,0.00043973222,5.62918,1.0,1.0
11.66,0.4,0.43732917,-0.02836151,-0.12168996,13.055511,1.0,1.0
11.66,0.6,0.6008365,0.001983747,-0.046182625,19.445118,1.0,1.0
11.66,0.8,0.8270679,0.033199668,-0.059382595,15.051885,1.0,1.0
11.66,1.0,1.0722445,0.09459644,0.05104275,61.746895,1.0,1.0
11.66,1.2,1.204926,0.05923062,-0.038500838,55.282173,1.0,1.0
11.66,1.4,1.3961477,0.04012492,-0.091168925,70.55202,1.0,1.0
11.66,1.6,1.6672348,0.04706462,0.05666732,139.82953,1.0,1.0
11.66,1.8,1.7966228,0.024338286,0.013574849,247.67856,1.0,1.0
11.66,2.0,1.9997454,0.016808,0.062292486,160.0068,1.0,1.0
11.66,2.2,2.2352166,0.009731792,0.0016262648,203.74005,1.0,1.0
11.66,2.4,2.528903,0.024745025,0.19142675,132.15298,1.0,0.75
11.66,2.6,2.5596547,0.050578296,0.12325951,398.0743,1.0,1.0
11.66,2.8,2.8182578,0.07838706,-0.102895856,236.30754,1.0,1.0
11.66,3.0,3.024968,0.020314705,0.50612754,238.06824,1.0,0.0
11.68,0.0,0.03612747,0.025384024,0.007200447,7.7543707,1.0,1.0
11.68,0.2,0.20734301,0.0261761,0.005143219,9.249732,1.0,1.0
11.68,0.4,0.4409001,-0.020091552,-0.17272358,17.217941,1.0,1.0
11.68,0.6,0.6287719,-0.00255505,-0.087607205,17.36147,1.0,1.0
11.68,0.8,0.80578804,0.033485305,-0.011838598,13.479668,1.0,1.0
11.68,1.0,1.026232,0.095162086,0.012279933,41.511078,1.0,1.0
11.68,1.2,1.2544119,0.060260806,-0.09258333,51.315434,1.0,1.0
11.68,1.4,1.4588072,0.0391793,-0.14142334,87.9039,1.0,1.0
11.68,1.6,1.6010396,0.06066451,0.015663741,152.16768,1.0,1.0
11.68,1.8,1.7449043,0.027073994,0.057967074,229.34363,1.0,1.0
11.68,2.0,2.0405357,0.013445288,-0.010865802,151.72629,1.0,1.0
11.68,2.2,2.2687244,0.0077635003,-0.028806591,175.52954,1.0,1.0
11.68,2.4,2.5060108,0.028928295,0.26623434,329.58432,1.0,0.1875
11.68,2.6,2.6027222,0.034910962,0.20043889,288.97998,1.0,0.4375
11.68,2.8,2.8439856,0.09638776,-0.14740118,189.80441,1.0,0.875
11.68,3.0,2.9517763,0.045708098,0.34793106,547.6255,1.0,0.0
11.700000000000001,0.0,0.030596917,0.021538585,-0.0068506636,9.786877,1.0,1.0
11.700000000000001,0.2,0.21769238,0.031287707,0.014858831,10.667205,1.0,1.0
11.700000000000001,0.4,0.42712504,-0.01177502,-0.11615474,21.48378,1.0,1.0
11.700000000000001,0.6,0.6502008,-0.002122067,-0.159006,21.084557,1.0,1.0
11.700000000000001,0.8,0.7854549,0.03565807,-0.0026434876,18.71072,1.0,1.0
11.700000000000001,1.0,0.9876896,0.08742098,-0.05484324,34.095604,1.0,1.0
11.700000000000001,1.2,1.3009435,0.06435258,-0.12382011,74.6997,1.0,1.0
11.700000000000001,1.4,1.4458778,0.043928284,-0.055164035,124.44714,1.0,1.0
11.700000000000001,1.6,1.5447018,0.05234447,-0.07833024,139.80983,1.0,1.0
11.700000000000001,1.8,1.7269738,0.02851925,0.059509814,133.28802,1.0,1.0
11.700000000000001,2.0,2.0788908,0.0113142785,-0.014499399,131.64697,1.0,1.0
11.700000000000001,2.2,2.2994769,0.001316295,0.056020685,145.7258,1.0,1.0
11.700000000000001,2.4,2.438226,0.054799527,0.11448337,536.12366,1.0,1.0
11.700000000000001,2.6,2.650912,0.026926987,0.06880323,250.09743,1.0,1.0
11.700000000000001,2.8,2.8479881,0.099999264,-0.27067056,320.7895,1.0,0.0
11.700000000000001,3.0,2.8765378,0.0572186,0.11737723,909.2813,1.0,0.9375
11.72,0.0,0.025534585,0.018849924,-0.024134617,12.575687,1.0,1.0
11.72,0.2,0.21752791,0.026695162,0.033108767,12.438959,1.0,1.0
11.72,0.4,0.41533187,-0.0095261615,-0.033918455,15.786274,1.0,1.0
11.72,0.6,0.63315284,0.0058119707,-0.1333875,20.54396,1.0,1.0
11.72,0.8,0.77040315,0.037413612,0.0054688146,23.618294,1.0,1.0
11.72,1.0,0.9652096,0.07830104,-0.10269815,36.929245,1.0,1.0
11.72,1.2,1.2600915,0.05807893,-0.037422236,86.15382,1.0,1.0
11.72,1.4,1.3920469,0.03655868,0.037017137,114.77696,1.0,1.0
11.72,1.6,1.5123712,0.039406303,-0.13104668,87.00871,1.0,1.0
11.72,1.8,1.7377834,0.027783245,0.0065690516,102.09714,1.0,1.0
11.72,2.0,2.1197891,0.002603407,0.08482291,123.44789,1.0,1.0
11.72,2.2,2.3310218,-0.012664432,0.20920143,207.14581,1.0,0.1875
11.72,2.4,2.3667638,0.029961765,0.080130875,454.93567,1.0,1.0
11.72,2.6,2.6808171,0.028766938,0.0428193,189.31834,1.0,1.0
11.72,2.8,2.7888339,0.08370588,-0.2752152,1006.2726,1.0,0.125
11.72,3.0,2.8264987,0.01854727,0.04867712,477.58292,1.0,0.9375
11.74,0.0,0.021423686,0.014129521,-0.048196007,6.6214285,1.0,1.0
11.74,0.2,0.20896071,0.023917824,0.012221795,11.884106,1.0,1.0
11.74,0.4,0.40606323,-0.008632566,0.015603229,12.365328,1.0,1.0
11.74,0.6,0.6167193,0.006749723,-0.05199492,11.825977,1.0,1.0
11.74,0.8,0.7645386,0.040932346,0.008476883,19.080257,1.0,1.0
11.74,1.0,0.95900846,0.07197944,-0.0994903,28.76535,1.0,1.0
11.74,1.2,1.2125971,0.05688863,0.0005219555,72.17768,1.0,1.0
11.74,1.4,1.3498461,0.04156969,0.04478004,106.123276,1.0,1.0
11.74,1.6,1.5064678,0.035898075,-0.1108116,60.814644,1.0,1.0
11.74,1.8,1.7680138,0.026971247,-0.039554417,114.505325,1.0,1.0
11.74,2.0,2.134128,9.279139e-05,0.118544,202.3577,1.0,1.0
11.74,2.2,2.287509,0.01571223,0.10255967,315.24704,1.0,0.9375
11.74,2.4,2.3531084,0.010814641,0.0160693,262.5619,1.0,1.0
11.74,2.6,2.6985407,0.018047169,0.22090174,125.576416,1.0,0.1875
11.74,2.8,2.7104328,0.10641448,-0.1377681,836.89246,1.0,0.75
11.74,3.0,2.852406,0.0092963725,0.044640493,274.2705,1.0,1.0
11.76,0.0,0.019573443,0.008181642,-0.062310085,3.9578247,1.0,1.0
11.76,0.2,0.20070082,0.021169271,-0.015909895,13.10987,1.0,1.0
11.76,0.4,0.39656943,-0.0070323898,0.009947753,11.822943,1.0,1.0
11.76,0.6,0.60404444,0.0072608013,0.0010597243,13.068598,1.0,1.0
11.76,0.8,0.7680117,0.047443755,-0.001493878,25.547665,1.0,1.0
11.76,1.0,0.9610295,0.06824884,-0.061320268,27.208881,1.0,1.0
11.76,1.2,1.1765473,0.0578672,-0.0070247944,63.16278,1.0,1.0
11.76,1.4,1.3277653,0.042834736,0.019624472,71.71405,1.0,1.0
11.76,1.6,1.52144,0.04034816,-0.059653003,76.46834,1.0,1.0
11.76,1.8,1.8048542,0.02668811,-0.018378073,113.149826,1.0,1.0
11.76,2.0,2.0692725,0.030977469,0.04038027,330.98367,1.0,1.0
11.76,2.2,2.2127235,0.015136092,0.05494783,446.1579,1.0,1.0
11.76,2.4,2.386395,0.023555715,-0.059063166,188.2178,1.0,1.0
11.76,2.6,2.6647048,0.016881086,0.36503324,396.61728,1.0,0.0
11.76,2.8,2.7313385,0.10934499,0.18341903,364.74683,1.0,0.5625
11.76,3.0,2.9019275,0.03571707,-0.003005674,244.34836,1.0,1.0
11.78,0.0,0.019323178,0.0037270966,-0.06759408,6.250781,1.0,1.0
11.78,0.2,0.19498587,0.011826394,-0.05284319,8.340329,1.0,1.0
11.78,0.4,0.3886016,-0.0047878856,-0.0048055677,11.475908,1.0,1.0
11.78,0.6,0.591056,0.009732952,0.00809133,16.509315,1.0,1.0
11.78,0.8,0.784839,0.054697875,-0.01321695,37.632286,1.0,1.0
11.78,1.0,0.97458506,0.06661037,-0.031621,32.05601,1.0,1.0
11.78,1.2,1.1578283,0.0565601,-0.029947493,38.146233,1.0,1.0
11.78,1.4,1.3252845,0.043011773,-0.021818059,46.975945,1.0,1.0
11.78,1.6,1.5541608,0.049494505,-0.04597058,92.69949,1.0,1.0
11.78,1.8,1.851847,0.020658948,0.06819364,112.62068,1.0,1.0
11.78,2.0,1.998512,0.014394963,0.013311092,310.5249,1.0,1.0
11.78,2.2,2.1692293,-0.008597771,0.004080364,253.83693,1.0,1.0
11.78,2.4,2.4307842,0.04504645,-0.08172171,191.48062,1.0,1.0
11.78,2.6,2.6046627,0.050067753,0.15923035,646.60046,1.0,0.875
11.78,2.8,2.7874339,0.08974171,0.22402206,297.183,1.0,0.375
11.78,3.0,2.9498749,0.06378983,-0.09907333,253.4429,1.0,1.0
11.8,0.0,0.02134291,-0.0013104354,-0.07044305,7.617699,1.0,1.0
11.8,0.2,0.19224998,0.002208563,-0.05374326,5.8050537,1.0,1.0
11.8,0.4,0.38411015,-4.7119334e-05,-0.010759454,9.608297,1.0,1.0
11.8,0.6,0.58066034,0.011545533,0.005822803,18.890404,1.0,1.0
11.8,0.8,0.81515026,0.062532604,0.0012421805,39.80146,1.0,1.0
11.8,1.0,1.001253,0.06665221,-0.033366002,38.55346,1.0,1.0
11.8,1.2,1.1548823,0.061195448,-0.052591745,31.519928,1.0,1.0
11.8,1.4,1.339498,0.048558116,-0.029020395,65.65814,1.0,1.0
11.8,1.6,1.5993676,0.055228047,-0.07989319,88.73355,1.0,1.0
11.8,1.8,1.8839122,0.01519721,0.11711472,173.57413,1.0,1.0
11.8,2.0,1.9633864,-0.0020087939,-0.04307676,138.29974,1.0,1.0
11.8,2.2,2.173871,-0.0081051905,-0.07427414,189.63782,1.0,1.0
11.8,2.4,2.4601521,0.0630275,-0.085320204,178.80188,1.0,1.0
11.8,2.6,2.5312953,0.02153647,0.11729927,599.2948,1.0,1.0
11.8,2.8,2.8416274,0.08405121,0.14066586,271.19238,1.0,1.0
11.8,3.0,2.9765592,0.08188854,-0.18704626,185.14566,1.0,0.8125
11.82,0.0,0.025649762,-0.0063276067,-0.08071918,8.529881,1.0,1.0
11.82,0.2,0.19211254,-0.0048794616,-0.05014679,8.2146845,1.0,1.0
11.82,0.4,0.38473395,0.008269427,-0.017230764,10.808963,1.0,1.0
11.82,0.6,0.57520735,0.014926484,0.0031436952,14.266422,1.0,1.0
11.82,0.8,0.8543194,0.068651654,0.060663275,26.749912,1.0,1.0
11.82,1.0,1.0435512,0.06652723,-0.076778784,39.62401,1.0,1.0
11.82,1.2,1.1665473,0.067675516,-0.047184598,49.00398,1.0,1.0
11.82,1.4,1.3698981,0.05080285,0.0035128642,78.53459,1.0,1.0
11.82,1.6,1.6612116,0.056851488,-0.1548397,100.33719,1.0,1.0
11.82,1.8,1.8275449,0.035651695,0.076226465,225.36446,1.0,1.0
11.82,2.0,1.9731216,0.0021016784,-0.11069505,131.40031,1.0,1.0
11.82,2.2,2.2089028,0.0072646746,-0.10310802,166.55515,1.0,1.0
11.82,2.4,2.4933462,0.06604689,-0.19865651,135.6856,1.0,0.5
11.82,2.6,2.5274076,-0.0046986267,0.053015437,301.5855,1.0,1.0
11.82,2.8,2.8714204,0.07901378,0.1968503,171.5492,1.0,0.5
11.82,3.0,2.957378,0.09241592,-0.30777806,445.71948,1.0,0.0625
11.84,0.0,0.031583704,-0.011825054,-0.10079167,9.053654,1.0,1.0
11.84,0.2,0.19581841,-0.011341867,-0.05212597,9.726467,1.0,1.0
11.84,0.4,0.39307392,0.017973276,-0.020411111,13.183634,1.0,1.0
11.84,0.6,0.57688516,0.022912946,-0.0113276355,18.47062,1.0,1.0
11.84,0.8,0.84842944,0.06946404,0.03823737,36.094723,1.0,1.0
11.84,1.0,1.087156,0.0706292,-0.14175425,54.721973,1.0,1.0
11.84,1.2,1.1937475,0.071242824,-0.014143505,64.81971,1.0,1.0
11.84,1.4,1.4163061,0.049383517,0.06499757,80.38496,1.0,1.0
11.84,1.6,1.6547583,0.05466613,-0.055549648,147.27222,1.0,1.0
11.84,1.8,1.757936,0.03136952,-0.01018078,201.42868,1.0,1.0
11.84,2.0,2.003765,0.015626598,-0.09921645,133.43987,1.0,1.0
11.84,2.2,2.241642,0.025488935,-0.08590979,167.94963,1.0,1.0
11.84,2.4,2.470278,0.057557367,-0.17975062,411.72864,1.0,0.75
11.84,2.6,2.5702362,0.009558953,-0.014510361,201.60065,1.0,1.0
11.84,2.8,2.9005477,0.058707103,0.43537128,196.46698,1.0,0.0
11.84,3.0,2.889104,0.07708727,-0.3131538,1147.9983,1.0,0.125
11.86,0.0,0.03811891,-0.01654525,-0.120414495,9.012688,1.0,1.0
11.86,0.2,0.20294186,-0.019552678,-0.06426023,10.758584,1.0,1.0
11.86,0.4,0.41108176,0.026752848,-0.00341278,15.096556,1.0,1.0
11.86,0.6,0.5886961,0.032622717,-0.024090031,24.834038,1.0,1.0
11.86,0.8,0.8108028,0.06454049,-0.027869847,18.34225,1.0,1.0
11.86,1.0,1.056342,0.06840497,-0.06652836,50.065765,1.0,1.0
11.86,1.2,1.2373679,0.07413209,0.045797624,63.866173,1.0,1.0
11.86,1.4,1.4632165,0.048568588,0.12726918,121.50519,1.0,1.0
11.86,1.6,1.5953432,0.041556392,0.0201815,166.70786,1.0,1.0
11.86,1.8,1.7143996,0.019319255,-0.10196055,124.93341,1.0,1.0
11.86,2.0,2.0414414,0.03442595,-0.060849026,139.81215,1.0,1.0
11.86,2.2,2.2751732,0.03792595,-0.12034157,147.67896,1.0,1.0
11.86,2.4,2.4009423,0.050286006,-0.053479612,646.007,1.0,0.9375
11.86,2.6,2.6250749,0.03272409,-0.08083577,215.71251,1.0,1.0
11.86,2.8,2.835442,0.083534375,0.29586235,486.4818,1.0,0.0
11.86,3.0,2.8248358,0.09996365,-0.11457312,819.83386,1.0,0.8125
11.88,0.0,0.0391893,-0.012106423,-0.12560838,3.0431204,1.0,1.0
11.88,0.2,0.21382734,-0.028904613,-0.08506505,11.135746,1.0,1.0
11.88,0.4,0.43158585,0.032124687,0.03479051,15.617322,1.0,1.0
11.88,0.6,0.6124202,0.04165221,-0.010554867,24.992916,1.0,1.0
11.88,0.8,0.78094953,0.057707816,-0.089428656,17.797989,1.0,1.0
11.88,1.0,1.0197783,0.06507413,0.006710807,42.62606,1.0,1.0
11.88,1.2,1.281495,0.07666232,0.104960814,80.86376,1.0,1.0
11.88,1.4,1.4292628,0.05488117,0.045599956,115.73953,1.0,1.0
11.88,1.6,1.5499287,0.04291849,0.04026821,146.27452,1.0,1.0
11.88,1.8,1.7000884,0.013831072,-0.13430353,77.88855,1.0,1.0
11.88,2.0,2.0834475,0.039622307,-0.1243726,120.930305,1.0,1.0
11.88,2.2,2.3076048,0.034688894,-0.21279435,177.984,1.0,0.375
11.88,2.4,2.3695226,0.052506194,0.12299101,368.04965,1.0,1.0
11.88,2.6,2.6571014,0.05243171,-0.103357226,208.4061,1.0,1.0
11.88,2.8,2.7530916,0.091779746,0.11427085,792.9319,1.0,1.0
11.88,3.0,2.8634481,0.09800121,0.20985499,342.493,1.0,0.4375
11.9,0.0,0.03813565,-4.0063984e-05,-0.13659382,12.401039,1.0,1.0
11.9,0.2,0.22819248,-0.035527594,-0.104015425,11.141635,1.0,1.0
11.9,0.4,0.42321378,0.028698854,0.01512318,12.77173,1.0,1.0
11.9,0.6,0.6440513,0.047835443,0.045329258,16.2939,1.0,1.0
11.9,0.8,0.7636395,0.050577916,-0.104894,26.599434,1.0,1.0
11.9,1.0,0.988412,0.068296015,0.021923061,39.39198,1.0,1.0
11.9,1.2,1.2385232,0.08032472,0.046650205,76.944275,1.0,1.0
11.9,1.4,1.3715951,0.05379747,-0.06011574,93.308075,1.0,1.0
11.9,1.6,1.5286876,0.04438912,0.016623778,87.56039,1.0,1.0
11.9,1.8,1.7145832,0.021855317,-0.08648446,97.64946,1.0,1.0
11.9,2.0,2.1083972,0.044044103,-0.1553816,170.21347,1.0,1.0
11.9,2.2,2.26659,0.018964116,-0.12128558,471.71365,1.0,1.0
11.9,2.4,2.4019508,0.037795186,0.17253064,274.60666,1.0,0.8125
11.9,2.6,2.69122,0.056066446,-0.2470447,118.311584,1.0,0.0625
11.9,2.8,2.698933,0.05410204,0.052666895,410.4134,1.0,1.0
11.9,3.0,2.9245613,0.07939092,0.22100058,319.9785,1.0,0.25
11.92,0.0,0.035577238,0.011182468,-0.124607064,12.752574,1.0,1.0
11.92,0.2,0.22854732,-0.029267345,-0.13454711,8.051557,1.0,1.0
11.92,0.4,0.40698835,0.025126578,-0.02590496,12.762974,1.0,1.0
11.92,0.6,0.6338841,0.04680146,0.018556777,23.653019,1.0,1.0
11.92,0.8,0.7587408,0.047102585,-0.091486,26.458305,1.0,1.0
11.92,1.0,0.96806717,0.0684663,0.017625079,39.982544,1.0,1.0
11.92,1.2,1.1858554,0.075669914,-0.03801655,60.870987,1.0,1.0
11.92,1.4,1.3271942,0.042821046,-0.11807917,89.86699,1.0,1.0
11.92,1.6,1.5320487,0.04511358,-0.0375541,70.84942,1.0,1.0
11.92,1.8,1.7470007,0.034428354,-0.05213111,114.02139,1.0,1.0
11.92,2.0,2.0548003,0.020526884,-0.030775009,381.77673,1.0,1.0
11.92,2.2,2.1991026,0.023095317,-0.004807248,485.89893,1.0,1.0
11.92,2.4,2.4498174,0.029892188,0.058342423,222.32285,1.0,1.0
11.92,2.6,2.6607184,0.051455297,-0.26483205,480.81543,1.0,0.0
11.92,2.8,2.7186637,0.045391247,0.036212694,263.99307,1.0,1.0
11.92,3.0,2.9792476,0.07531762,0.16337578,268.6337,1.0,0.8125
11.94,0.0,0.03141997,0.016636983,-0.09218163,10.976695,1.0,1.0
11.94,0.2,0.22563145,-0.016161159,-0.14312258,18.208076,1.0,1.0
11.94,0.4,0.39426047,0.017355885,-0.07586656,8.96689,1.0,1.0
11.94,0.6,0.60442877,0.04010895,-0.048999015,10.324138,1.0,1.0
11.94,0.8,0.7607401,0.04259348,-0.058894034,22.564823,1.0,1.0
11.94,1.0,0.9604801,0.071027026,0.0066267676,25.341696,1.0,1.0
11.94,1.2,1.1475935,0.06660458,-0.09872469,56.83398,1.0,1.0
11.94,1.4,1.30567,0.035984717,-0.12535575,48.648586,1.0,1.0
11.94,1.6,1.5541663,0.04695872,-0.054722056,91.915405,1.0,1.0
11.94,1.8,1.7887093,0.043474298,-0.08506355,108.337906,1.0,1.0
11.94,2.0,1.9918661,0.024917193,0.059749022,359.07263,1.0,1.0
11.94,2.2,2.1792529,0.023245456,0.09805046,261.51288,1.0,1.0
11.94,2.4,2.4824295,0.028266583,0.024807284,184.9241,1.0,1.0
11.94,2.6,2.5782654,0.047507837,-0.11881617,782.73444,1.0,1.0
11.94,2.8,2.764955,0.070589095,-0.018478602,224.60165,1.0,1.0
11.94,3.0,3.007106,0.0666433,0.2881285,159.98679,1.0,0.0
11.96,0.0,0.030973572,0.01991523,-0.052546073,5.3951797,1.0,1.0
11.96,0.2,0.21602792,-0.009006508,-0.08717384,16.732454,1.0,1.0
11.96,0.4,0.3861975,0.009179077,-0.07497202,9.924075,1.0,1.0
11.96,0.6,0.58129156,0.03144914,-0.102402985,9.83621,1.0,1.0
11.96,0.8,0.76975894,0.03821282,-0.0367305,23.690163,1.0,1.0
11.96,1.0,0.96486026,0.07613282,0.0014247618,30.70121,1.0,1.0
11.96,1.2,1.1289909,0.061808825,-0.115798816,35.963524,1.0,1.0
11.96,1.4,1.3019431,0.03086751,-0.089877985,45.23282,1.0,1.0
11.96,1.6,1.588233,0.04890852,-0.017063309,94.50269,1.0,1.0
11.96,1.8,1.8447018,0.043819677,-0.15863112,106.12111,1.0,1.0
11.96,2.0,1.9725475,0.023064055,0.106251284,181.5945,1.0,1.0
11.96,2.2,2.2116299,0.015051324,0.08304249,220.2398,1.0,1.0
11.96,2.4,2.506558,0.01842282,0.15022975,148.37827,1.0,0.9375
11.96,2.6,2.5600352,0.053354435,0.14021769,406.3487,1.0,1.0
11.96,2.8,2.8058662,0.096166715,-0.091440335,234.97635,1.0,1.0
11.96,3.0,3.0254054,0.0449611,0.58764863,343.2379,1.0,0.0
11.98,0.0,0.030764762,0.022074321,-0.035037868,2.7773414,1.0,1.0
11.98,0.2,0.20950101,-0.0040128874,-0.010890455,10.200348,1.0,1.0
11.98,0.4,0.38264704,0.0040174285,-0.060279183,14.734711,1.0,1.0
11.98,0.6,0.5664691,0.024173206,-0.1019273,17.660587,1.0,1.0
11.98,0.8,0.7910603,0.033128172,-0.034922905,23.67511,1.0,1.0
11.98,1.0,0.98325014,0.081364945,0.005009096,46.633194,1.0,1.0
11.98,1.2,1.1261609,0.058058634,-0.08608699,34.02993,1.0,1.0
11.98,1.4,1.3159826,0.03174695,-0.05450058,62.01038,1.0,1.0
11.98,1.6,1.6376791,0.0436265,0.07003189,90.95172,1.0,1.0
11.98,1.8,1.8422955,0.041077413,-0.049710177,169.51314,1.0,1.0
11.98,2.0,2.001507,0.01820533,0.06370863,158.18227,1.0,1.0
11.98,2.2,2.2544434,0.012449488,-0.0053188326,193.03964,1.0,1.0
11.98,2.4,2.5128255,0.008772109,0.2784049,291.72278,1.0,0.125
11.98,2.6,2.6048107,0.037095867,0.21175504,292.13428,1.0,0.25
11.98,2.8,2.827622,0.11125317,-0.15474504,176.73029,1.0,1.0
11.98,3.0,2.9491296,0.083923936,0.29568624,705.4225,1.0,0.0625
12.0,0.0,0.029948281,0.023387972,-0.025282543,3.0953193,1.0,1.0
12.0,0.2,0.20375356,-0.0016702143,0.020312972,7.606884,1.0,1.0
12.0,0.4,0.38430148,-0.0010627182,-0.050301656,13.930908,1.0,1.0
12.0,0.6,0.56185746,0.019991405,-0.086247034,21.62643,1.0,1.0
12.0,0.8,0.82392526,0.029425528,-0.070135854,26.606392,1.0,1.0
12.0,1.0,1.0172732,0.08646834,0.023994781,54.807297,1.0,1.0
12.0,1.2,1.1359833,0.05725626,-0.04890062,43.0047,1.0,1.0
12.0,1.4,1.3481996,0.03698203,-0.04967548,75.68905,1.0,1.0
12.0,1.6,1.6720388,0.04156889,0.10445003,131.83679,1.0,1.0
12.0,1.8,1.7811635,0.023127321,0.033077966,249.58223,1.0,1.0
12.0,2.0,2.042354,0.0149111515,-0.009016162,151.8471,1.0,1.0
12.0,2.2,2.2876747,0.009711551,-0.0026938235,161.5144,1.0,1.0
12.0,2.4,2.4552603,0.037748866,0.14965592,472.78314,1.0,0.875
12.0,2.6,2.6530137,0.029233336,0.079206295,251.04752,1.0,1.0
12.0,2.8,2.8179007,0.11664435,-0.2756653,378.9627,1.0,0.0
12.0,3.0,2.8586807,0.073401,0.19706053,860.7278,1.0,0.5625
12.02,0.0,0.030772079,0.02559764,-0.013133276,4.956522,1.0,1.0
12.02,0.2,0.19782926,0.00025685225,0.009068709,6.3184195,1.0,1.0
12.02,0.4,0.39074615,-0.0086005535,-0.049276426,13.221514,1.0,1.0
12.02,0.6,0.5634173,0.015713688,-0.06664385,18.31712,1.0,1.0
12.02,0.8,0.8641209,0.028569855,-0.117659844,32.805664,1.0,1.0
12.02,1.0,1.0631009,0.09157842,0.087753385,41.584347,1.0,1.0
12.02,1.2,1.1635578,0.060130153,-0.030141335,53.910778,1.0,1.0
12.02,1.4,1.39623,0.040349055,-0.09156163,70.58829,1.0,1.0
12.02,1.6,1.6171265,0.057353634,0.07519832,155.99768,1.0,1.0
12.02,1.8,1.737396,0.025682632,0.060893346,199.47006,1.0,1.0
12.02,2.0,2.0809226,0.012823004,-0.0131275095,131.81497,1.0,1.0
12.02,2.2,2.322767,-0.00030399952,0.11422671,144.5234,1.0,0.9375
12.02,2.4,2.3819351,0.02128201,0.11494441,523.4071,1.0,1.0
12.02,2.6,2.6824045,0.030421041,0.056528874,191.83737,1.0,1.0
12.02,2.8,2.7510967,0.097950004,-0.2508343,1009.95636,1.0,0.25
12.02,3.0,2.832148,0.0329749,0.15538096,360.28864,1.0,0.625
12.040000000000001,0.0,0.032873027,0.029012999,-0.004354654,6.316573,1.0,1.0
12.040000000000001,0.2,0.19436525,0.0036848513,0.0007419422,4.738041,1.0,1.0
12.040000000000001,0.4,0.40320554,-0.01732079,-0.056208972,12.988236,1.0,1.0
12.040000000000001,0.6,0.57126296,0.008148119,-0.048924886,19.219166,1.0,1.0
12.040000000000001,0.8,0.84615386,0.032878626,-0.12473582,32.548332,1.0,1.0
12.040000000000001,1.0,1.0713711,0.09436743,0.050173018,61.753517,1.0,1.0
12.040000000000001,1.2,1.2046511,0.063333526,-0.063353926,54.319637,1.0,1.0
12.040000000000001,1.4,1.4590757,0.039575737,-0.14358631,88.97309,1.0,1.0
12.040000000000001,1.6,1.5535786,0.051665403,-0.038333,135.66476,1.0,1.0
12.040000000000001,1.8,1.7262744,0.027300477,0.039786667,117.1452,1.0,1.0
12.040000000000001,2.0,2.1220489,0.0042090854,0.08590907,122.58192,1.0,1.0
12.040000000000001,2.2,2.328395,-0.0019274587,0.20230697,250.57576,1.0,0.25
12.040000000000001,2.4,2.3580475,-0.0049184337,0.05303395,274.46317,1.0,1.0
12.040000000000001,2.6,2.700601,0.018999651,0.23128732,129.27719,1.0,0.125
12.040000000000001,2.8,2.6838205,0.12031259,-0.086456105,760.15625,1.0,0.875
12.040000000000001,3.0,2.8622754,0.030427214,0.15301248,227.99438,1.0,0.625
12.06,0.0,0.03664001,0.033247408,0.0021044258,8.075655,1.0,1.0
12.06,0.2,0.19405425,0.009862019,0.001517321,4.1119514,1.0,1.0
12.06,0.4,0.4222811,-0.024195652,-0.084435895,14.47776,1.0,1.0
12.06,0.6,0.58722925,0.00014344044,-0.045395516,17.617136,1.0,1.0
12.06,0.8,0.8224032,0.034460094,-0.044672087,13.266652,1.0,1.0
12.06,1.0,1.0253915,0.094732165,0.010901755,41.31157,1.0,1.0
12.06,1.2,1.260182,0.064579815,-0.12873524,55.68757,1.0,1.0
12.06,1.4,1.4466367,0.04398063,-0.05346964,127.266785,1.0,1.0
12.06,1.6,1.5114663,0.040560722,-0.12539127,104.29332,1.0,1.0
12.06,1.8,1.7406659,0.027806785,-0.021649037,101.72877,1.0,1.0
12.06,2.0,2.1380491,0.0017896248,0.12554255,202.18745,1.0,1.0
12.06,2.2,2.2670865,0.024218969,0.09059773,412.0673,1.0,1.0
12.06,2.4,2.3861642,0.0010303557,-0.029407192,203.52719,1.0,1.0
12.06,2.6,2.6682272,0.016913049,0.34862435,406.54877,1.0,0.0
12.06,2.8,2.7149673,0.117255084,0.20898879,342.29376,1.0,0.375
12.06,3.0,2.9121706,0.05525969,0.07074262,253.01785,1.0,1.0
12.08,0.0,0.039741665,0.034985334,-0.00070718623,9.102833,1.0,1.0
12.08,0.2,0.19769391,0.017587798,0.00043435732,5.6345797,1.0,1.0
12.08,0.4,0.43982518,-0.024657458,-0.12989189,11.759807,1.0,1.0
12.08,0.6,0.6133639,-0.0053868685,-0.07207088,16.53303,1.0,1.0
12.08,0.8,0.8022901,0.037442673,-0.015223275,14.842372,1.0,1.0
12.08,1.0,0.9869294,0.086970665,-0.056340177,33.995804,1.0,1.0
12.08,1.2,1.257779,0.06837513,-0.047530595,81.68364,1.0,1.0
12.08,1.4,1.3923355,0.036256988,0.03771731,115.92239,1.0,1.0
12.08,1.6,1.4944354,0.033613496,-0.14126962,54.141556,1.0,1.0
12.08,1.8,1.7715268,0.027517926,-0.05236488,114.88759,1.0,1.0
12.08,2.0,2.0732965,0.03182477,0.043758273,332.8711,1.0,1.0
12.08,2.2,2.1962218,0.008356719,0.057895903,401.82117,1.0,1.0
12.08,2.4,2.4355383,0.020502266,-0.07597345,197.12515,1.0,1.0
12.08,2.6,2.6057413,0.05062677,0.14299542,684.681,1.0,1.0
12.08,2.8,2.7728894,0.09711092,0.2150904,297.47318,1.0,0.375
12.08,3.0,2.9517243,0.077641316,-0.042860415,248.24863,1.0,1.0
12.1,0.0,0.038913302,0.031016584,0.010687402,8.436241,1.0,1.0
12.1,0.2,0.20706269,0.02572377,0.005342001,9.245293,1.0,1.0
12.1,0.4,0.43779907,-0.014979112,-0.16234866,19.437677,1.0,1.0
12.1,0.6,0.64345497,-0.006734805,-0.13773406,20.649029,1.0,1.0
12.1,0.8,0.78316784,0.040125884,-0.0111108385,21.246048,1.0,1.0
12.1,1.0,0.9645129,0.07792804,-0.103786424,37.076042,1.0,1.0
12.1,1.2,1.2141504,0.06098689,0.025499696,76.157745,1.0,1.0
12.1,1.4,1.3501899,0.041088503,0.04575751,107.474434,1.0,1.0
12.1,1.6,1.5007159,0.035743877,-0.089401916,70.838486,1.0,1.0
12.1,1.8,1.8089103,0.02730162,-0.008857282,109.60242,1.0,1.0
12.1,2.0,2.0020895,0.015510764,0.017224278,310.7105,1.0,1.0
12.1,2.2,2.1682622,-0.010576742,-0.0037018163,213.71738,1.0,1.0
12.1,2.4,2.4695501,0.03936017,-0.07888236,182.08545,1.0,1.0
12.1,2.6,2.533142,0.021508075,0.10838673,606.0366,1.0,1.0
12.1,2.8,2.8262303,0.092699476,0.14214168,258.0135,1.0,0.9375
12.1,3.0,2.9761508,0.08895491,-0.1807409,173.6951,1.0,0.875
12.120000000000001,0.0,0.036159053,0.025447123,0.007189639,7.754269,1.0,1.0
12.120000000000001,0.2,0.21728715,0.03101356,0.01636787,10.614174,1.0,1.0
12.120000000000001,0.4,0.42407614,-0.008607963,-0.101508826,21.632256,1.0,1.0
12.120000000000001,0.6,0.63464534,-0.0006317403,-0.16245475,23.71727,1.0,1.0
12.120000000000001,0.8,0.7710446,0.042479314,-0.0023293854,22.218723,1.0,1.0
12.120000000000001,1.0,0.9583291,0.0717202,-0.10008091,29.024115,1.0,1.0
12.120000000000001,1.2,1.1780515,0.0640409,0.045889374,69.79355,1.0,1.0
12.120000000000001,1.4,1.3282558,0.04231545,0.020559482,72.83353,1.0,1.0
12.120000000000001,1.6,1.5271149,0.04301744,-0.054132693,89.82132,1.0,1.0
12.120000000000001,1.8,1.8593922,0.019247707,0.097568065,118.90139,1.0,1.0
12.120000000000001,2.0,1.9665248,-0.00093317684,-0.038609367,138.074,1.0,1.0
12.120000000000001,2.2,2.1877246,-0.0035852361,-0.08381212,172.43777,1.0,1.0
12.120000000000001,2.4,2.5035753,0.04608738,-0.1638631,133.9562,1.0,0.8125
12.120000000000001,2.6,2.5299153,-0.0045405924,0.044376828,303.73306,1.0,1.0
12.120000000000001,2.8,2.8540187,0.08521044,0.2295559,164.52994,1.0,0.125
12.120000000000001,3.0,2.9426422,0.092993274,-0.29858273,613.79346,1.0,0.0
12.14,0.0,0.030643426,0.021591336,-0.0068465723,9.76413,1.0,1.0
12.14,0.2,0.2172044,0.026478225,0.0343383,12.158646,1.0,1.0
12.14,0.4,0.41381449,-0.0064998316,-0.017361578,14.057695,1.0,1.0
12.14,0.6,0.61724067,0.0026337933,-0.091381624,16.687702,1.0,1.0
12.14,0.8,0.76843137,0.04694687,0.0018690589,19.01067,1.0,1.0
12.14,1.0,0.9603411,0.068057135,-0.06186029,27.328363,1.0,1.0
12.14,1.2,1.1565781,0.0638039,0.03451074,64.86086,1.0,1.0
12.14,1.4,1.325942,0.042561177,-0.020770267,47.493355,1.0,1.0
12.14,1.6,1.5662727,0.051014576,-0.06913091,90.41409,1.0,1.0
12.14,1.8,1.8727007,0.020926125,0.0801954,167.38747,1.0,1.0
12.14,2.0,1.9758615,0.0028955005,-0.10629368,131.05113,1.0,1.0
12.14,2.2,2.225211,0.012991037,-0.08770341,167.42899,1.0,1.0
12.14,2.4,2.4944673,0.04410824,-0.20149335,327.16895,1.0,0.5
12.14,2.6,2.57233,0.010297038,-0.019581424,202.84525,1.0,1.0
12.14,2.8,2.8818512,0.06431839,0.48287594,249.45535,1.0,0.0
12.14,3.0,2.86301,0.08271095,-0.23561619,1035.9683,1.0,0.25
12.16,0.0,0.02558436,0.01888277,-0.024103865,12.558495,1.0,1.0
12.16,0.2,0.2088095,0.023973253,0.012948157,11.864103,1.0,1.0
12.16,0.4,0.40478113,-0.005017733,0.013848541,11.826263,1.0,1.0
12.16,0.6,0.6059878,0.003098812,-0.01460131,12.94269,1.0,1.0
12.16,0.8,0.7760041,0.053478457,-0.0038164898,30.012617,1.0,1.0
12.16,1.0,0.9738388,0.06641785,-0.032209363,31.877298,1.0,1.0
12.16,1.2,1.150615,0.06406318,0.006365995,37.673885,1.0,1.0
12.16,1.4,1.3402317,0.048080407,-0.02808862,65.436066,1.0,1.0
12.16,1.6,1.6212378,0.053450633,-0.12671164,82.29975,1.0,1.0
12.16,1.8,1.8067439,0.040016953,0.044670522,225.33054,1.0,1.0
12.16,2.0,2.006333,0.016216937,-0.09516741,133.58575,1.0,1.0
12.16,2.2,2.2588372,0.03026558,-0.06795803,162.86845,1.0,1.0
12.16,2.4,2.4281976,0.025811069,-0.100809544,659.1841,1.0,1.0
12.16,2.6,2.6260872,0.033611566,-0.083560124,217.84113,1.0,1.0
12.16,2.8,2.8148751,0.096434295,0.28624123,540.99536,1.0,0.0
12.16,3.0,2.839497,0.097986415,0.060376562,586.0319,1.0,0.9375
12.18,0.0,0.021475844,0.0141467,-0.04813742,6.598604,1.0,1.0
12.18,0.2,0.20068584,0.02131844,-0.015626978,13.060768,1.0,1.0
12.18,0.4,0.39581418,-0.0029955823,0.0020828894,11.476629,1.0,1.0
12.18,0.6,0.59307677,0.005389536,0.004280886,15.904194,1.0,1.0
12.18,0.8,0.7975743,0.061335653,-0.007039084,40.290405,1.0,1.0
12.18,1.0,1.0004432,0.066424385,-0.033789437,38.322517,1.0,1.0
12.18,1.2,1.1583092,0.06871308,-0.005551902,42.56415,1.0,1.0
12.18,1.4,1.370573,0.050190028,0.0034515448,78.76963,1.0,1.0
12.18,1.6,1.6528568,0.059037425,-0.090080015,96.684204,1.0,1.0
12.18,1.8,1.7439351,0.029677443,-0.03762724,203.61447,1.0,1.0
12.18,2.0,2.0440664,0.034846462,-0.056402773,139.95831,1.0,1.0
12.18,2.2,2.296495,0.034436014,-0.15624481,135.70757,1.0,0.8125
12.18,2.4,2.3733943,0.03448583,0.04335311,450.6114,1.0,1.0
12.18,2.6,2.6575394,0.053649627,-0.10519335,209.73175,1.0,1.0
12.18,2.8,2.730231,0.09168531,0.16119227,764.33344,1.0,0.8125
12.18,3.0,2.8893695,0.08136074,0.265661,309.77313,1.0,0.0
12.200000000000001,0.0,0.019603357,0.008190097,-0.06216245,3.9620538,1.0,1.0
12.200000000000001,0.2,0.19503461,0.011972904,-0.053023055,8.400158,1.0,1.0
12.200000000000001,0.4,0.38885373,4.3787062e-05,-0.009403269,10.896876,1.0,1.0
12.200000000000001,0.6,0.5809499,0.007367503,0.0056131333,18.494995,1.0,1.0
12.200000000000001,0.8,0.8321026,0.06852867,0.020870203,37.353416,1.0,1.0
12.200000000000001,1.0,1.0426979,0.06624187,-0.07697272,39.498352,1.0,1.0
12.200000000000001,1.2,1.1809525,0.07229321,0.0022503855,58.428955,1.0,1.0
12.200000000000001,1.4,1.4169374,0.04868978,0.06373897,80.786194,1.0,1.0
12.200000000000001,1.6,1.6086042,0.043010164,0.0008046981,170.50496,1.0,1.0
12.200000000000001,1.8,1.7094539,0.017508153,-0.11772199,107.58914,1.0,1.0
12.200000000000001,2.0,2.086169,0.040058695,-0.1196809,120.53089,1.0,1.0
12.200000000000001,2.2,2.2962089,0.031771332,-0.16861066,245.50792,1.0,0.875
12.200000000000001,2.4,2.387761,0.026512735,0.14914897,285.32004,1.0,0.875
12.200000000000001,2.6,2.690917,0.057226516,-0.24633887,119.83905,1.0,0.0
12.200000000000001,2.8,2.6903853,0.053159893,0.10811381,352.9129,1.0,0.875
12.200000000000001,3.0,2.9465842,0.06346261,0.20163012,309.54913,1.0,0.4375
12.22,0.0,0.019332001,0.003750197,-0.06739792,6.227669,1.0,1.0
12.22,0.2,0.19234642,0.0023583835,-0.054051895,5.7366962,1.0,1.0
12.22,0.4,0.38559067,0.0063052448,-0.013668612,9.140776,1.0,1.0
12.22,0.6,0.5737116,0.00945211,0.00070198346,15.191669,1.0,1.0
12.22,0.8,0.87003493,0.073561266,0.07081544,35.41741,1.0,1.0
12.22,1.0,1.0864878,0.07025212,-0.14288577,55.53551,1.0,1.0
12.22,1.2,1.2195804,0.07389367,0.035275567,67.62306,1.0,1.0
12.22,1.4,1.4638454,0.04769372,0.12635875,123.31468,1.0,1.0
12.22,1.6,1.5573367,0.04416079,0.04301739,163.49097,1.0,1.0
12.22,1.8,1.7044147,0.014421299,-0.1317968,84.834915,1.0,1.0
12.22,2.0,2.1109662,0.044395395,-0.15172614,171.28728,1.0,1.0
12.22,2.2,2.2347631,0.014628877,-0.0717687,522.9851,1.0,1.0
12.22,2.4,2.4345407,0.015229452,0.06762289,234.52342,1.0,1.0
12.22,2.6,2.6637535,0.05478748,-0.2683429,494.18854,1.0,0.0
12.22,2.8,2.7151651,0.048634425,0.08618187,233.45183,1.0,1.0
12.22,3.0,2.987209,0.05999148,0.18143025,225.88803,1.0,0.6875
12.24,0.0,0.021339243,-0.0012699354,-0.07028526,7.5943966,1.0,1.0
12.24,0.2,0.1922007,-0.004718776,-0.050469056,8.251329,1.0,1.0
12.24,0.4,0.3881181,0.01574357,-0.018619016,11.3870125,1.0,1.0
12.24,0.6,0.57309765,0.01596418,-0.013219975,15.2130995,1.0,1.0
12.24,0.8,0.84502923,0.070934765,0.03842234,30.75634,1.0,1.0
12.24,1.0,1.0558636,0.06810497,-0.06736256,50.103115,1.0,1.0
12.24,1.2,1.2702659,0.07773611,0.10584791,58.881252,1.0,1.0
12.24,1.4,1.429226,0.05397507,0.043787755,114.8187,1.0,1.0
12.24,1.6,1.530133,0.04749476,0.040634472,113.893616,1.0,1.0
12.24,1.8,1.7254331,0.024317298,-0.07781222,101.3692,1.0,1.0
12.24,2.0,2.0552366,0.020639151,-0.034395583,379.31195,1.0,1.0
12.24,2.2,2.181551,0.020080037,0.03860309,397.6125,1.0,1.0
12.24,2.4,2.4752274,0.015179284,0.012766742,197.19911,1.0,1.0
12.24,2.6,2.5782652,0.049273513,-0.1328772,776.01135,1.0,1.0
12.24,2.8,2.7637873,0.07164881,0.014825931,230.98251,1.0,1.0
12.24,3.0,3.0065787,0.04430498,0.39330417,152.31776,1.0,0.0
12.26,0.0,0.025643624,-0.0062703313,-0.08062087,8.503826,1.0,1.0
12.26,0.2,0.19587208,-0.011193426,-0.05238822,9.775968,1.0,1.0
12.26,0.4,0.39933372,0.02602474,-0.017357383,13.751276,1.0,1.0
12.26,0.6,0.5815573,0.025441173,-0.025658213,22.651867,1.0,1.0
12.26,0.8,0.808225,0.06296463,-0.034594156,18.377743,1.0,1.0
12.26,1.0,1.0195212,0.064886436,0.0057471786,42.387268,1.0,1.0
12.26,1.2,1.2725,0.08023088,0.046885543,80.75607,1.0,1.0
12.26,1.4,1.3714238,0.05220248,-0.061471783,92.48578,1.0,1.0
12.26,1.6,1.5289094,0.047937836,-0.0013528507,68.89272,1.0,1.0
12.26,1.8,1.7619989,0.037414834,-0.056899436,114.33676,1.0,1.0
12.26,2.0,1.9922776,0.025493465,0.058371462,358.6456,1.0,1.0
12.26,2.2,2.181178,0.016467448,0.09974365,241.3553,1.0,1.0
12.26,2.4,2.5010362,0.009011578,0.10355179,161.8847,1.0,1.0
12.26,2.6,2.557963,0.05651076,0.1272477,402.79236,1.0,1.0
12.26,2.8,2.8025827,0.094487496,-0.062311992,227.43407,1.0,1.0
12.26,3.0,2.9697309,0.037287377,0.54130054,493.6917,1.0,0.0
12.280000000000001,0.0,0.03156765,-0.011751779,-0.100699745,9.00745,1.0,1.0
12.280000000000001,0.2,0.20296237,-0.01942727,-0.064502425,10.813612,1.0,1.0
12.280000000000001,0.4,0.41966307,0.034597848,0.00854627,14.775824,1.0,1.0
12.280000000000001,0.6,0.6008841,0.035102066,-0.018592438,25.261114,1.0,1.0
12.280000000000001,0.8,0.77882767,0.05445855,-0.08662048,18.682928,1.0,1.0
12.280000000000001,1.0,0.9882702,0.068193644,0.021273028,39.1193,1.0,1.0
12.280000000000001,1.2,1.2205296,0.082138315,-0.018327687,64.66566,1.0,1.0
12.280000000000001,1.4,1.3268957,0.041226093,-0.11938366,89.39881,1.0,1.0
12.280000000000001,1.6,1.5489807,0.048865207,-0.040104195,82.53786,1.0,1.0
12.280000000000001,1.8,1.8071673,0.044299904,-0.10457784,105.715576,1.0,1.0
12.280000000000001,2.0,1.9725454,0.023585562,0.10594216,180.60028,1.0,1.0
12.280000000000001,2.2,2.2210178,0.010152215,0.040000685,208.75858,1.0,1.0
12.280000000000001,2.4,2.5336769,-0.008088682,0.30922166,195.22827,1.0,0.0625
12.280000000000001,2.6,2.6008492,0.04106754,0.19980231,291.33975,1.0,0.4375
12.280000000000001,2.8,2.8266597,0.106634736,-0.15346284,149.08221,1.0,1.0
12.280000000000001,3.0,2.9095342,0.07581611,0.25849414,812.9603,1.0,0.375
12.3,0.0,0.038161226,-0.016465917,-0.12033196,9.014008,1.0,1.0
12.3,0.2,0.2138853,-0.028823955,-0.08529446,11.172402,1.0,1.0
12.3,0.4,0.43298864,0.03644336,0.034698207,15.313917,1.0,1.0
12.3,0.6,0.63149166,0.042225093,0.030269733,18.234121,1.0,1.0
12.3,0.8,0.76423347,0.047905028,-0.097467706,27.531157,1.0,1.0
12.3,1.0,0.9679324,0.068442695,0.017253524,39.927994,1.0,1.0
12.3,1.2,1.1763268,0.07358277,-0.08684717,58.451706,1.0,1.0
12.3,1.4,1.3052483,0.034643922,-0.12666263,48.50074,1.0,1.0
12.3,1.6,1.5808424,0.05180719,-0.02625933,93.29294,1.0,1.0
12.3,1.8,1.8622558,0.0450617,-0.16070776,124.36864,1.0,1.0
12.3,2.0,2.001241,0.018459633,0.06320017,159.00302,1.0,1.0
12.3,2.2,2.260591,0.007380124,-0.019366978,180.76636,1.0,1.0
12.3,2.4,2.480416,0.019755762,0.17549284,378.04327,1.0,0.75
12.3,2.6,2.6484084,0.033784933,0.067258365,253.18178,1.0,1.0
12.3,2.8,2.8072848,0.11020393,-0.2637862,442.6701,1.0,0.0
12.3,3.0,2.829681,0.042209912,0.18107066,769.6229,1.0,0.375
12.32,0.0,0.039257366,-0.012052195,-0.12555882,3.0674386,1.0,1.0
12.32,0.2,0.22835362,-0.035580683,-0.10454417,11.101707,1.0,1.0
12.32,0.4,0.41890728,0.030606274,0.009365875,13.639197,1.0,1.0
12.32,0.6,0.63722306,0.0446138,0.034279685,25.852509,1.0,1.0
12.32,0.8,0.7603929,0.043324362,-0.07901658,23.540728,1.0,1.0
12.32,1.0,0.9602921,0.07106982,0.006696249,25.331308,1.0,1.0
12.32,1.2,1.1525624,0.06475808,-0.12439071,52.335133,1.0,1.0
12.32,1.4,1.301435,0.029709011,-0.09096158,45.84427,1.0,1.0
12.32,1.6,1.6260082,0.049158245,0.042577755,92.55838,1.0,1.0
12.32,1.8,1.8397152,0.03508487,-0.046381794,213.87103,1.0,1.0
12.32,2.0,2.0419345,0.0150308665,-0.010018256,152.43866,1.0,1.0
12.32,2.2,2.2918003,0.0024308125,0.031191453,148.20299,1.0,1.0
12.32,2.4,2.404763,0.017825354,0.088649645,555.3258,1.0,1.0
12.32,2.6,2.6777651,0.035891525,0.04326757,192.26459,1.0,1.0
12.32,2.8,2.740869,0.091519475,-0.19909821,975.6914,1.0,0.5
12.32,3.0,2.8351345,0.010315174,0.14570275,312.17712,1.0,0.5625
12.34,0.0,0.038207296,1.141231e-05,-0.13664648,12.393751,1.0,1.0
12.34,0.2,0.22900042,-0.02925506,-0.13432613,8.060693,1.0,1.0
12.34,0.4,0.40225786,0.025175463,-0.04182188,11.163231,1.0,1.0
12.34,0.6,0.61175156,0.040586866,-0.017702274,10.988529,1.0,1.0
12.34,0.8,0.7643542,0.03746041,-0.047895387,25.394918,1.0,1.0
12.34,1.0,0.9646224,0.076219566,0.002004649,30.691845,1.0,1.0
12.34,1.2,1.1460488,0.05849312,-0.10600307,30.647877,1.0,1.0
12.34,1.4,1.3154073,0.030680668,-0.055598035,62.55589,1.0,1.0
12.34,1.6,1.6788645,0.043995634,0.13883772,129.66788,1.0,1.0
12.34,1.8,1.7762783,0.025301259,0.029810075,245.39783,1.0,1.0
12.34,2.0,2.0804083,0.012904595,-0.014018775,131.98196,1.0,1.0
12.34,2.2,2.3281367,-0.012813577,0.18953177,163.5635,1.0,0.4375
12.34,2.4,2.363313,-0.009762812,0.034542195,304.43042,1.0,1.0
12.34,2.6,2.695776,0.025763467,0.21848279,127.827896,1.0,0.3125
12.34,2.8,2.6912937,0.107364714,0.00771101,639.4141,1.0,1.0
12.34,3.0,2.8796558,0.019767703,0.11922544,209.70682,1.0,0.625
12.36,0.0,0.035657734,0.011233159,-0.124699734,12.778667,1.0,1.0
12.36,0.2,0.22618593,-0.015991136,-0.14331192,18.169594,1.0,1.0
12.36,0.4,0.3902862,0.016877148,-0.07774079,8.516211,1.0,1.0
12.36,0.6,0.58906794,0.033224426,-0.08098754,8.172964,1.0,1.0
12.36,0.8,0.777606,0.03244609,-0.032504227,25.670725,1.0,1.0
12.36,1.0,0.9829649,0.08152731,0.0058359397,46.558582,1.0,1.0
12.36,1.2,1.1518719,0.056949988,-0.06391299,40.177692,1.0,1.0
12.36,1.4,1.3476425,0.036008373,-0.050578725,76.15417,1.0,1.0
12.36,1.6,1.649392,0.052247535,0.07432459,156.74289,1.0,1.0
12.36,1.8,1.7392249,0.026870899,0.04916022,169.2774,1.0,1.0
12.36,2.0,2.1213717,0.004241381,0.08593632,121.657715,1.0,1.0
12.36,2.2,2.2976909,0.004473364,0.1468994,274.35474,1.0,0.625
12.36,2.4,2.3776946,-0.0075744875,-0.041384973,225.28087,1.0,1.0
12.36,2.6,2.6673617,0.022507697,0.3681323,403.43427,1.0,0.0
12.36,2.8,2.7286668,0.0968098,0.23313485,323.47137,1.0,0.125
12.36,3.0,2.9356117,0.045846492,0.024611568,264.3438,1.0,1.0
12.38,0.0,0.03149589,0.016666254,-0.0922646,10.978785,1.0,1.0
12.38,0.2,0.21664527,-0.008724066,-0.0874359,16.88049,1.0,1.0
12.38,0.4,0.38266176,0.009569313,-0.07201545,11.337807,1.0,1.0
12.38,0.6,0.5728315,0.02561939,-0.092602864,15.121935,1.0,1.0
12.38,0.8,0.8046373,0.02747529,-0.0402141,26.713387,1.0,1.0
12.38,1.0,1.0169481,0.08669433,0.024526693,54.748917,1.0,1.0
12.38,1.2,1.1720734,0.0579691,-0.040166736,49.579895,1.0,1.0
12.38,1.4,1.3956232,0.039459325,-0.09227969,70.80565,1.0,1.0
12.38,1.6,1.5811766,0.05801152,-0.019378152,143.11098,1.0,1.0
12.38,1.8,1.7338657,0.02742701,0.0147778485,104.78426,1.0,1.0
12.38,2.0,2.1359353,0.0017721923,0.12496579,203.55804,1.0,1.0
12.38,2.2,2.2271914,0.018678464,0.056565076,451.83267,1.0,1.0
12.38,2.4,2.421833,0.013152007,-0.099582784,195.29333,1.0,1.0
12.38,2.6,2.608537,0.05662767,0.16844481,658.6589,1.0,0.875
12.38,2.8,2.7843883,0.07741572,0.18451229,289.18658,1.0,0.5625
12.38,3.0,2.9726505,0.0660978,-0.0665724,223.89584,1.0,1.0
12.4,0.0,0.031033572,0.019918945,-0.05262801,5.413084,1.0,1.0
12.4,0.2,0.21013024,-0.003661836,-0.010858914,10.302332,1.0,1.0
12.4,0.4,0.3801579,0.0047298083,-0.05877251,14.896301,1.0,1.0
12.4,0.6,0.56611043,0.021062426,-0.08523154,21.926525,1.0,1.0
12.4,0.8,0.8408072,0.024165532,-0.09571281,27.47511,1.0,1.0
12.4,1.0,1.062777,0.09184013,0.08777876,41.527657,1.0,1.0
12.4,1.2,1.2086706,0.060755193,-0.0534202,55.306564,1.0,1.0
12.4,1.4,1.4581997,0.038540065,-0.1402063,86.6022,1.0,1.0
12.4,1.6,1.5294694,0.04920377,-0.10877752,124.58153,1.0,1.0
12.4,1.8,1.75211,0.028138153,-0.047057807,108.309906,1.0,1.0
12.4,2.0,2.0723891,0.03193006,0.043480635,331.72235,1.0,1.0
12.4,2.2,2.1696596,-0.004278126,0.011396995,316.6012,1.0,1.0
12.4,2.4,2.4554882,0.033842698,-0.10666242,191.9589,1.0,1.0
12.4,2.6,2.5349884,0.02863606,0.14416441,610.51013,1.0,1.0
12.4,2.8,2.8299422,0.075083345,0.126084,235.77167,1.0,1.0
12.4,3.0,2.9937818,0.07269525,-0.21905583,254.03769,1.0,0.5625
12.42,0.0,0.030812645,0.022059385,-0.035054125,2.7862153,1.0,1.0
12.42,0.2,0.20436925,-0.0013236185,0.02064279,7.6579976,1.0,1.0
12.42,0.4,0.3833313,-0.0013754638,-0.050033167,13.31067,1.0,1.0
12.42,0.6,0.56665653,0.017073384,-0.06177613,20.465075,1.0,1.0
12.42,0.8,0.8652769,0.024971493,-0.12274483,40.416096,1.0,1.0
12.42,1.0,1.0710979,0.09439394,0.05174248,61.92687,1.0,1.0
12.42,1.2,1.2600985,0.061993286,-0.11470837,49.522614,1.0,1.0
12.42,1.4,1.4451977,0.043880556,-0.05744005,123.85294,1.0,1.0
12.42,1.6,1.5024676,0.0386332,-0.1396712,62.0407,1.0,1.0
12.42,1.8,1.7844436,0.028201763,-0.059835877,118.32018,1.0,1.0
12.42,2.0,2.0013623,0.015889239,0.01784172,311.71753,1.0,1.0
12.42,2.2,2.1590831,-0.011896475,-0.05593072,202.00145,1.0,1.0
12.42,2.4,2.483555,0.04656397,-0.15000862,163.7443,1.0,1.0
12.42,2.6,2.530922,0.0005322322,0.07998012,303.38925,1.0,1.0
12.42,2.8,2.852541,0.06483889,0.2655245,154.57819,1.0,0.0
12.42,3.0,2.9520307,0.06793167,-0.28731626,847.5558,1.0,0.0
12.44,0.0,0.029998682,0.02337131,-0.025291441,3.094924,1.0,1.0
12.44,0.2,0.19833532,0.0006026132,0.009335537,6.385243,1.0,1.0
12.44,0.4,0.39090073,-0.009865116,-0.050655782,12.867462,1.0,1.0
12.44,0.6,0.57246125,0.010613803,-0.044379883,18.471066,1.0,1.0
12.44,0.8,0.83992517,0.029563101,-0.107373565,21.396946,1.0,1.0
12.44,1.0,1.0250839,0.09469916,0.012721143,41.487816,1.0,1.0
12.44,1.2,1.2977772,0.0677049,-0.1085654,75.19194,1.0,1.0
12.44,1.4,1.3913479,0.036772814,0.03564596,113.953255,1.0,1.0
12.44,1.6,1.5017263,0.037845343,-0.092687085,64.60884,1.0,1.0
12.44,1.8,1.8235774,0.02764285,0.002902408,107.926025,1.0,1.0
12.44,2.0,1.9661746,-0.00083638076,-0.038022637,139.2568,1.0,1.0
12.44,2.2,2.1889868,0.001484829,-0.11169074,163.45526,1.0,1.0
12.44,2.4,2.495587,0.048438128,-0.24394245,273.66803,1.0,0.3125
12.44,2.6,2.573472,0.013335936,0.0075949593,203.59998,1.0,1.0
12.44,2.8,2.8633962,0.0468413,0.5018971,335.0158,1.0,0.0
12.44,3.0,2.8557577,0.07147178,-0.1892025,966.36743,1.0,0.5625
12.46,0.0,0.030824624,0.025574956,-0.013133572,4.985382,1.0,1.0
12.46,0.2,0.19476059,0.0040169917,0.000920585,4.815524,1.0,1.0
12.46,0.4,0.40541512,-0.018624427,-0.06090361,13.332049,1.0,1.0
12.46,0.6,0.586573,0.003516486,-0.04009712,18.297953,1.0,1.0
12.46,0.8,0.8179936,0.029847028,-0.03232477,11.7121725,1.0,1.0
12.46,1.0,0.98659533,0.08682956,-0.054961696,34.130196,1.0,1.0
12.46,1.2,1.255233,0.059363198,-0.033911917,82.6642,1.0,1.0
12.46,1.4,1.3490785,0.041909795,0.04427839,104.9215,1.0,1.0
12.46,1.6,1.522084,0.043437935,-0.04660599,83.93251,1.0,1.0
12.46,1.8,1.8766956,0.017646551,0.13884228,131.52286,1.0,1.0
12.46,2.0,1.9759495,0.0027957782,-0.10663175,131.9482,1.0,1.0
12.46,2.2,2.2236981,0.019553885,-0.10220834,167.47467,1.0,1.0
12.46,2.4,2.442397,0.02995313,-0.16124615,634.62683,1.0,0.75
12.46,2.6,2.6278558,0.035341732,-0.060928218,216.79811,1.0,1.0
12.46,2.8,2.7967932,0.0828127,0.26436633,621.30005,1.0,0.125
12.46,3.0,2.8648026,0.07891384,0.16629137,436.33505,1.0,0.8125
12.48,0.0,0.03292145,0.028988196,-0.004372971,6.313187,1.0,1.0
12.48,0.2,0.19437578,0.01019561,0.0015311427,4.1238503,1.0,1.0
12.48,0.4,0.425897,-0.025082368,-0.09669671,15.501144,1.0,1.0
12.48,0.6,0.61074096,-0.002877254,-0.059854686,17.309973,1.0,1.0
12.48,0.8,0.79734075,0.033120263,-0.00759609,15.817333,1.0,1.0
12.48,1.0,0.9641841,0.07770569,-0.10302886,37.056973,1.0,1.0
12.48,1.2,1.2112792,0.05970076,0.0016709082,68.90697,1.0,1.0
12.48,1.4,1.3269317,0.043238897,0.019109238,71.30829,1.0,1.0
12.48,1.6,1.5578043,0.05259751,-0.05091899,92.57706,1.0,1.0
12.48,1.8,1.8656805,0.026133575,0.08557946,182.48294,1.0,1.0
12.48,2.0,2.006762,0.015970614,-0.09591697,132.92908,1.0,1.0
12.48,2.2,2.2567883,0.035238516,-0.10088492,157.4166,1.0,1.0
12.48,2.4,2.379572,0.04165908,-0.028879762,577.39233,1.0,1.0
12.48,2.6,2.6599646,0.05441928,-0.08459665,207.91689,1.0,1.0
12.48,2.8,2.7112372,0.06265354,0.17691618,738.59875,1.0,0.5625
12.48,3.0,2.91879,0.05791521,0.26001072,300.35162,1.0,0.125
12.5,0.0,0.036684945,0.033218168,0.0020982637,8.0615015,1.0,1.0
12.5,0.2,0.19793698,0.017924763,0.00042129817,5.615025,1.0,1.0
12.5,0.4,0.43791074,-0.022045277,-0.14305149,12.082658,1.0,1.0
12.5,0.6,0.6423929,-0.0038732346,-0.12186378,17.798218,1.0,1.0
12.5,0.8,0.7794807,0.035372667,0.00028374535,23.444578,1.0,1.0
12.5,1.0,0.95800245,0.07147423,-0.09972632,29.035248,1.0,1.0
12.5,1.2,1.1799157,0.06138303,-0.0043601585,62.545044,1.0,1.0
12.5,1.4,1.3243215,0.043415233,-0.022041393,46.561455,1.0,1.0
12.5,1.6,1.6079607,0.056380276,-0.09749174,85.04724,1.0,1.0
12.5,1.8,1.79357,0.04054639,0.036656797,223.70052,1.0,1.0
12.5,2.0,2.0446763,0.034475468,-0.057516146,139.21396,1.0,1.0
12.5,2.2,2.2974753,0.03248542,-0.21266678,139.75735,1.0,0.375
12.5,2.4,2.3807647,0.040864836,0.14242478,313.2727,1.0,0.9375
12.5,2.6,2.6941156,0.058107287,-0.22922112,119.62303,1.0,0.0625
12.5,2.8,2.6896102,0.02588135,0.11906229,324.57825,1.0,0.8125
12.5,3.0,2.9748077,0.045532063,0.17769735,291.1336,1.0,0.6875
12.52,0.0,0.039812595,0.03496676,-0.0007357531,9.120131,1.0,1.0
12.52,0.2,0.2072646,0.026098238,0.0052705673,9.233332,1.0,1.0
12.52,0.4,0.431821,-0.011561884,-0.1481298,21.157864,1.0,1.0
12.52,0.6,0.64505446,0.0015358552,-0.171198,27.44574,1.0,1.0
12.52,0.8,0.7703421,0.038266487,0.0045158193,20.60505,1.0,1.0
12.52,1.0,0.9599997,0.06778692,-0.06168855,27.385239,1.0,1.0
12.52,1.2,1.1645706,0.06172347,-0.025812939,37.42149,1.0,1.0
12.52,1.4,1.3384194,0.048942626,-0.028556656,65.576645,1.0,1.0
12.52,1.6,1.6614935,0.060412165,-0.13371879,109.482796,1.0,1.0
12.52,1.8,1.735451,0.028116006,-0.04293093,191.27689,1.0,1.0
12.52,2.0,2.0867677,0.039518513,-0.12181106,120.33768,1.0,1.0
12.52,2.2,2.2720242,0.022984032,-0.14899886,369.77438,1.0,1.0
12.52,2.4,2.429257,0.027610324,0.12928274,249.82993,1.0,1.0
12.52,2.6,2.664938,0.053431652,-0.25991488,482.5799,1.0,0.0
12.52,2.8,2.722157,0.028216757,0.08693297,214.50812,1.0,1.0
12.52,3.0,3.0070157,0.040587932,0.21322769,188.02,1.0,0.5
12.540000000000001,0.0,0.03897552,0.031003676,0.010619788,8.425781,1.0,1.0
12.540000000000001,0.2,0.21762916,0.031382754,0.015822504,10.702845,1.0,1.0
12.540000000000001,0.4,0.4188646,-0.0073055485,-0.08067447,20.724295,1.0,1.0
12.540000000000001,0.6,0.6262742,0.0067769047,-0.1154052,17.875149,1.0,1.0
12.540000000000001,0.8,0.77068424,0.044087723,-0.0011897823,21.616745,1.0,1.0
12.540000000000001,1.0,0.97348547,0.0660989,-0.032168835,31.727787,1.0,1.0
12.540000000000001,1.2,1.1639313,0.067892395,-0.043920174,33.254776,1.0,1.0
12.540000000000001,1.4,1.3687081,0.051267672,0.0041962666,78.29058,1.0,1.0
12.540000000000001,1.6,1.6335478,0.04989091,-0.030571433,172.05537,1.0,1.0
12.540000000000001,1.8,1.7075007,0.015704777,-0.10900748,92.823425,1.0,1.0
12.540000000000001,2.0,2.1111603,0.04373516,-0.15281346,172.33484,1.0,1.0
12.540000000000001,2.2,2.2022512,0.019899612,-0.03102573,517.7357,1.0,1.0
12.540000000000001,2.4,2.47936,0.025040798,0.054436408,217.91158,1.0,1.0
12.540000000000001,2.6,2.5825386,0.046801522,-0.11168644,784.56744,1.0,1.0
12.540000000000001,2.8,2.7738957,0.05206739,0.003746965,237.96976,1.0,1.0
12.540000000000001,3.0,3.0260906,0.019577824,0.48283556,195.26636,1.0,0.0
12.56,0.0,0.036218364,0.0254298,0.007070054,7.7616034,1.0,1.0
12.56,0.2,0.21754095,0.026968721,0.033436477,12.490834,1.0,1.0
12.56,0.4,0.41048747,-0.005271826,-0.0040843766,13.179666,1.0,1.0
12.56,0.6,0.6123749,0.008815041,-0.028101776,10.515461,1.0,1.0
12.56,0.8,0.7828768,0.05092039,-0.010805911,34.329285,1.0,1.0
12.56,1.0,1.0000968,0.06605506,-0.033939645,38.24932,1.0,1.0
12.56,1.2,1.178045,0.07477774,-0.035270583,51.20738,1.0,1.0
12.56,1.4,1.4151375,0.049935453,0.06599702,79.993805,1.0,1.0
12.56,1.6,1.5742785,0.04472379,0.031797733,166.98534,1.0,1.0
12.56,1.8,1.709664,0.014955651,-0.102935985,89.339615,1.0,1.0
12.56,2.0,2.0562172,0.020292383,-0.030085629,382.71082,1.0,1.0
12.56,2.2,2.1688933,0.022329003,0.08257429,305.01212,1.0,1.0
12.56,2.4,2.5111337,0.020649567,0.08195171,168.1761,1.0,1.0
12.56,2.6,2.5621128,0.051972724,0.14307076,409.1591,1.0,1.0
12.56,2.8,2.8107202,0.072955,-0.065699995,225.59201,1.0,1.0
12.56,3.0,2.9553251,0.038495343,0.37674415,509.61688,1.0,0.0
12.58,0.0,0.030698258,0.021574907,-0.006924738,9.751769,1.0,1.0
12.58,0.2,0.20904215,0.024257844,0.012423291,11.839102,1.0,1.0
12.58,0.4,0.40207648,-0.0034820223,0.008548094,11.5682125,1.0,1.0
12.58,0.6,0.5986745,0.011247328,-0.0037919933,14.295539,1.0,1.0
12.58,0.8,0.80879486,0.059035473,-0.0058653536,40.81984,1.0,1.0
12.58,1.0,1.0423919,0.06583497,-0.07711317,39.386906,1.0,1.0
12.58,1.2,1.2089058,0.07816494,0.0016429372,67.3822,1.0,1.0
12.58,1.4,1.4620857,0.049176455,0.12848715,120.083145,1.0,1.0
12.58,1.6,1.5373261,0.04606339,0.041615933,131.47575,1.0,1.0
12.58,1.8,1.7357183,0.024951804,-0.05195844,106.500496,1.0,1.0
12.58,2.0,1.9929953,0.02447762,0.06039716,360.5228,1.0,1.0
12.58,2.2,2.1895258,0.014926172,0.09587303,232.57574,1.0,1.0
12.58,2.4,2.5458694,0.005603552,0.23657054,147.49979,1.0,0.25
12.58,2.6,2.6052055,0.035049893,0.21451819,293.80597,1.0,0.25
12.58,2.8,2.838195,0.0808791,-0.18133274,141.3342,1.0,0.875
12.58,3.0,2.8852222,0.058628008,0.12484941,915.1559,1.0,0.9375
12.6,0.0,0.025631875,0.018878385,-0.024119096,12.571465,1.0,1.0
12.6,0.2,0.2008464,0.021630894,-0.015631255,13.104762,1.0,1.0
12.6,0.4,0.39374155,-0.001593343,-0.0068382584,11.261879,1.0,1.0
12.6,0.6,0.58541244,0.014118761,-0.00016108036,17.667717,1.0,1.0
12.6,0.8,0.84602785,0.06547821,0.039371204,31.953135,1.0,1.0
12.6,1.0,1.0862513,0.06975529,-0.14287859,55.6382,1.0,1.0
12.6,1.2,1.255276,0.08177908,0.0674058,61.038414,1.0,1.0
12.6,1.4,1.4289017,0.05527639,0.044326358,116.22948,1.0,1.0
12.6,1.6,1.5251033,0.046065465,0.0066142636,72.84755,1.0,1.0
12.6,1.8,1.774585,0.037101585,-0.047379203,114.071785,1.0,1.0
12.6,2.0,1.97357,0.022442184,0.10724378,182.22263,1.0,1.0
12.6,2.2,2.2312691,0.012023972,0.005665445,201.77206,1.0,1.0
12.6,2.4,2.5087235,0.019570835,0.2258845,332.60492,1.0,0.3125
12.6,2.6,2.652474,0.026705138,0.07972127,251.57489,1.0,1.0
12.6,2.8,2.813055,0.08147123,-0.26882952,512.03235,1.0,0.0
12.6,3.0,2.828124,0.020824421,0.062095985,538.27673,1.0,0.9375
12.620000000000001,0.0,0.02151244,0.014153186,-0.048131596,6.6235647,1.0,1.0
12.620000000000001,0.2,0.19517262,0.012335638,-0.05274485,8.360297,1.0,1.0
12.620000000000001,0.4,0.38759878,0.001852517,-0.014540418,10.340923,1.0,1.0
12.620000000000001,0.6,0.57702386,0.016382067,-0.0026324838,16.438835,1.0,1.0
12.620000000000001,0.8,0.86426723,0.0692463,0.048991367,40.20155,1.0,1.0
12.620000000000001,1.0,1.0557535,0.06769496,-0.068096936,50.129604,1.0,1.0
12.620000000000001,1.2,1.2920058,0.08289884,0.096657485,71.910355,1.0,1.0
12.620000000000001,1.4,1.371416,0.0547,-0.059637547,94.32699,1.0,1.0
12.620000000000001,1.6,1.5364535,0.046784393,-0.049315654,77.03862,1.0,1.0
12.620000000000001,1.8,1.823235,0.04084109,-0.11261124,107.21628,1.0,1.0
12.620000000000001,2.0,2.002555,0.017403714,0.063993916,159.42514,1.0,1.0
12.620000000000001,2.2,2.26517,0.010027482,-0.022393396,172.5148,1.0,1.0
12.620000000000001,2.4,2.4327576,0.039900724,0.08061944,562.62463,1.0,1.0
12.620000000000001,2.6,2.681122,0.02760715,0.05431658,192.74301,1.0,1.0
12.620000000000001,2.8,2.7342074,0.07039338,-0.18241325,922.098,1.0,0.75
12.620000000000001,3.0,2.8514867,0.0066130497,0.050556805,282.45715,1.0,0.9375
12.64,0.0,0.019639084,0.0082021635,-0.0621602,3.9712815,1.0,1.0
12.64,0.2,0.1924721,0.0026729112,-0.053676706,5.8116627,1.0,1.0
12.64,0.4,0.38547397,0.009108567,-0.017448155,9.191948,1.0,1.0
12.64,0.6,0.57520276,0.022249473,-0.012002426,14.135054,1.0,1.0
12.64,0.8,0.8285897,0.06693789,0.002433166,23.196306,1.0,1.0
12.64,1.0,1.0195334,0.064571835,0.0048044613,42.331875,1.0,1.0
12.64,1.2,1.2408458,0.08759746,0.04664669,72.39366,1.0,1.0
12.64,1.4,1.3272355,0.043756887,-0.11635207,90.7669,1.0,1.0
12.64,1.6,1.5632938,0.04966438,-0.0551484,96.165924,1.0,1.0
12.64,1.8,1.8668951,0.04399461,-0.12915722,135.09096,1.0,1.0
12.64,2.0,2.043377,0.013962107,-0.009101307,151.77545,1.0,1.0
12.64,2.2,2.2962286,0.003219599,0.06484832,145.62363,1.0,1.0
12.64,2.4,2.3691306,0.012241408,0.037980583,407.8541,1.0,1.0
12.64,2.6,2.6985369,0.01591283,0.22790608,131.08745,1.0,0.0625
12.64,2.8,2.7030604,0.08314668,0.07472029,531.97656,1.0,1.0
12.64,3.0,2.901233,0.030474124,0.008145532,236.38417,1.0,1.0
12.66,0.0,0.019370532,0.003763392,-0.06739674,6.2345734,1.0,1.0
12.66,0.2,0.19232902,-0.004453953,-0.050158024,8.229958,1.0,1.0
12.66,0.4,0.38992018,0.019049132,-0.020689141,11.950588,1.0,1.0
12.66,0.6,0.5818172,0.03167159,-0.02369535,21.896753,1.0,1.0
12.66,0.8,0.79599184,0.059823,-0.063937925,19.329214,1.0,1.0
12.66,1.0,0.9883386,0.06795256,0.020520158,39.06745,1.0,1.0
12.66,1.2,1.1899617,0.08310456,-0.039699316,58.148197,1.0,1.0
12.66,1.4,1.3058953,0.036560625,-0.123384915,49.41142,1.0,1.0
12.66,1.6,1.6022859,0.05002473,-0.0025018137,94.83332,1.0,1.0
12.66,1.8,1.8254048,0.025427949,-0.02688659,241.2457,1.0,1.0
12.66,2.0,2.0818443,0.011770675,-0.01294044,131.64105,1.0,1.0
12.66,2.2,2.323285,-0.009644869,0.21264052,213.41873,1.0,0.1875
12.66,2.4,2.363641,0.0020676628,-0.027967079,253.32152,1.0,1.0
12.66,2.6,2.6697173,0.011730395,0.35638762,411.81985,1.0,0.0
12.66,2.8,2.7457674,0.06740392,0.23589596,307.02393,1.0,0.1875
12.66,3.0,2.9530485,0.059532236,-0.08497183,253.93468,1.0,1.0
12.68,0.0,0.02137537,-0.0012574616,-0.070273966,7.594171,1.0,1.0
12.68,0.2,0.1960059,-0.01094831,-0.052164257,9.739313,1.0,1.0
12.68,0.4,0.4036969,0.02931743,-0.014508274,14.386946,1.0,1.0
12.68,0.6,0.5994157,0.041930288,-0.021026962,25.928326,1.0,1.0
12.68,0.8,0.772388,0.051206566,-0.09699178,22.966698,1.0,1.0
12.68,1.0,0.96802336,0.06827867,0.016846001,39.966675,1.0,1.0
12.68,1.2,1.1566522,0.07408264,-0.10235283,53.055107,1.0,1.0
12.68,1.4,1.3022527,0.031222202,-0.0878091,44.766598,1.0,1.0
12.68,1.6,1.6559837,0.044831395,0.09278247,96.33081,1.0,1.0
12.68,1.8,1.7634773,0.02262725,0.0354701,241.92516,1.0,1.0
12.68,2.0,2.122839,0.0030262638,0.0864567,122.931625,1.0,1.0
12.68,2.2,2.2751868,0.017549772,0.10702071,336.1784,1.0,0.9375
12.68,2.4,2.3994207,0.020371594,-0.096163124,188.76314,1.0,1.0
12.68,2.6,2.6088476,0.04583122,0.1567578,668.2388,1.0,0.875
12.68,2.8,2.7991228,0.051387087,0.15198104,282.67035,1.0,0.875
12.68,3.0,2.982334,0.07892979,-0.1601752,190.49026,1.0,0.9375
12.700000000000001,0.0,0.02567067,-0.006263231,-0.08060516,8.47402,1.0,1.0
12.700000000000001,0.2,0.20310047,-0.01920001,-0.064335935,10.778248,1.0,1.0
12.700000000000001,0.4,0.42572498,0.037247866,0.020230863,14.270493,1.0,1.0
12.700000000000001,0.6,0.62872255,0.049877226,0.017455455,20.894337,1.0,1.0
12.700000000000001,0.8,0.7629179,0.046135053,-0.0970633,26.8431,1.0,1.0
12.700000000000001,1.0,0.9604043,0.07097389,0.0065329974,25.365334,1.0,1.0
12.700000000000001,1.2,1.1418374,0.068462506,-0.10793701,29.318731,1.0,1.0
12.700000000000001,1.4,1.316344,0.03199265,-0.053069882,61.564423,1.0,1.0
12.700000000000001,1.6,1.667603,0.046139803,0.05559569,137.71555,1.0,1.0
12.700000000000001,1.8,1.7340052,0.022963367,0.053291947,147.30093,1.0,1.0
12.700000000000001,2.0,2.137711,0.0005380381,0.12306413,203.67249,1.0,1.0
12.700000000000001,2.2,2.2027264,0.014114053,0.056960918,440.06146,1.0,1.0
12.700000000000001,2.4,2.4382377,0.043497503,-0.10678837,196.26471,1.0,1.0
12.700000000000001,2.6,2.5358593,0.01708509,0.12634784,615.90393,1.0,1.0
12.700000000000001,2.8,2.8371925,0.050118037,0.12274058,216.24765,1.0,1.0
12.700000000000001,3.0,2.9757042,0.08480419,-0.27900508,387.34265,1.0,0.125
12.72,0.0,0.03160386,-0.011741102,-0.10070273,9.020948,1.0,1.0
12.72,0.2,0.21399145,-0.028594963,-0.08512285,11.148933,1.0,1.0
12.72,0.4,0.43135154,0.036143795,0.027116595,14.684935,1.0,1.0
12.72,0.6,0.6472231,0.05370789,0.045133606,28.18199,1.0,1.0
12.72,0.8,0.7617307,0.041505627,-0.069654755,21.129688,1.0,1.0
12.72,1.0,0.964746,0.07617511,0.0018799967,30.716114,1.0,1.0
12.72,1.2,1.1415701,0.065013535,-0.07037828,34.664803,1.0,1.0
12.72,1.4,1.3485563,0.037151456,-0.0486246,75.34682,1.0,1.0
12.72,1.6,1.6020584,0.060286444,0.018814024,152.74074,1.0,1.0
12.72,1.8,1.7355933,0.021580622,0.009888863,100.43731,1.0,1.0
12.72,2.0,2.0724602,0.031025816,0.042009212,331.6824,1.0,1.0
12.72,2.2,2.1621616,-0.008888489,0.00085326214,249.20213,1.0,1.0
12.72,2.4,2.4648309,0.061515138,-0.11505023,180.27766,1.0,1.0
12.72,2.6,2.5321248,-0.010425016,0.061894037,303.20474,1.0,1.0
12.72,2.8,2.856608,0.03736067,0.30417627,143.18707,1.0,0.0
12.72,3.0,2.9145536,0.0726372,-0.29240483,1100.4683,1.0,0.0
12.74,0.0,0.0380798,-0.016486535,-0.120889604,9.048376,1.0,1.0
12.74,0.2,0.2283667,-0.0352503,-0.10388205,11.291552,1.0,1.0
12.74,0.4,0.41490293,0.02965717,-0.0017352161,14.203426,1.0,1.0
12.74,0.6,0.6236991,0.049588617,0.012867995,14.866455,1.0,1.0
12.74,0.8,0.768116,0.03667159,-0.04322281,24.751875,1.0,1.0
12.74,1.0,0.9830902,0.08153997,0.0056719324,46.556328,1.0,1.0
12.74,1.2,1.1541274,0.06463002,-0.034732904,44.438137,1.0,1.0
12.74,1.4,1.3965964,0.040389676,-0.090313554,70.32208,1.0,1.0
12.74,1.6,1.5455296,0.051954072,-0.0762188,139.37665,1.0,1.0
12.74,1.8,1.7591991,0.021244593,-0.05031287,113.96195,1.0,1.0
12.74,2.0,2.0013647,0.014511232,0.015217984,310.79065,1.0,1.0
12.74,2.2,2.1691537,-0.007332231,-0.07873301,187.22656,1.0,1.0
12.74,2.4,2.4950335,0.06289206,-0.23063803,157.39346,1.0,0.25
12.74,2.6,2.574918,0.0030661598,-0.0059368266,203.68027,1.0,1.0
12.74,2.8,2.841183,0.027472928,0.4678327,418.4286,1.0,0.0
12.74,3.0,2.8392463,0.09493766,-0.13309515,868.5667,1.0,0.875
12.76,0.0,0.03933009,-0.012020802,-0.1256031,3.0400503,1.0,1.0
12.76,0.2,0.22860368,-0.029033978,-0.13469937,8.092012,1.0,1.0
12.76,0.4,0.39895687,0.022115689,-0.05952532,9.6928425,1.0,1.0
12.76,0.6,0.5991175,0.041900493,-0.058740936,6.812925,1.0,1.0
12.76,0.8,0.78602344,0.03208095,-0.035416055,24.83546,1.0,1.0
12.76,1.0,1.0170681,0.086763576,0.024319319,54.779396,1.0,1.0
12.76,1.2,1.1844382,0.067306146,-0.021866929,53.466354,1.0,1.0
12.76,1.4,1.4594187,0.03904279,-0.13836569,90.32805,1.0,1.0
12.76,1.6,1.512865,0.039045513,-0.13185987,87.89932,1.0,1.0
12.76,1.8,1.7934952,0.020754237,-0.050289676,119.27655,1.0,1.0
12.76,2.0,1.9659784,-0.0019150451,-0.04081499,138.16489,1.0,1.0
12.76,2.2,2.205031,0.008245867,-0.104641095,168.08061,1.0,1.0
12.76,2.4,2.4632094,0.052610762,-0.19290018,459.5917,1.0,0.6875
12.76,2.6,2.6294374,0.025703594,-0.074480996,217.9578,1.0,1.0
12.76,2.8,2.7772655,0.061474293,0.22874969,720.1302,1.0,0.4375
12.76,3.0,2.8705983,0.095819615,0.20077813,362.92108,1.0,0.625
12.780000000000001,0.0,0.038315225,7.617159e-05,-0.13662197,12.361437,1.0,1.0
12.780000000000001,0.2,0.22569141,-0.015947048,-0.14376591,18.329054,1.0,1.0
12.780000000000001,0.4,0.38792664,0.013206718,-0.07865468,8.1391945,1.0,1.0
12.780000000000001,0.6,0.580425,0.03362657,-0.0834237,12.753641,1.0,1.0
12.780000000000001,0.8,0.8171441,0.02832684,-0.057187587,27.540527,1.0,1.0
12.780000000000001,1.0,1.0628822,0.09195879,0.08755142,41.571037,1.0,1.0
12.780000000000001,1.2,1.2289286,0.0697728,-0.06387829,52.991524,1.0,1.0
12.780000000000001,1.4,1.446688,0.043492667,-0.053253125,127.81634,1.0,1.0
12.780000000000001,1.6,1.5063264,0.035500173,-0.11422585,59.96881,1.0,1.0
12.780000000000001,1.8,1.8354204,0.017753944,0.020952238,107.26541,1.0,1.0
12.780000000000001,2.0,1.9754951,0.0020514615,-0.10849466,131.1332,1.0,1.0
12.780000000000001,2.2,2.237758,0.026310671,-0.08688733,166.338,1.0,1.0
12.780000000000001,2.4,2.3938942,0.054727226,-0.06799844,631.25995,1.0,0.9375
12.780000000000001,2.6,2.6617134,0.045306534,-0.09736023,208.74734,1.0,1.0
12.780000000000001,2.8,2.700675,0.032655157,0.16479361,700.05884,1.0,0.5625
12.780000000000001,3.0,2.929977,0.07702558,0.22967368,314.04178,1.0,0.1875
12.8,0.0,0.035770986,0.011294564,-0.124401644,12.753519,1.0,1.0
12.8,0.2,0.21601942,-0.008808356,-0.08749154,16.738836,1.0,1.0
12.8,0.4,0.38117906,0.0069002314,-0.06877644,12.742724,1.0,1.0
12.8,0.6,0.57113874,0.028325014,-0.081789285,21.067852,1.0,1.0
12.8,0.8,0.85503983,0.027469303,-0.12990451,27.17345,1.0,1.0
12.8,1.0,1.0713781,0.094586425,0.05231139,60.990997,1.0,1.0
12.8,1.2,1.2837095,0.072322525,-0.12492502,68.91442,1.0,1.0
12.8,1.4,1.3927183,0.036098093,0.037580885,116.21095,1.0,1.0
12.8,1.6,1.5207801,0.039868005,-0.062886536,75.61481,1.0,1.0
12.8,1.8,1.8844125,0.007138908,0.14352478,159.20468,1.0,1.0
12.8,2.0,2.0059884,0.015478436,-0.097127035,134.05353,1.0,1.0
12.8,2.2,2.2717166,0.03751623,-0.12909728,146.78305,1.0,1.0
12.8,2.4,2.3725672,0.058195006,0.11176437,342.0949,1.0,1.0
12.8,2.6,2.6960018,0.04928918,-0.24280056,118.181076,1.0,0.125
12.8,2.8,2.6963968,0.002076134,0.10866437,315.47394,1.0,0.6875
12.8,3.0,2.984779,0.07205646,0.16590294,276.9011,1.0,0.75
12.82,0.0,0.031631283,0.0167038,-0.09195973,10.9679785,1.0,1.0
12.82,0.2,0.20943815,-0.003825611,-0.010797653,10.196922,1.0,1.0
12.82,0.4,0.3798642,0.0024395427,-0.056671727,14.871066,1.0,1.0
12.82,0.6,0.56983995,0.024657374,-0.062455516,20.98432,1.0,1.0
12.82,0.8,0.8534521,0.03059235,-0.12668675,38.887566,1.0,1.0
12.82,1.0,1.0253015,0.09472068,0.012991011,40.514175,1.0,1.0
12.82,1.2,1.2569782,0.07048051,-0.025266226,83.48712,1.0,1.0
12.82,1.4,1.350702,0.041070297,0.04501409,107.77874,1.0,1.0
12.82,1.6,1.5531273,0.04906281,-0.047205724,92.06467,1.0,1.0
12.82,1.8,1.8515,0.023444422,0.07740663,203.06741,1.0,1.0
12.82,2.0,2.0436904,0.034197044,-0.058686875,140.22989,1.0,1.0
12.82,2.2,2.3003602,0.035137918,-0.20832199,190.16971,1.0,0.4375
12.82,2.4,2.4112964,0.04498777,0.14728384,266.81628,1.0,1.0
12.82,2.6,2.668625,0.046458498,-0.27300525,485.31256,1.0,0.0
12.82,2.8,2.7367773,0.011323355,0.062165365,207.7287,1.0,1.0
12.82,3.0,3.0138001,0.0647949,0.2764601,162.0992,1.0,0.0
12.84,0.0,0.031161547,0.019957323,-0.052385606,5.411071,1.0,1.0
12.84,0.2,0.20365886,-0.0014710338,0.020717038,7.585669,1.0,1.0
12.84,0.4,0.38441175,-0.0043711513,-0.048844308,13.058256,1.0,1.0
12.84,0.6,0.57370687,0.018829355,-0.04411576,18.020828,1.0,1.0
12.84,0.8,0.8270421,0.03314036,-0.05941771,15.089758,1.0,1.0
12.84,1.0,0.98683834,0.08669317,-0.055240527,33.661514,1.0,1.0
12.84,1.2,1.2108245,0.065279834,0.0348949,74.5794,1.0,1.0
12.84,1.4,1.3287696,0.042282045,0.01983222,72.732124,1.0,1.0
12.84,1.6,1.5979403,0.0550793,-0.07982322,88.413795,1.0,1.0
12.84,1.8,1.7785532,0.03206941,0.007635545,211.93253,1.0,1.0
12.84,2.0,2.0857267,0.039370343,-0.12232216,120.92287,1.0,1.0
12.84,2.2,2.2566333,0.018740393,-0.11502613,475.03674,1.0,1.0
12.84,2.4,2.461367,0.04015864,0.047307763,225.9761,1.0,1.0
12.84,2.6,2.5881732,0.03959976,-0.11469731,785.0327,1.0,1.0
12.84,2.8,2.790688,0.035582162,-0.027762868,243.10399,1.0,1.0
12.84,3.0,3.0334551,0.04215931,0.5751822,308.2469,1.0,0.0
12.86,0.0,0.030906616,0.022120457,-0.03490699,2.8341055,1.0,1.0
12.86,0.2,0.19771299,0.00047334284,0.0093837315,6.3396635,1.0,1.0
12.86,0.4,0.39334333,-0.013122367,-0.05203277,12.564259,1.0,1.0
12.86,0.6,0.5852024,0.011342622,-0.036712456,18.153229,1.0,1.0
12.86,0.8,0.8057877,0.03341845,-0.011880077,13.508867,1.0,1.0
12.86,1.0,0.96447265,0.07747605,-0.103501126,37.06346,1.0,1.0
12.86,1.2,1.1738887,0.06674758,0.032283545,69.471375,1.0,1.0
12.86,1.4,1.3264934,0.04246022,-0.021374425,47.5215,1.0,1.0
12.86,1.6,1.6596906,0.056486387,-0.15179226,97.25136,1.0,1.0
12.86,1.8,1.7258325,0.019914262,-0.07938755,160.30649,1.0,1.0
12.86,2.0,2.1105778,0.04363668,-0.1541698,171.73703,1.0,1.0
12.86,2.2,2.1902165,0.023073588,-0.002973523,470.77017,1.0,1.0
12.86,2.4,2.4939575,0.03843948,0.031817816,179.80649,1.0,1.0
12.86,2.6,2.566883,0.04544259,0.14265758,410.33417,1.0,1.0
12.86,2.8,2.8256688,0.05525753,-0.08702095,220.37268,1.0,1.0
12.86,3.0,2.9556704,0.07654574,0.30669725,672.3744,1.0,0.0625
12.88,0.0,0.030070605,0.023442194,-0.025192602,3.1152217,1.0,1.0
12.88,0.2,0.19424734,0.0039183553,0.0009887815,4.7722397,1.0,1.0
12.88,0.4,0.4096336,-0.02130394,-0.06853432,13.409736,1.0,1.0
12.88,0.6,0.6069501,0.004480187,-0.049132697,18.388851,1.0,1.0
12.88,0.8,0.78546906,0.035599828,-0.0026975821,18.692196,1.0,1.0
12.88,1.0,0.9583276,0.071147785,-0.100246355,29.144073,1.0,1.0
12.88,1.2,1.1534909,0.06428418,0.0104389,50.532722,1.0,1.0
12.88,1.4,1.3408518,0.04799873,-0.028952919,65.861465,1.0,1.0
12.88,1.6,1.6557364,0.055092037,-0.05682958,146.10396,1.0,1.0
12.88,1.8,1.702931,0.010956522,-0.1298168,82.25131,1.0,1.0
12.88,2.0,2.058298,0.020316336,-0.027114827,387.21985,1.0,1.0
12.88,2.2,2.1725707,0.022795435,0.096115865,259.46814,1.0,1.0
12.88,2.4,2.5209813,0.02825024,0.1635015,137.32747,1.0,0.8125
12.88,2.6,2.6101546,0.029572345,0.21537589,292.5775,1.0,0.25
12.88,2.8,2.853983,0.060696587,-0.21995395,166.29733,1.0,0.5625
12.88,3.0,2.8634229,0.070704035,0.17100473,877.73895,1.0,0.5625
12.9,0.0,0.030882604,0.025660478,-0.013074586,4.9682517,1.0,1.0
12.9,0.2,0.19395232,0.0101227015,0.0016570545,4.120969,1.0,1.0
12.9,0.4,0.4315017,-0.026738215,-0.10974229,15.086109,1.0,1.0
12.9,0.6,0.6360203,0.0012401957,-0.10413651,17.953648,1.0,1.0
12.9,0.8,0.7704222,0.03736406,0.005438408,23.62178,1.0,1.0
12.9,1.0,0.9603604,0.06735735,-0.06210982,27.441147,1.0,1.0
12.9,1.2,1.1489222,0.065389305,-0.019074552,33.028168,1.0,1.0
12.9,1.4,1.3713927,0.05005544,0.003169814,79.009186,1.0,1.0
12.9,1.6,1.596422,0.042163216,0.019579649,168.58173,1.0,1.0
12.9,1.8,1.710519,0.014955878,-0.10174629,90.786865,1.0,1.0
12.9,2.0,1.9951081,0.024106635,0.06104465,361.756,1.0,1.0
12.9,2.2,2.2063425,0.014755438,0.07964647,216.577,1.0,1.0
12.9,2.4,2.5166397,0.024970748,0.2774732,317.05176,1.0,0.0625
12.9,2.6,2.657724,0.02171313,0.079639725,251.41272,1.0,1.0
12.9,2.8,2.8161535,0.0578069,-0.30101502,640.6023,1.0,0.0
12.9,3.0,2.8286214,0.029836703,0.11275832,388.11316,1.0,0.8125
12.92,0.0,0.03296107,0.02908346,-0.004375574,6.324483,1.0,1.0
12.92,0.2,0.19759904,0.017878644,0.00043294,5.636511,1.0,1.0
12.92,0.4,0.43903005,-0.020638617,-0.15794384,13.681023,1.0,1.0
12.92,0.6,0.6487776,0.0042820424,-0.1565913,27.144197,1.0,1.0
12.92,0.8,0.76455593,0.040888164,0.008466283,19.0915,1.0,1.0
12.92,1.0,0.97386783,0.06555595,-0.032399334,31.730892,1.0,1.0
12.92,1.2,1.1583217,0.07015529,-0.023809163,45.876514,1.0,1.0
12.92,1.4,1.4178498,0.048517134,0.06391942,80.986916,1.0,1.0
12.92,1.6,1.5509381,0.043545593,0.041659996,148.31038,1.0,1.0
12.92,1.8,1.7391529,0.026368245,-0.05665335,109.15109,1.0,1.0
12.92,2.0,1.9758219,0.02206186,0.10706155,183.92493,1.0,1.0
12.92,2.2,2.249876,0.0119718835,-4.616956e-05,191.11807,1.0,1.0
12.92,2.4,2.454626,0.053068765,0.14108148,519.91113,1.0,0.9375
12.92,2.6,2.6871102,0.023376212,0.05136449,192.62437,1.0,1.0
12.92,2.8,2.7334208,0.055547647,-0.16047373,894.1611,1.0,0.6875
12.92,3.0,2.856208,0.025441872,0.11466061,245.18958,1.0,0.9375
12.94,0.0,0.03671339,0.03332718,0.002071913,8.109782,1.0,1.0
12.94,0.2,0.2070047,0.02603579,0.0054683327,9.246137,1.0,1.0
12.94,0.4,0.4282692,-0.010605891,-0.12630928,20.968422,1.0,1.0
12.94,0.6,0.6302371,0.01083516,-0.12906575,20.316828,1.0,1.0
12.94,0.8,0.76802385,0.04740461,-0.0014796339,25.562202,1.0,1.0
12.94,1.0,1.0005236,0.06540117,-0.03424088,38.35174,1.0,1.0
12.94,1.2,1.1833067,0.07290024,-0.0021011853,61.38573,1.0,1.0
12.94,1.4,1.4647489,0.047615327,0.1261058,123.55226,1.0,1.0
12.94,1.6,1.5297076,0.045004126,0.019106295,89.37582,1.0,1.0
12.94,1.8,1.7787901,0.037562907,-0.067794874,109.956505,1.0,1.0
12.94,2.0,2.0048418,0.017121157,0.06407725,159.5917,1.0,1.0
12.94,2.2,2.2842457,0.008773005,0.00708933,158.90887,1.0,1.0
12.94,2.4,2.3809762,0.031674817,0.11870772,504.82373,1.0,1.0
12.94,2.6,2.7048018,0.012409173,0.22451064,130.75195,1.0,0.125
12.94,2.8,2.722247,0.06324531,0.14368549,457.84796,1.0,0.8125
12.94,3.0,2.9048502,0.05189386,0.04310154,250.88069,1.0,1.0
12.96,0.0,0.03978596,0.035061784,-0.0007179115,9.140135,1.0,1.0
12.96,0.2,0.21715157,0.03133319,0.017040968,10.619265,1.0,1.0
12.96,0.4,0.41620362,-0.007752614,-0.054024562,18.399727,1.0,1.0
12.96,0.6,0.6150818,0.013006536,-0.03847141,10.18327,1.0,1.0
12.96,0.8,0.78485084,0.05465968,-0.013202399,37.660507,1.0,1.0
12.96,1.0,1.0428722,0.06507046,-0.077328466,39.505375,1.0,1.0
12.96,1.2,1.2243166,0.07435809,0.042206395,65.429825,1.0,1.0
12.96,1.4,1.4297528,0.053889014,0.044719674,114.24307,1.0,1.0
12.96,1.6,1.5329883,0.045647103,-0.034992095,70.38081,1.0,1.0
12.96,1.8,1.831245,0.03943319,-0.14308679,103.95788,1.0,1.0
12.96,2.0,2.0455883,0.013742093,-0.009054744,151.84401,1.0,1.0
12.96,2.2,2.3207402,-0.0020293081,0.12545249,142.29451,1.0,0.875
12.96,2.4,2.3620718,0.0069456957,0.05798099,268.23865,1.0,1.0
12.96,2.6,2.6763363,0.0086053535,0.3549498,415.86066,1.0,0.0
12.96,2.8,2.7697368,0.044879235,0.24307254,300.19684,1.0,0.25
12.96,3.0,2.9452076,0.07618656,-0.06601557,252.16414,1.0,1.0
12.98,0.0,0.038919583,0.031072399,0.010630338,8.446539,1.0,1.0
12.98,0.2,0.21703589,0.026719922,0.035697326,12.115919,1.0,1.0
12.98,0.4,0.4082331,-0.0064502787,0.00856461,12.734901,1.0,1.0
12.98,0.6,0.60115635,0.015463181,-0.011111805,13.204004,1.0,1.0
12.98,0.8,0.8151638,0.06249261,0.001210657,39.834045,1.0,1.0
12.98,1.0,1.0868142,0.06885044,-0.14258216,56.0039,1.0,1.0
12.98,1.2,1.275427,0.076616585,0.124917276,80.63643,1.0,1.0
12.98,1.4,1.3719106,0.05205887,-0.061080437,91.88825,1.0,1.0
12.98,1.6,1.555072,0.04737551,-0.053522274,91.48036,1.0,1.0
12.98,1.8,1.8552988,0.043659627,-0.091504015,137.45334,1.0,1.0
12.98,2.0,2.083993,0.011587654,-0.013432165,131.99532,1.0,1.0
12.98,2.2,2.3216891,-0.0011757724,0.19117245,254.08089,1.0,0.5
12.98,2.4,2.3930097,0.015115015,-0.024718823,195.2396,1.0,1.0
12.98,2.6,2.6131084,0.04393351,0.15566112,669.9239,1.0,1.0
12.98,2.8,2.8220434,0.03296499,0.13804758,276.4843,1.0,0.875
12.98,3.0,2.968622,0.08931631,-0.1855034,174.53058,1.0,0.6875
13.0,0.0,0.0361296,0.025480589,0.006973151,7.756709,1.0,1.0
13.0,0.2,0.20861603,0.02426382,0.014005717,11.900646,1.0,1.0
13.0,0.4,0.39993477,-0.0047107954,0.008772608,11.560402,1.0,1.0
13.0,0.6,0.5869988,0.017694123,-0.005925929,16.87585,1.0,1.0
13.0,0.8,0.85434353,0.068610065,0.060597688,26.776577,1.0,1.0
13.0,1.0,1.0561895,0.066890314,-0.06893855,49.5959,1.0,1.0
13.0,1.2,1.2552477,0.07983425,0.053855315,78.40805,1.0,1.0
13.0,1.4,1.3273051,0.041061077,-0.11948326,88.917816,1.0,1.0
13.0,1.6,1.5891325,0.049291484,-0.01674066,94.6044,1.0,1.0
13.0,1.8,1.8033875,0.02238208,0.0047727544,245.11945,1.0,1.0
13.0,2.0,2.1250124,0.002878517,0.08530205,123.782295,1.0,1.0
13.0,2.2,2.2585409,0.023769803,0.08552955,405.06036,1.0,1.0
13.0,2.4,2.441194,0.034630068,-0.059568577,194.07947,1.0,1.0
13.0,2.6,2.539588,0.014937021,0.1228394,615.0458,1.0,1.0
13.0,2.8,2.8548946,0.03154371,0.13148692,196.59312,1.0,0.875
13.0,3.0,2.9405131,0.0958353,-0.30426124,540.7536,1.0,0.0
13.02,0.0,0.030579219,0.02161888,-0.0070917057,9.7778845,1.0,1.0
13.02,0.2,0.20047581,0.021529786,-0.015068151,13.098192,1.0,1.0
13.02,0.4,0.3922268,-0.0026460523,-0.0074115535,11.245612,1.0,1.0
13.02,0.6,0.5773064,0.019113302,-0.0038648266,17.575829,1.0,1.0
13.02,0.8,0.8484919,0.0694188,0.03824972,36.1013,1.0,1.0
13.02,1.0,1.0199625,0.06395102,0.0036075925,42.19198,1.0,1.0
13.02,1.2,1.2039738,0.07761471,-0.025255661,62.10638,1.0,1.0
13.02,1.4,1.3055661,0.034570932,-0.12692113,48.15683,1.0,1.0
13.02,1.6,1.638563,0.043988056,0.069741115,91.248184,1.0,1.0
13.02,1.8,1.7489543,0.02453994,0.052774284,232.69525,1.0,1.0
13.02,2.0,2.1414158,0.00025934353,0.12408386,202.97147,1.0,1.0
13.02,2.2,2.1899326,0.008227943,0.048341677,390.74582,1.0,1.0
13.02,2.4,2.4734993,0.052627772,-0.062650196,178.8652,1.0,1.0
13.02,2.6,2.5350766,-0.0123977065,0.060061544,300.9188,1.0,1.0
13.02,2.8,2.8740387,0.016061611,0.33379132,136.99902,1.0,0.0
13.02,3.0,2.8589668,0.08313188,-0.28532666,1078.4268,1.0,0.125
13.040000000000001,0.0,0.025497377,0.018911768,-0.024308141,12.546465,1.0,1.0
13.040000000000001,0.2,0.19483596,0.012052637,-0.052861884,8.415453,1.0,1.0
13.040000000000001,0.4,0.38709354,0.0013064342,-0.013332907,9.791967,1.0,1.0
13.040000000000001,0.6,0.5740923,0.023305783,-0.0049170433,13.672172,1.0,1.0
13.040000000000001,0.8,0.81087077,0.064511925,-0.027869593,18.326424,1.0,1.0
13.040000000000001,1.0,0.9887315,0.06744784,0.019574283,38.92778,1.0,1.0
13.040000000000001,1.2,1.1621914,0.06676213,-0.09041178,58.874283,1.0,1.0
13.040000000000001,1.4,1.3016348,0.029561378,-0.091810375,45.723244,1.0,1.0
13.040000000000001,1.6,1.6743305,0.041710105,0.10889524,134.08887,1.0,1.0
13.040000000000001,1.8,1.728452,0.026002578,0.058547627,135.02847,1.0,1.0
13.040000000000001,2.0,2.0750275,0.030379206,0.043303188,330.4519,1.0,1.0
13.040000000000001,2.2,2.1637938,-0.009768311,-0.0132669695,214.01715,1.0,1.0
13.040000000000001,2.4,2.5085676,0.056777228,-0.16393663,120.58728,1.0,0.8125
13.040000000000001,2.6,2.577364,0.0019182637,-0.00604653,202.36539,1.0,1.0
13.040000000000001,2.8,2.829618,0.019021511,0.4042263,424.6271,1.0,0.0
13.040000000000001,3.0,2.8206766,0.10321754,-0.028746985,661.0743,1.0,0.9375
13.06,0.0,0.02137411,0.0141574,-0.04829807,6.5811205,1.0,1.0
13.06,0.2,0.19216365,0.0023862417,-0.053998448,5.7223063,1.0,1.0
13.06,0.4,0.38615328,0.009061008,-0.018142458,9.629089,1.0,1.0
13.06,0.6,0.57918644,0.031707868,-0.014661122,20.564602,1.0,1.0
13.06,0.8,0.78102314,0.057687838,-0.08945834,17.789661,1.0,1.0
13.06,1.0,0.9684114,0.06788263,0.01640679,39.87732,1.0,1.0
13.06,1.2,1.1398107,0.059933,-0.12099299,47.535603,1.0,1.0
13.06,1.4,1.3155217,0.030503526,-0.055997416,62.475624,1.0,1.0
13.06,1.6,1.6201377,0.057197623,0.074450456,157.03226,1.0,1.0
13.06,1.8,1.7376118,0.025404558,0.0076565742,100.07884,1.0,1.0
13.06,2.0,2.0036147,0.013818809,0.015094547,309.5216,1.0,1.0
13.06,2.2,2.1844246,-0.0023729885,-0.08779579,169.47144,1.0,1.0
13.06,2.4,2.4952781,0.05100177,-0.18218566,374.84912,1.0,0.75
13.06,2.6,2.6315842,0.025360867,-0.074759126,218.95712,1.0,1.0
13.06,2.8,2.7671156,0.049551755,0.15165408,801.3052,1.0,0.6875
13.06,3.0,2.868721,0.092481986,0.22481751,317.03082,1.0,0.3125
13.08,0.0,0.019517772,0.008192494,-0.062347874,3.9586196,1.0,1.0
13.08,0.2,0.19203353,-0.0047197095,-0.05037369,8.241766,1.0,1.0
13.08,0.4,0.39225215,0.01888361,-0.021594845,12.327648,1.0,1.0
13.08,0.6,0.5948454,0.041509427,-0.01908272,25.950367,1.0,1.0
13.08,0.8,0.763713,0.05056255,-0.10493228,26.604885,1.0,1.0
13.08,1.0,0.9608128,0.07072404,0.0064338427,25.342236,1.0,1.0
13.08,1.2,1.1345211,0.054388035,-0.1019943,33.511604,1.0,1.0
13.08,1.4,1.3476915,0.035787273,-0.050729483,76.13681,1.0,1.0
13.08,1.6,1.5559051,0.051707953,-0.039651424,136.2077,1.0,1.0
13.08,1.8,1.7673366,0.024694446,-0.040898256,113.4537,1.0,1.0
13.08,2.0,1.9675546,-0.0024499847,-0.0409544,136.97368,1.0,1.0
13.08,2.2,2.2215009,0.014427802,-0.08685438,164.72717,1.0,1.0
13.08,2.4,2.4235716,0.037014037,-0.07683449,644.1349,1.0,1.0
13.08,2.6,2.663683,0.0453782,-0.09784032,208.0445,1.0,1.0
13.08,2.8,2.6969013,0.017741658,0.096765265,629.73474,1.0,0.8125
13.08,3.0,2.927867,0.07471022,0.1911888,314.40338,1.0,0.5625
13.1,0.0,0.01926451,0.0037444793,-0.06763032,6.246258,1.0,1.0
13.1,0.2,0.19572675,-0.011214471,-0.052280318,9.779158,1.0,1.0
13.1,0.4,0.4081012,0.028558725,-0.010555488,14.8925495,1.0,1.0
13.1,0.6,0.62237716,0.049765646,0.0055157295,23.192558,1.0,1.0
13.1,0.8,0.75881296,0.04709064,-0.091505595,26.473652,1.0,1.0
13.1,1.0,0.96518683,0.076027654,0.0018219282,30.787537,1.0,1.0
13.1,1.2,1.1421678,0.053214274,-0.06525558,43.74904,1.0,1.0
13.1,1.4,1.3956621,0.039276123,-0.092408374,70.8194,1.0,1.0
13.1,1.6,1.5131218,0.040824033,-0.12702188,105.15753,1.0,1.0
13.1,1.8,1.8043387,0.024425317,-0.024583556,113.7903,1.0,1.0
13.1,2.0,1.9764763,0.0016714912,-0.10852025,130.19363,1.0,1.0
13.1,2.2,2.2553153,0.03201587,-0.06766951,160.91052,1.0,1.0
13.1,2.4,2.3786387,0.042489152,0.08536309,393.85464,1.0,1.0
13.1,2.6,2.6973782,0.049815454,-0.24201989,117.00299,1.0,0.0
13.1,2.8,2.7043662,-0.0048511177,0.0501829,308.89014,1.0,0.9375
13.1,3.0,2.9736352,0.07152933,0.1635458,241.96649,1.0,0.875
13.120000000000001,0.0,0.02128641,-0.0012825138,-0.07044996,7.602017,1.0,1.0
13.120000000000001,0.2,0.2028369,-0.0194933,-0.06447037,10.839298,1.0,1.0
13.120000000000001,0.4,0.43066913,0.035693035,0.029056465,14.3919525,1.0,1.0
13.120000000000001,0.6,0.65261245,0.056047253,0.044636182,28.075195,1.0,1.0
13.120000000000001,0.8,0.76081014,0.042584766,-0.05889479,22.569649,1.0,1.0
13.120000000000001,1.0,0.9835769,0.08148528,0.005611456,46.66513,1.0,1.0
13.120000000000001,1.2,1.1664689,0.055393837,-0.04543212,55.202023,1.0,1.0
13.120000000000001,1.4,1.4580297,0.03802921,-0.13488525,85.500946,1.0,1.0
13.120000000000001,1.6,1.4953698,0.033796526,-0.14355227,54.421185,1.0,1.0
13.120000000000001,1.8,1.8503027,0.019182283,0.058395542,109.340164,1.0,1.0
13.120000000000001,2.0,2.0065918,0.01525299,-0.09740235,134.66978,1.0,1.0
13.120000000000001,2.2,2.294199,0.03497672,-0.15738933,134.38469,1.0,0.8125
13.120000000000001,2.4,2.401434,0.02993882,0.15649608,275.39914,1.0,0.8125
13.120000000000001,2.6,2.6698909,0.04744874,-0.2776262,486.95996,1.0,0.0
13.120000000000001,2.8,2.749538,0.012823209,0.0030099768,208.57007,1.0,1.0
13.120000000000001,3.0,2.9955812,0.05878422,0.350073,151.57877,1.0,0.0
13.14,0.0,0.02559458,-0.0062880293,-0.0807098,8.497968,1.0,1.0
13.14,0.2,0.21378635,-0.02895346,-0.08533063,11.173431,1.0,1.0
13.14,0.4,0.42906564,0.032985248,0.020263266,13.464495,1.0,1.0
13.14,0.6,0.6326376,0.05109249,0.0368852,20.794392,1.0,1.0
13.14,0.8,0.76982,0.038205624,-0.03671883,23.693256,1.0,1.0
13.14,1.0,1.0176163,0.086790696,0.024422726,54.867493,1.0,1.0
13.14,1.2,1.2060012,0.058225736,-0.065583475,56.3246,1.0,1.0
13.14,1.4,1.4452784,0.043717597,-0.059920095,122.61723,1.0,1.0
13.14,1.6,1.5011086,0.0357805,-0.091355816,70.38767,1.0,1.0
13.14,1.8,1.8874468,0.012251705,0.1243645,174.99246,1.0,1.0
13.14,2.0,2.0441403,0.034069076,-0.058703527,140.42812,1.0,1.0
13.14,2.2,2.2932365,0.03157329,-0.15683207,275.96378,1.0,0.8125
13.14,2.4,2.447124,0.020330865,0.04918814,226.38705,1.0,1.0
13.14,2.6,2.5889258,0.040616125,-0.123857774,769.3624,1.0,0.9375
13.14,2.8,2.802306,0.039243855,-0.07644405,241.5034,1.0,1.0
13.14,3.0,2.978579,0.044545017,0.5645622,442.00473,1.0,0.0
13.16,0.0,0.031529173,-0.011770602,-0.10079653,9.040815,1.0,1.0
13.16,0.2,0.22801375,-0.035691705,-0.104717314,10.922098,1.0,1.0
13.16,0.4,0.41218013,0.027769405,-0.014294868,14.424658,1.0,1.0
13.16,0.6,0.60605514,0.04208354,-0.04068381,8.073371,1.0,1.0
13.16,0.8,0.7911103,0.03311619,-0.034893595,23.665653,1.0,1.0
13.16,1.0,1.0634905,0.092078224,0.08779448,41.59015,1.0,1.0
13.16,1.2,1.2605581,0.05991824,-0.13750249,49.513584,1.0,1.0
13.16,1.4,1.3917038,0.036640756,0.0336634,114.12406,1.0,1.0
13.16,1.6,1.5270424,0.042967137,-0.055616282,89.45254,1.0,1.0
13.16,1.8,1.8342433,0.033157405,0.078501225,228.9766,1.0,1.0
13.16,2.0,2.0860677,0.0394209,-0.121679366,120.1623,1.0,1.0
13.16,2.2,2.2294676,0.01603786,-0.057742026,526.1361,1.0,1.0
13.16,2.4,2.482032,0.01999927,0.00464875,188.5198,1.0,1.0
13.16,2.6,2.5642562,0.046994433,0.13769564,398.39417,1.0,1.0
13.16,2.8,2.8331976,0.059191033,-0.121251106,214.02399,1.0,1.0
13.16,3.0,2.9151156,0.083815634,0.28349608,784.1995,1.0,0.1875
13.18,0.0,0.03806846,-0.01648427,-0.1203953,9.017459,1.0,1.0
13.18,0.2,0.22868505,-0.029280279,-0.13447595,8.140775,1.0,1.0
13.18,0.4,0.3976075,0.019282386,-0.07228098,9.508564,1.0,1.0
13.18,0.6,0.5855075,0.031699136,-0.07769856,11.778278,1.0,1.0
13.18,0.8,0.8239672,0.029408276,-0.07008228,26.606758,1.0,1.0
13.18,1.0,1.0721989,0.094864264,0.052772257,60.901688,1.0,1.0
13.18,1.2,1.2795843,0.06519573,-0.07682021,82.78064,1.0,1.0
13.18,1.4,1.3495561,0.041919596,0.04257705,104.70746,1.0,1.0
13.18,1.6,1.5658934,0.05104037,-0.06986366,90.698654,1.0,1.0
13.18,1.8,1.763793,0.030734938,-0.005516316,205.18338,1.0,1.0
13.18,2.0,2.110034,0.043960758,-0.1519315,169.82718,1.0,1.0
13.18,2.2,2.1780958,0.020152073,0.04697104,384.385,1.0,1.0
13.18,2.4,2.5052133,0.011732366,0.1246948,152.3167,1.0,1.0
13.18,2.6,2.6059487,0.030329064,0.21438655,288.7166,1.0,0.1875
13.18,2.8,2.8582206,0.0626796,-0.25499177,209.35416,1.0,0.1875
13.18,3.0,2.8314018,0.057486694,0.21038923,803.20703,1.0,0.5
13.200000000000001,0.0,0.039117984,-0.0120252855,-0.12564874,3.0266314,1.0,1.0
13.200000000000001,0.2,0.2258614,-0.015948398,-0.14338636,18.082026,1.0,1.0
13.200000000000001,0.4,0.3881466,0.010187061,-0.07797307,8.651221,1.0,1.0
13.200000000000001,0.6,0.5734449,0.024685988,-0.08123206,20.060192,1.0,1.0
13.200000000000001,0.8,0.86414623,0.028552053,-0.11761842,32.752434,1.0,1.0
13.200000000000001,1.0,1.0260539,0.09514969,0.013841834,40.808884,1.0,1.0
13.200000000000001,1.2,1.2350605,0.05683952,-0.0067399037,78.21098,1.0,1.0
13.200000000000001,1.4,1.3274841,0.043269016,0.016865365,71.40972,1.0,1.0
13.200000000000001,1.6,1.6204236,0.053567532,-0.12585746,82.59235,1.0,1.0
13.200000000000001,1.8,1.7183522,0.018575765,-0.098046005,131.00217,1.0,1.0
13.200000000000001,2.0,2.0578825,0.020293793,-0.028648665,381.97363,1.0,1.0
13.200000000000001,2.2,2.1798568,0.01559157,0.098403014,241.5942,1.0,1.0
13.200000000000001,2.4,2.522386,-0.0016726367,0.29881635,268.39606,1.0,0.0625
13.200000000000001,2.6,2.6540685,0.021428786,0.08046935,246.08517,1.0,1.0
13.200000000000001,2.8,2.8139763,0.055163324,-0.29805863,686.07416,1.0,0.0
13.200000000000001,3.0,2.825996,0.021468692,0.17253718,325.5558,1.0,0.625
13.22,0.0,0.038052112,4.217215e-05,-0.13670534,12.429298,1.0,1.0
13.22,0.2,0.2163691,-0.008726832,-0.0871567,16.827278,1.0,1.0
13.22,0.4,0.38296333,0.004352711,-0.06352021,13.627905,1.0,1.0
13.22,0.6,0.5703101,0.020518608,-0.06657544,22.1876,1.0,1.0
13.22,0.8,0.8462024,0.032862805,-0.12480781,32.39205,1.0,1.0
13.22,1.0,0.9874959,0.087132946,-0.054138936,33.835976,1.0,1.0
13.22,1.2,1.1957027,0.059108615,0.025240706,66.70961,1.0,1.0
13.22,1.4,1.3249714,0.043424703,-0.023970898,46.611572,1.0,1.0
13.22,1.6,1.654541,0.059212603,-0.096774384,99.21349,1.0,1.0
13.22,1.8,1.7021954,0.012608249,-0.13541093,78.19985,1.0,1.0
13.22,2.0,1.9948999,0.02446288,0.061622307,360.72052,1.0,1.0
13.22,2.2,2.2188952,0.0098211095,0.032435853,208.64389,1.0,1.0
13.22,2.4,2.467922,0.026611347,0.17739677,419.96228,1.0,0.75
13.22,2.6,2.6843987,0.022807375,0.052617498,188.92723,1.0,1.0
13.22,2.8,2.7230906,0.064774014,-0.17782032,880.2572,1.0,0.875
13.22,3.0,2.8664603,0.025534803,0.14884481,211.83041,1.0,0.625
13.24,0.0,0.03548803,0.011240678,-0.12469685,12.7394905,1.0,1.0
13.24,0.2,0.2099216,-0.0035842839,-0.010333157,10.247282,1.0,1.0
13.24,0.4,0.3829608,-0.00026616454,-0.052641332,14.39934,1.0,1.0
13.24,0.6,0.5728828,0.015133331,-0.05183057,19.047482,1.0,1.0
13.24,0.8,0.82247835,0.03444156,-0.044716533,13.288046,1.0,1.0
13.24,1.0,0.9650674,0.07782742,-0.10266085,36.950996,1.0,1.0
13.24,1.2,1.1696317,0.060286675,0.019922273,64.62869,1.0,1.0
13.24,1.4,1.3391601,0.048950296,-0.030061116,65.57291,1.0,1.0
13.24,1.6,1.6110607,0.043391228,-0.0043683746,170.81302,1.0,1.0
13.24,1.8,1.7153265,0.020194508,-0.09160893,96.012436,1.0,1.0
13.24,2.0,1.9753733,0.022622842,0.1085861,182.29547,1.0,1.0
13.24,2.2,2.2570164,0.007131284,-0.022588622,181.20619,1.0,1.0
13.24,2.4,2.3950562,0.016191859,0.118748814,545.09045,1.0,1.0
13.24,2.6,2.7017543,0.011629567,0.22811751,131.36078,1.0,0.0625
13.24,2.8,2.7275424,0.073353626,0.14059588,413.37247,1.0,0.9375
13.24,3.0,2.9212945,0.049798798,0.053638745,258.99933,1.0,1.0
13.26,0.0,0.031348668,0.016643189,-0.09213085,10.941664,1.0,1.0
13.26,0.2,0.2042059,-0.001166712,0.021037633,7.602723,1.0,1.0
13.26,0.4,0.38846394,-0.00751407,-0.04796719,13.144564,1.0,1.0
13.26,0.6,0.5826764,0.0071747787,-0.04301604,19.460398,1.0,1.0
13.26,0.8,0.8023617,0.037427574,-0.015278045,14.8403,1.0,1.0
13.26,1.0,0.95890486,0.07139078,-0.099715486,28.882545,1.0,1.0
13.26,1.2,1.1591623,0.06093843,-0.0036994112,38.147354,1.0,1.0
13.26,1.4,1.3694775,0.051265072,0.0027681927,78.39099,1.0,1.0
13.26,1.6,1.5586562,0.04436168,0.039792374,163.75078,1.0,1.0
13.26,1.8,1.7472404,0.03241255,-0.053479187,113.820564,1.0,1.0
13.26,2.0,2.0043504,0.017657276,0.06605758,158.95209,1.0,1.0
13.26,2.2,2.287912,0.0020683156,0.033485588,149.24133,1.0,1.0
13.26,2.4,2.3647115,-0.011498913,0.060574748,286.6433,1.0,1.0
13.26,2.6,2.6693077,0.00908415,0.36630523,398.636,1.0,0.0
13.26,2.8,2.7794785,0.056430973,0.21218811,293.93787,1.0,0.25
13.26,3.0,2.9597816,0.07011181,-0.048207514,230.36688,1.0,1.0
13.280000000000001,0.0,0.030923314,0.019900903,-0.052432843,5.377092,1.0,1.0
13.280000000000001,0.2,0.19818226,0.0007820991,0.009764529,6.347319,1.0,1.0
13.280000000000001,0.4,0.3988788,-0.01649639,-0.053040244,12.457441,1.0,1.0
13.280000000000001,0.6,0.60245126,-0.0008861404,-0.047969468,19.483604,1.0,1.0
13.280000000000001,0.8,0.7832311,0.040121175,-0.011161711,21.249325,1.0,1.0
13.280000000000001,1.0,0.9609535,0.067532174,-0.061630256,27.327396,1.0,1.0
13.280000000000001,1.2,1.1626406,0.066842794,-0.016725622,38.592026,1.0,1.0
13.280000000000001,1.4,1.4159883,0.0499726,0.06527155,80.080925,1.0,1.0
13.280000000000001,1.6,1.5303934,0.04762473,0.038415637,115.041466,1.0,1.0
13.280000000000001,1.8,1.7884489,0.041987598,-0.08192761,108.57205,1.0,1.0
13.280000000000001,2.0,2.0452552,0.014252012,-0.007207423,151.7055,1.0,1.0
13.280000000000001,2.2,2.3247366,-0.013263363,0.19313568,173.30237,1.0,0.4375
13.280000000000001,2.4,2.3887665,-0.0076536834,-0.023887396,212.99837,1.0,1.0
13.280000000000001,2.6,2.6065097,0.043318532,0.15587054,685.15717,1.0,1.0
13.280000000000001,2.8,2.832473,0.04931575,0.11159642,277.0586,1.0,1.0
13.280000000000001,3.0,2.9846067,0.07692537,-0.20049472,200.72879,1.0,0.5
13.3,0.0,0.030728549,0.02205086,-0.034950018,2.7844853,1.0,1.0
13.3,0.2,0.19460666,0.0042194487,0.0013503057,4.801346,1.0,1.0
13.3,0.4,0.4165216,-0.024201881,-0.07590826,13.573495,1.0,1.0
13.3,0.6,0.63048446,-0.0056377426,-0.08940169,17.4238,1.0,1.0
13.3,0.8,0.7710984,0.042479657,-0.0023695326,22.227564,1.0,1.0
13.3,1.0,0.9745333,0.06573393,-0.031984128,31.903475,1.0,1.0
13.3,1.2,1.1806254,0.0723716,-0.009933632,54.404312,1.0,1.0
13.3,1.4,1.4629376,0.049319264,0.1271975,119.937706,1.0,1.0
13.3,1.6,1.5284274,0.048047755,-0.002709655,69.16236,1.0,1.0
13.3,1.8,1.843936,0.041977473,-0.15641221,105.2229,1.0,1.0
13.3,2.0,2.0838513,0.012055628,-0.011891578,131.55293,1.0,1.0
13.3,2.2,2.291891,0.0057942793,0.13841435,270.71204,1.0,0.8125
13.3,2.4,2.4377055,0.011715062,-0.07947174,197.15436,1.0,1.0
13.3,2.6,2.533571,0.013374478,0.12257775,609.8513,1.0,1.0
13.3,2.8,2.8630898,0.048086666,0.1353726,183.32477,1.0,0.875
13.3,3.0,2.948027,0.075249285,-0.2922138,742.9339,1.0,0.0
13.32,0.0,0.029930081,0.023355158,-0.025230251,3.096888,1.0,1.0
13.32,0.2,0.19422506,0.010429114,0.0019023747,4.110254,1.0,1.0
13.32,0.4,0.43838704,-0.02807111,-0.11983879,13.401877,1.0,1.0
13.32,0.6,0.65036774,-0.0044431277,-0.16257317,21.329823,1.0,1.0
13.32,0.8,0.76847434,0.046949938,0.0018465507,18.99528,1.0,1.0
13.32,1.0,1.0012765,0.06561652,-0.033949703,38.499313,1.0,1.0
13.32,1.2,1.2153848,0.075068876,0.022609059,68.01705,1.0,1.0
13.32,1.4,1.4295537,0.05542143,0.043727204,117.091545,1.0,1.0
13.32,1.6,1.5481527,0.04896502,-0.042625487,82.16363,1.0,1.0
13.32,1.8,1.8431933,0.041202232,-0.055083394,166.77551,1.0,1.0
13.32,2.0,2.124947,0.0033541098,0.087324,121.94661,1.0,1.0
13.32,2.2,2.2219052,0.017848924,0.050220095,452.0529,1.0,1.0
13.32,2.4,2.4721231,0.030808564,-0.085222274,185.0101,1.0,1.0
13.32,2.6,2.5302215,-0.012837954,0.054343782,303.27924,1.0,1.0
13.32,2.8,2.8845875,0.031670146,0.3587802,147.84988,1.0,0.0
13.32,3.0,2.8578143,0.07372887,-0.20069623,966.47064,1.0,0.5
13.34,0.0,0.030766958,0.025557388,-0.013123829,4.9460077,1.0,1.0
13.34,0.2,0.19779508,0.018177494,0.0007691424,5.6637845,1.0,1.0
13.34,0.4,0.44164178,-0.02019865,-0.16566774,16.393059,1.0,1.0
13.34,0.6,0.6330909,0.0038222484,-0.13208619,20.644371,1.0,1.0
13.34,0.8,0.776033,0.05349017,-0.0038316138,30.000149,1.0,1.0
13.34,1.0,1.0436864,0.06533153,-0.07723074,39.629234,1.0,1.0
13.34,1.2,1.263723,0.078831434,0.086162984,56.514473,1.0,1.0
13.34,1.4,1.3719668,0.055102635,-0.060081102,94.58121,1.0,1.0
13.34,1.6,1.5797411,0.052039586,-0.030008776,93.515076,1.0,1.0
13.34,1.8,1.7827578,0.022341311,0.028552253,247.98596,1.0,1.0
13.34,2.0,2.1407242,0.0009806883,0.12975061,205.58533,1.0,1.0
13.34,2.2,2.1663837,-0.0049506994,0.0056542032,315.77777,1.0,1.0
13.34,2.4,2.5038352,0.039975893,-0.15435967,145.9877,1.0,1.0
13.34,2.6,2.57266,0.0015636384,-0.013914834,202.34982,1.0,1.0
13.34,2.8,2.829885,0.045705616,0.3330417,436.82608,1.0,0.0
13.34,3.0,2.8560417,0.083369166,0.13778506,473.19434,1.0,0.8125
13.36,0.0,0.0328834,0.028962333,-0.004289974,6.399392,1.0,1.0
13.36,0.2,0.20713902,0.026380496,0.0055611352,9.271634,1.0,1.0
13.36,0.4,0.42823905,-0.011128913,-0.11539125,21.398224,1.0,1.0
13.36,0.6,0.6164338,0.0054489486,-0.05175527,12.213229,1.0,1.0
13.36,0.8,0.79758775,0.06135826,-0.007060798,40.289284,1.0,1.0
13.36,1.0,1.0875816,0.06920386,-0.14235777,55.477077,1.0,1.0
13.36,1.2,1.2902248,0.079827145,0.062720016,75.08488,1.0,1.0
13.36,1.4,1.3277802,0.0442345,-0.116500154,90.60107,1.0,1.0
13.36,1.6,1.624346,0.04967539,0.03855945,92.698906,1.0,1.0
13.36,1.8,1.7378638,0.02535139,0.06005135,206.97403,1.0,1.0
13.36,2.0,2.0758843,0.030625578,0.045528106,332.61304,1.0,1.0
13.36,2.2,2.1572938,-0.011277838,-0.06103681,202.45688,1.0,1.0
13.36,2.4,2.4986959,0.04115386,-0.21140589,316.27057,1.0,0.4375
13.36,2.6,2.6275353,0.024983138,-0.08190331,218.95956,1.0,1.0
13.36,2.8,2.7640114,0.06858207,0.1018808,800.2228,1.0,0.9375
13.36,3.0,2.9069216,0.062594935,0.2625246,299.55817,1.0,0.125
13.38,0.0,0.036641203,0.033193424,0.0021532727,8.05827,1.0,1.0
13.38,0.2,0.21738026,0.03144815,0.015326053,10.597395,1.0,1.0
13.38,0.4,0.41632068,-0.008643347,-0.03448864,15.910374,1.0,1.0
13.38,0.6,0.6037202,0.006142009,0.00074382336,13.089198,1.0,1.0
13.38,0.8,0.8321086,0.06855768,0.020833187,37.37077,1.0,1.0
13.38,1.0,1.0567441,0.06717916,-0.06805566,49.134148,1.0,1.0
13.38,1.2,1.2352561,0.08223122,0.014395265,66.651184,1.0,1.0
13.38,1.4,1.3063971,0.03695476,-0.12318498,49.12657,1.0,1.0
13.38,1.6,1.6775478,0.044525165,0.13613555,127.90009,1.0,1.0
13.38,1.8,1.7259778,0.027160205,0.045239985,121.22591,1.0,1.0
13.38,2.0,2.004251,0.014497365,0.018584047,311.4237,1.0,1.0
13.38,2.2,2.1875315,0.0021671066,-0.11251956,166.7793,1.0,1.0
13.38,2.4,2.4331424,0.020569362,-0.11919002,672.3285,1.0,0.9375
13.38,2.6,2.6601908,0.045139708,-0.10445067,210.01602,1.0,1.0
13.38,2.8,2.700121,0.035743676,0.049275808,523.7694,1.0,0.9375
13.38,3.0,2.9617949,0.04869164,0.18074352,295.0825,1.0,0.5625
13.4,0.0,0.039717138,0.03488791,-0.0006567925,9.106018,1.0,1.0
13.4,0.2,0.21721272,0.02665721,0.034268275,12.272654,1.0,1.0
13.4,0.4,0.40722412,-0.007504857,0.01539026,12.356888,1.0,1.0
13.4,0.6,0.590723,0.008749435,0.007872388,16.366562,1.0,1.0
13.4,0.8,0.87005794,0.07359038,0.070734024,35.456436,1.0,1.0
13.4,1.0,1.0202969,0.06411637,0.0047880197,42.42752,1.0,1.0
13.4,1.2,1.1868515,0.076495275,-0.06150011,57.5102,1.0,1.0
13.4,1.4,1.3026872,0.031549253,-0.08747633,44.629967,1.0,1.0
13.4,1.6,1.6501306,0.05219657,0.075724795,156.80154,1.0,1.0
13.4,1.8,1.7400398,0.027298633,-0.015230424,102.958694,1.0,1.0
13.4,2.0,1.9684845,-0.0021635247,-0.037197575,138.52927,1.0,1.0
13.4,2.2,2.221715,0.020304924,-0.10452078,169.19568,1.0,1.0
13.4,2.4,2.373147,0.03102114,0.029270813,512.4346,1.0,1.0
13.4,2.6,2.6945076,0.04899323,-0.24790171,120.94571,1.0,0.0
13.4,2.8,2.7151988,0.020335816,0.015229901,292.1765,1.0,0.9375
13.4,3.0,2.9951096,0.044624276,0.20090692,199.27011,1.0,0.625
13.42,0.0,0.038891055,0.030916438,0.010786055,8.4204235,1.0,1.0
13.42,0.2,0.20869866,0.023972524,0.013151992,11.944441,1.0,1.0
13.42,0.4,0.39800668,-0.0056024203,0.009423552,11.80513,1.0,1.0
13.42,0.6,0.58037007,0.010860816,0.0056718905,18.759697,1.0,1.0
13.42,0.8,0.84504926,0.07096121,0.038495723,30.769283,1.0,1.0
13.42,1.0,0.98890245,0.06748916,0.020382471,39.185143,1.0,1.0
13.42,1.2,1.158488,0.0672781,-0.11145447,54.248215,1.0,1.0
13.42,1.4,1.3167411,0.03230086,-0.052618004,61.537155,1.0,1.0
13.42,1.6,1.5823126,0.05792444,-0.014666801,142.93112,1.0,1.0
13.42,1.8,1.7710142,0.026979994,-0.05047001,114.942535,1.0,1.0
13.42,2.0,1.9777989,0.0015133284,-0.10536263,131.48239,1.0,1.0
13.42,2.2,2.2546637,0.03594924,-0.108837835,158.50562,1.0,1.0
13.42,2.4,2.3812408,0.025555607,0.16632186,300.76984,1.0,0.875
13.42,2.6,2.6661434,0.04629241,-0.27670932,486.00964,1.0,0.0
13.42,2.8,2.761797,0.04293853,-0.02969268,215.7484,1.0,1.0
13.42,3.0,3.012698,0.025488796,0.4605406,176.52167,1.0,0.0
13.44,0.0,0.036135923,0.025362412,0.007236245,7.733463,1.0,1.0
13.44,0.2,0.20049775,0.021131735,-0.015469616,13.097954,1.0,1.0
13.44,0.4,0.39026862,-0.0031677578,-0.0053193616,11.515114,1.0,1.0
13.44,0.6,0.5748502,0.014614407,0.0033845108,14.230225,1.0,1.0
13.44,0.8,0.80824184,0.06298441,-0.034493804,18.360157,1.0,1.0
13.44,1.0,0.9685237,0.06781715,0.016843988,39.908104,1.0,1.0
13.44,1.2,1.1484573,0.060416564,-0.10088602,29.767635,1.0,1.0
13.44,1.4,1.348923,0.037417676,-0.048350945,75.34957,1.0,1.0
13.44,1.6,1.5302653,0.049254183,-0.10459003,125.326416,1.0,1.0
13.44,1.8,1.8083808,0.026817847,-0.0120166745,109.86694,1.0,1.0
13.44,2.0,2.0082946,0.014736449,-0.09464891,133.84512,1.0,1.0
13.44,2.2,2.2953286,0.032544564,-0.21552232,143.1832,1.0,0.3125
13.44,2.4,2.4283447,0.012412149,0.107796535,242.9836,1.0,1.0
13.44,2.6,2.5854788,0.04022246,-0.11111008,778.4863,1.0,1.0
13.44,2.8,2.810274,0.06960432,-0.09907235,238.0088,1.0,1.0
13.44,3.0,2.9491503,0.035913743,0.45400006,501.25986,1.0,0.0
13.46,0.0,0.030624038,0.02153402,-0.006792429,9.814305,1.0,1.0
13.46,0.2,0.19481468,0.011688547,-0.052779064,8.368675,1.0,1.0
13.46,0.4,0.3858234,0.0016356343,-0.011068484,9.6531315,1.0,1.0
13.46,0.6,0.57638264,0.022931851,-0.010879287,18.183277,1.0,1.0
13.46,0.8,0.7788381,0.054483987,-0.08655943,18.667439,1.0,1.0
13.46,1.0,0.9609445,0.070573315,0.006375424,25.327448,1.0,1.0
13.46,1.2,1.1513392,0.057566565,-0.058538035,36.71447,1.0,1.0
13.46,1.4,1.3969913,0.040594906,-0.090128504,70.38554,1.0,1.0
13.46,1.6,1.5029395,0.038453422,-0.13631588,63.081482,1.0,1.0
13.46,1.8,1.8584199,0.019149274,0.091253646,113.27579,1.0,1.0
13.46,2.0,2.046068,0.03318558,-0.055784866,140.02255,1.0,1.0
13.46,2.2,2.271721,0.022821583,-0.14909153,382.42865,1.0,0.9375
13.46,2.4,2.473547,0.011038225,0.035381503,206.06546,1.0,1.0
13.46,2.6,2.5628223,0.04597856,0.14636332,404.68198,1.0,1.0
13.46,2.8,2.8364224,0.0883765,-0.14368188,199.13574,1.0,0.9375
13.46,3.0,2.8834786,0.05928196,0.1791996,916.05505,1.0,0.5625
13.48,0.0,0.025578916,0.018847145,-0.024103664,12.613205,1.0,1.0
13.48,0.2,0.19211559,0.0020790696,-0.05387144,5.741785,1.0,1.0
13.48,0.4,0.38634425,0.010021972,-0.017456494,10.733822,1.0,1.0
13.48,0.6,0.58803844,0.032980796,-0.024258824,24.627518,1.0,1.0
13.48,0.8,0.764238,0.047935236,-0.09744349,27.527958,1.0,1.0
13.48,1.0,0.96535504,0.07582355,0.0013161572,30.800898,1.0,1.0
13.48,1.2,1.1681631,0.05775734,-0.030918263,46.376213,1.0,1.0
13.48,1.4,1.4599037,0.039511066,-0.14275108,91.15326,1.0,1.0
13.48,1.6,1.5021043,0.03744452,-0.09094666,64.632904,1.0,1.0
13.48,1.8,1.8773391,0.018905208,0.085815586,165.39566,1.0,1.0
13.48,2.0,2.088121,0.03815405,-0.120296404,120.5901,1.0,1.0
13.48,2.2,2.2032368,0.020856418,-0.029434219,516.8865,1.0,1.0
13.48,2.4,2.5020654,0.005428061,0.0938359,165.05032,1.0,1.0
13.48,2.6,2.605534,0.029933587,0.21611081,291.60748,1.0,0.125
13.48,2.8,2.8483157,0.09076201,-0.2730036,276.31366,1.0,0.0625
13.48,3.0,2.8199835,0.020913854,0.10043615,624.52893,1.0,0.8125
13.5,0.0,0.02148921,0.014122872,-0.04818335,6.6651216,1.0,1.0
13.5,0.2,0.1919848,-0.0049901446,-0.05024887,8.214378,1.0,1.0
13.5,0.4,0.39462465,0.01988801,-0.020367863,13.122696,1.0,1.0
13.5,0.6,0.61146754,0.0423674,-0.010420293,24.899887,1.0,1.0
13.5,0.8,0.7603935,0.04336181,-0.07900074,23.537659,1.0,1.0
13.5,1.0,0.9837767,0.08121028,0.0048300372,46.751404,1.0,1.0
13.5,1.2,1.2022902,0.060353316,-0.03614798,55.151344,1.0,1.0
13.5,1.4,1.4468789,0.043448303,-0.051810905,128.20908,1.0,1.0
13.5,1.6,1.5221918,0.04287862,-0.044919107,83.67174,1.0,1.0
13.5,1.8,1.8129812,0.03911547,0.050453857,226.7504,1.0,1.0
13.5,2.0,2.1125212,0.042298432,-0.15252852,170.91196,1.0,1.0
13.5,2.2,2.170768,0.023286153,0.08108549,302.92993,1.0,1.0
13.5,2.4,2.534294,-0.010437764,0.25752512,182.01407,1.0,0.0625
13.5,2.6,2.6531444,0.022072218,0.08054702,247.82341,1.0,1.0
13.5,2.8,2.7960668,0.07857483,-0.27627003,907.52,1.0,0.1875
13.5,3.0,2.8396835,0.0011331183,0.0673293,293.7375,1.0,0.875
13.52,0.0,0.01964975,0.008175949,-0.062334962,3.9692755,1.0,1.0
13.52,0.2,0.19568451,-0.011448139,-0.052115925,9.736336,1.0,1.0
13.52,0.4,0.4125852,0.028849877,-0.003388251,15.154948,1.0,1.0
13.52,0.6,0.6430619,0.049150012,0.04446903,16.34782,1.0,1.0
13.52,0.8,0.7643492,0.037505142,-0.04789553,25.39284,1.0,1.0
13.52,1.0,1.0178428,0.08645582,0.023892695,54.94683,1.0,1.0
13.52,1.2,1.2512577,0.06161979,-0.08845773,51.652855,1.0,1.0
13.52,1.4,1.3928666,0.03596709,0.038900822,116.80285,1.0,1.0
13.52,1.6,1.5577509,0.052067436,-0.048440967,92.635666,1.0,1.0
13.52,1.8,1.7479196,0.029178303,-0.03214164,204.78197,1.0,1.0
13.52,2.0,2.0554543,0.018689696,-0.03577602,381.28912,1.0,1.0
13.52,2.2,2.1918986,0.015907142,0.09272567,232.35182,1.0,1.0
13.52,2.4,2.486586,0.014019549,0.16619016,343.6632,1.0,0.8125
13.52,2.6,2.6827073,0.023495488,0.056875624,191.5692,1.0,1.0
13.52,2.8,2.7165523,0.09777301,-0.1385093,847.4888,1.0,0.75
13.52,3.0,2.889091,0.020995483,0.02709524,229.70206,1.0,0.9375
13.540000000000001,0.0,0.01940343,0.0037309441,-0.067575924,6.2387524,1.0,1.0
13.540000000000001,0.2,0.20280695,-0.019675147,-0.064233825,10.76919,1.0,1.0
13.540000000000001,0.4,0.43252465,0.033906505,0.034407366,14.7604065,1.0,1.0
13.540000000000001,0.6,0.6321974,0.04789172,0.018168487,23.75615,1.0,1.0
13.540000000000001,0.8,0.77759165,0.03249045,-0.032495618,25.663633,1.0,1.0
13.540000000000001,1.0,1.0637167,0.0916941,0.087699845,41.67108,1.0,1.0
13.540000000000001,1.2,1.2988913,0.06562567,-0.12401448,75.16114,1.0,1.0
13.540000000000001,1.4,1.3507873,0.040788732,0.045855105,108.02653,1.0,1.0
13.540000000000001,1.6,1.6076236,0.055869076,-0.094718516,85.10594,1.0,1.0
13.540000000000001,1.8,1.7114844,0.016915206,-0.11600992,109.57666,1.0,1.0
13.540000000000001,2.0,1.9922252,0.023422357,0.05706016,358.96643,1.0,1.0
13.540000000000001,2.2,2.2330813,0.013122235,0.004019117,202.83644,1.0,1.0
13.540000000000001,2.4,2.4053211,0.020977546,0.057828538,548.28613,1.0,1.0
13.540000000000001,2.6,2.7003856,0.012352988,0.22822773,133.92578,1.0,0.125
13.540000000000001,2.8,2.7347565,0.101119034,0.18453792,377.87097,1.0,0.625
13.540000000000001,3.0,2.9436765,0.04941865,-0.062123246,258.77884,1.0,1.0
13.56,0.0,0.021424647,-0.0012993433,-0.07039733,7.606023,1.0,1.0
13.56,0.2,0.21370368,-0.029053822,-0.08509059,11.124659,1.0,1.0
13.56,0.4,0.42424402,0.030163914,0.014727948,12.942352,1.0,1.0
13.56,0.6,0.6029177,0.04067284,-0.049385965,10.651657,1.0,1.0
13.56,0.8,0.80461025,0.027517436,-0.040171348,26.701427,1.0,1.0
13.56,1.0,1.0722344,0.094595835,0.05101233,61.738686,1.0,1.0
13.56,1.2,1.2598556,0.059414335,-0.034468595,86.49646,1.0,1.0
13.56,1.4,1.3287954,0.041875087,0.020508487,72.538025,1.0,1.0
13.56,1.6,1.6620796,0.0597366,-0.133792,110.19865,1.0,1.0
13.56,1.8,1.7044299,0.013345685,-0.13469632,83.150024,1.0,1.0
13.56,2.0,1.9726275,0.021530066,0.10517207,180.52112,1.0,1.0
13.56,2.2,2.266615,0.011406859,-0.021438058,173.13432,1.0,1.0
13.56,2.4,2.3544345,-0.006833501,0.0013427672,329.66217,1.0,1.0
13.56,2.6,2.6714303,0.008354045,0.35935432,415.54318,1.0,0.0
13.56,2.8,2.7908618,0.081217416,0.23529491,291.57434,1.0,0.1875
13.56,3.0,2.976632,0.069280475,-0.13559707,205.53,1.0,0.875
13.58,0.0,0.025723942,-0.0063180923,-0.08063781,8.432917,1.0,1.0
13.58,0.2,0.22790512,-0.035744302,-0.104527816,10.999398,1.0,1.0
13.58,0.4,0.40748772,0.026155278,-0.027333071,12.901068,1.0,1.0
13.58,0.6,0.5798956,0.03172361,-0.10344324,9.858793,1.0,1.0
13.58,0.8,0.84076965,0.024205845,-0.09564464,27.463055,1.0,1.0
13.58,1.0,1.0262161,0.09515399,0.012211066,41.512703,1.0,1.0
13.58,1.2,1.2120895,0.057672244,0.0035538448,72.68194,1.0,1.0
13.58,1.4,1.3265322,0.042034134,-0.02061667,47.66819,1.0,1.0
13.58,1.6,1.6354196,0.049883246,-0.0333329,170.2091,1.0,1.0
13.58,1.8,1.724144,0.023047503,-0.08099824,99.997894,1.0,1.0
13.58,2.0,2.0015402,0.016437441,0.062277354,159.1634,1.0,1.0
13.58,2.2,2.298642,0.0046227966,0.06598984,146.00714,1.0,1.0
13.58,2.4,2.3613367,-0.008334458,-0.06684265,239.9422,1.0,1.0
13.58,2.6,2.6075664,0.042739987,0.16154966,670.9603,1.0,1.0
13.58,2.8,2.8456323,0.074276984,0.14877573,270.87823,1.0,0.8125
13.58,3.0,2.9856572,0.074660584,-0.2664035,347.06598,1.0,0.125
13.6,0.0,0.031678203,-0.011813562,-0.10078406,9.072178,1.0,1.0
13.6,0.2,0.2285249,-0.029335786,-0.13445058,8.113949,1.0,1.0
13.6,0.4,0.39457512,0.017977748,-0.077107966,9.067137,1.0,1.0
13.6,0.6,0.56503713,0.024583053,-0.102591686,17.494446,1.0,1.0
13.6,0.8,0.86538094,0.025006725,-0.12264398,40.49472,1.0,1.0
13.6,1.0,0.98767185,0.08741244,-0.054921094,34.100174,1.0,1.0
13.6,1.2,1.1754522,0.05856422,-0.005032887,63.763687,1.0,1.0
13.6,1.4,1.340911,0.0475532,-0.028381122,66.063896,1.0,1.0
13.6,1.6,1.5756512,0.04414784,0.029203502,167.44995,1.0,1.0
13.6,1.8,1.7600538,0.036053892,-0.05537644,114.40149,1.0,1.0
13.6,2.0,2.0423145,0.013019204,-0.011075985,152.41064,1.0,1.0
13.6,2.2,2.3265986,-0.0074061826,0.21038711,218.60876,1.0,0.1875
13.6,2.4,2.4030142,0.013102997,-0.12671255,190.61641,1.0,1.0
13.6,2.6,2.5346942,0.01380644,0.12420353,621.35565,1.0,1.0
13.6,2.8,2.876339,0.06932625,0.19521224,172.34326,1.0,0.5
13.6,3.0,2.9305863,0.06485844,-0.2893232,1036.5747,1.0,0.0
13.620000000000001,0.0,0.038151607,-0.016546763,-0.120659605,9.018103,1.0,1.0
13.620000000000001,0.2,0.22569776,-0.016039297,-0.14348984,18.0365,1.0,1.0
13.620000000000001,0.4,0.38648918,0.009476142,-0.07487871,9.679806,1.0,1.0
13.620000000000001,0.6,0.56044,0.020607784,-0.08704328,21.444483,1.0,1.0
13.620000000000001,0.8,0.8400191,0.029530637,-0.10738153,21.46278,1.0,1.0
13.620000000000001,1.0,0.96519196,0.07829276,-0.10275894,36.9384,1.0,1.0
13.620000000000001,1.2,1.156235,0.05700446,-0.028125651,38.81314,1.0,1.0
13.620000000000001,1.4,1.3714768,0.04955192,0.0030780355,79.18346,1.0,1.0
13.620000000000001,1.6,1.5380963,0.04541146,0.040263295,132.30646,1.0,1.0
13.620000000000001,1.8,1.804408,0.043423165,-0.09865485,106.68786,1.0,1.0
13.620000000000001,2.0,2.0807543,0.010881141,-0.015200529,131.89578,1.0,1.0
13.620000000000001,2.2,2.2808423,0.019459521,0.10608343,328.65927,1.0,1.0
13.620000000000001,2.4,2.4388652,0.0366795,-0.13148052,191.41727,1.0,1.0
13.620000000000001,2.6,2.5309277,-0.0132659525,0.055707708,307.4845,1.0,1.0
13.620000000000001,2.8,2.9038358,0.049071267,0.4301347,185.78438,1.0,0.0
13.620000000000001,3.0,2.844565,0.08250174,-0.15902196,914.4185,1.0,0.75
13.64,0.0,0.039325103,-0.012077751,-0.12563571,3.0160403,1.0,1.0
13.64,0.2,0.21618572,-0.008887723,-0.08751334,16.796469,1.0,1.0
13.64,0.4,0.38292602,0.0039960826,-0.05962676,14.467926,1.0,1.0
13.64,0.6,0.56200194,0.01633473,-0.067160085,18.259525,1.0,1.0
13.64,0.8,0.8180961,0.029800814,-0.032291986,11.776839,1.0,1.0
13.64,1.0,0.95899045,0.07197132,-0.09951757,28.772387,1.0,1.0
13.64,1.2,1.1529675,0.06129193,-0.0510958,31.346642,1.0,1.0
13.64,1.4,1.4179213,0.047937356,0.06327523,81.04491,1.0,1.0
13.64,1.6,1.5251923,0.04539213,0.006071133,73.6073,1.0,1.0
13.64,1.8,1.8607202,0.044209145,-0.16384795,119.69198,1.0,1.0
13.64,2.0,2.121686,0.002156442,0.08443989,122.25481,1.0,1.0
13.64,2.2,2.2077646,0.015740728,0.060381893,438.3733,1.0,1.0
13.64,2.4,2.4655013,0.05251127,-0.15330338,173.28387,1.0,1.0
13.64,2.6,2.5732815,0.0012705252,-0.011743881,204.3036,1.0,1.0
13.64,2.8,2.8425121,0.07158959,0.30282378,467.3453,1.0,0.0
13.64,3.0,2.8674805,0.08626096,0.18470448,383.0573,1.0,0.625
13.66,0.0,0.03829443,1.1774246e-06,-0.13668886,12.419091,1.0,1.0
13.66,0.2,0.2097409,-0.003824459,-0.011086162,10.220743,1.0,1.0
13.66,0.4,0.38454533,-0.0012007635,-0.050141625,13.947411,1.0,1.0
13.66,0.6,0.5698057,0.008838968,-0.048838735,19.174793,1.0,1.0
13.66,0.8,0.7974471,0.033094812,-0.0075399047,15.807514,1.0,1.0
13.66,1.0,0.9610114,0.06824134,-0.06135252,27.209085,1.0,1.0
13.66,1.2,1.1642687,0.06761865,-0.046365444,48.462456,1.0,1.0
13.66,1.4,1.4647815,0.046971947,0.12508309,124.08055,1.0,1.0
13.66,1.6,1.5358781,0.04611057,-0.05004796,76.89273,1.0,1.0
13.66,1.8,1.8403873,0.03516456,-0.047557857,209.86862,1.0,1.0
13.66,2.0,2.1370294,-2.3953617e-06,0.12508507,204.60512,1.0,1.0
13.66,2.2,2.1671762,-0.0072186748,0.0060106404,248.31758,1.0,1.0
13.66,2.4,2.4866364,0.054776654,-0.2563222,223.75003,1.0,0.0625
13.66,2.6,2.627385,0.024356201,-0.07882892,218.90901,1.0,1.0
13.66,2.8,2.7647574,0.08444072,0.1080309,819.86115,1.0,0.9375
13.66,3.0,2.9251845,0.06674415,0.24115317,304.17245,1.0,0.25
13.68,0.0,0.03574811,0.011206017,-0.12438588,12.765448,1.0,1.0
13.68,0.2,0.20403552,-0.0014230399,0.020254508,7.6040874,1.0,1.0
13.68,0.4,0.39103216,-0.008960461,-0.048644014,13.15835,1.0,1.0
13.68,0.6,0.58565754,0.0008847136,-0.04541385,17.457478,1.0,1.0
13.68,0.8,0.7795915,0.035358313,0.00035723136,23.443075,1.0,1.0
13.68,1.0,0.9745668,0.06660264,-0.031655055,32.058487,1.0,1.0
13.68,1.2,1.1908772,0.07120863,-0.014260389,63.958508,1.0,1.0
13.68,1.4,1.4302433,0.053555712,0.042818964,114.64556,1.0,1.0
13.68,1.6,1.5623982,0.048878364,-0.056252394,96.190674,1.0,1.0
13.68,1.8,1.7755653,0.023929946,0.028840845,246.62723,1.0,1.0
13.68,2.0,2.071209,0.029360304,0.041287273,330.57483,1.0,1.0
13.68,2.2,2.1745343,-0.005986768,-0.07612436,186.30025,1.0,1.0
13.68,2.4,2.4375646,0.037141114,-0.19000483,597.2378,1.0,0.6875
13.68,2.6,2.6595669,0.04495834,-0.10093179,211.72372,1.0,1.0
13.68,2.8,2.707553,0.04706634,0.0504698,444.47763,1.0,1.0
13.68,3.0,2.981022,0.058838025,0.17475334,283.62125,1.0,0.8125
13.700000000000001,0.0,0.03162536,0.01661731,-0.092002675,10.949249,1.0,1.0
13.700000000000001,0.2,0.19806975,0.0005129664,0.009196764,6.3237743,1.0,1.0
13.700000000000001,0.4,0.40337098,-0.017929137,-0.055679765,12.861885,1.0,1.0
13.700000000000001,0.6,0.61184376,-0.0046516024,-0.071926944,16.36558,1.0,1.0
13.700000000000001,0.8,0.7704546,0.038263675,0.0045585213,20.602858,1.0,1.0
13.700000000000001,1.0,1.0012349,0.06664535,-0.03338625,38.554073,1.0,1.0
13.700000000000001,1.2,1.2339609,0.07397622,0.04325468,64.00313,1.0,1.0
13.700000000000001,1.4,1.3722365,0.052014783,-0.06283948,92.11749,1.0,1.0
13.700000000000001,1.6,1.601187,0.04929553,-0.004573848,94.97157,1.0,1.0
13.700000000000001,1.8,1.7368886,0.02568752,0.051350977,173.91534,1.0,1.0
13.700000000000001,2.0,1.9998834,0.012677506,0.014228982,309.42514,1.0,1.0
13.700000000000001,2.2,2.2098556,0.009490059,-0.10082762,168.06764,1.0,1.0
13.700000000000001,2.4,2.372622,0.050483324,-0.05754311,601.03827,1.0,1.0
13.700000000000001,2.6,2.6930594,0.04932884,-0.24207348,123.080826,1.0,0.0625
13.700000000000001,2.8,2.7272258,0.036612764,0.028125755,273.46042,1.0,1.0
13.700000000000001,3.0,3.0121284,0.05252012,0.25613153,169.92477,1.0,0.0625
13.72,0.0,0.031155564,0.019891206,-0.05249609,5.431773,1.0,1.0
13.72,0.2,0.19455282,0.0039364877,0.0009044192,4.756325,1.0,1.0
13.72,0.4,0.42238018,-0.025058862,-0.08457737,14.42419,1.0,1.0
13.72,0.6,0.6418855,-0.0070598815,-0.13900577,18.056986,1.0,1.0
13.72,0.8,0.77079916,0.044095077,-0.0011548586,21.640772,1.0,1.0
13.72,1.0,1.0435352,0.06652042,-0.07679059,39.625908,1.0,1.0
13.72,1.2,1.278577,0.07608489,0.10527836,80.74987,1.0,1.0
13.72,1.4,1.3275982,0.040967956,-0.12084834,89.340805,1.0,1.0
13.72,1.6,1.6547537,0.043848645,0.090957545,95.88609,1.0,1.0
13.72,1.8,1.730381,0.026346054,0.018768452,106.435135,1.0,1.0
13.72,2.0,1.9644585,-0.003500497,-0.0414803,137.09161,1.0,1.0
13.72,2.2,2.242619,0.027250428,-0.08242844,166.7697,1.0,1.0
13.72,2.4,2.3665128,0.05244214,0.1252371,324.43393,1.0,1.0
13.72,2.6,2.66403,0.047943942,-0.27149752,484.60345,1.0,0.0
13.72,2.8,2.7736382,0.060893297,-0.020440873,223.89378,1.0,1.0
13.72,3.0,3.033243,0.02951312,0.54108226,271.1817,1.0,0.0
13.74,0.0,0.030913224,0.02206565,-0.03500865,2.8192725,1.0,1.0
13.74,0.2,0.1942009,0.010114162,0.0016153881,4.0954695,1.0,1.0
13.74,0.4,0.44014627,-0.025772683,-0.12996352,12.0068865,1.0,1.0
13.74,0.6,0.6350581,3.1664968e-07,-0.16350132,23.990982,1.0,1.0
13.74,0.8,0.78300273,0.050929558,-0.010759659,34.371605,1.0,1.0
13.74,1.0,1.0871534,0.070620716,-0.14182366,54.762657,1.0,1.0
13.74,1.2,1.239202,0.08024288,0.048448585,75.67502,1.0,1.0
13.74,1.4,1.305844,0.034541998,-0.12800065,48.407166,1.0,1.0
13.74,1.6,1.6683648,0.04478065,0.05808366,136.0792,1.0,1.0
13.74,1.8,1.7477655,0.027100075,-0.044193227,106.84181,1.0,1.0
13.74,2.0,1.9740864,0.00076615997,-0.10921326,130.67679,1.0,1.0
13.74,2.2,2.277072,0.038128704,-0.12621695,146.24951,1.0,1.0
13.74,2.4,2.4132748,0.03913089,0.1358028,258.85144,1.0,1.0
13.74,2.6,2.5812752,0.04003621,-0.1219355,775.8335,1.0,1.0
13.74,2.8,2.816915,0.0869196,-0.08981363,240.08533,1.0,1.0
13.74,3.0,2.9596477,0.058228485,0.3376678,601.4834,1.0,0.0
13.76,0.0,0.030072447,0.023385704,-0.02523363,3.125643,1.0,1.0
13.76,0.2,0.19778742,0.017836202,0.00050397567,5.645055,1.0,1.0
13.76,0.4,0.43870512,-0.016130108,-0.16497709,20.020567,1.0,1.0
13.76,0.6,0.6181288,0.0037976112,-0.094702244,17.67636,1.0,1.0
13.76,0.8,0.80893666,0.05904109,-0.0058086305,40.86422,1.0,1.0
13.76,1.0,1.0563469,0.068410695,-0.06648236,50.181133,1.0,1.0
13.76,1.2,1.1865023,0.07564016,-0.034767814,61.168686,1.0,1.0
13.76,1.4,1.3019602,0.02961865,-0.09269082,45.921944,1.0,1.0
13.76,1.6,1.6039103,0.059905473,0.02008443,153.31505,1.0,1.0
13.76,1.8,1.7796456,0.027153008,-0.061580062,118.31282,1.0,1.0
13.76,2.0,2.004787,0.014290173,-0.09847554,134.01505,1.0,1.0
13.76,2.2,2.303575,0.03561495,-0.20098194,186.38715,1.0,0.4375
13.76,2.4,2.465683,0.035902504,0.052710373,224.61147,1.0,1.0
13.76,2.6,2.5585637,0.04647305,0.13386452,406.83258,1.0,1.0
13.76,2.8,2.840329,0.10261752,-0.1458224,186.14008,1.0,1.0
13.76,3.0,2.8786476,0.06387186,0.15768003,902.5602,1.0,0.75
13.780000000000001,0.0,0.03088375,0.025595963,-0.013025322,4.974758,1.0,1.0
13.780000000000001,0.2,0.2071113,0.025993539,0.0052523715,9.26549,1.0,1.0
13.780000000000001,0.4,0.42462456,-0.009136553,-0.10538407,21.85135,1.0,1.0
13.780000000000001,0.6,0.607327,0.0046439935,-0.017470986,13.122445,1.0,1.0
13.780000000000001,0.8,0.84618497,0.06547744,0.03938161,31.981125,1.0,1.0
13.780000000000001,1.0,1.0197773,0.065078944,0.0067120674,42.613148,1.0,1.0
13.780000000000001,1.2,1.1476867,0.06616862,-0.09559196,57.67701,1.0,1.0
13.780000000000001,1.4,1.31586,0.030617036,-0.05671589,62.653484,1.0,1.0
13.780000000000001,1.6,1.5467213,0.05207282,-0.0753873,139.531,1.0,1.0
13.780000000000001,1.8,1.8180178,0.02693893,-0.002771806,108.1528,1.0,1.0
13.780000000000001,2.0,2.0425892,0.03297547,-0.061009772,139.46394,1.0,1.0
13.780000000000001,2.2,2.2599537,0.019191766,-0.116773285,475.14136,1.0,1.0
13.780000000000001,2.4,2.4991798,0.032807026,0.06389672,172.10431,1.0,1.0
13.780000000000001,2.6,2.6013904,0.031089365,0.20745488,290.81573,1.0,0.375
13.780000000000001,2.8,2.8344877,0.10841617,-0.27935785,387.9839,1.0,0.0
13.780000000000001,3.0,2.8362308,0.02431384,0.09347255,436.57715,1.0,0.9375
13.8,0.0,0.03296753,0.029011976,-0.004279742,6.353133,1.0,1.0
13.8,0.2,0.21734536,0.031011228,0.014934469,10.621174,1.0,1.0
13.8,0.4,0.4140668,-0.006818653,-0.019222252,14.111538,1.0,1.0
13.8,0.6,0.59481657,0.0069871247,0.0010416693,16.009565,1.0,1.0
13.8,0.8,0.86444175,0.06924007,0.049092293,40.195557,1.0,1.0
13.8,1.0,0.98841804,0.06829897,0.021922702,39.38876,1.0,1.0
13.8,1.2,1.128829,0.06123314,-0.115487024,38.262142,1.0,1.0
13.8,1.4,1.3480631,0.03595888,-0.051427778,76.404526,1.0,1.0
13.8,1.6,1.5133953,0.039338876,-0.13271785,89.557755,1.0,1.0
13.8,1.8,1.8713804,0.016981542,0.13182709,131.5746,1.0,1.0
13.8,2.0,2.0846756,0.038090363,-0.12607571,119.85904,1.0,1.0
13.8,2.2,2.1954937,0.022878807,-0.0025009527,466.1529,1.0,1.0
13.8,2.4,2.5318727,0.019823648,0.2086241,133.27838,1.0,0.4375
13.8,2.6,2.6488879,0.0235878,0.0717648,251.57433,1.0,1.0
13.8,2.8,2.7682064,0.0886006,-0.25832874,1049.5869,1.0,0.125
13.8,3.0,2.863743,0.016322315,0.09110908,263.3772,1.0,1.0
13.82,0.0,0.036712386,0.033250727,0.002133341,8.062962,1.0,1.0
13.82,0.2,0.21719867,0.026299965,0.033876717,12.26912,1.0,1.0
13.82,0.4,0.4047187,-0.0053157536,0.013828661,11.938309,1.0,1.0
13.82,0.6,0.58281815,0.009035597,0.0030436702,18.649593,1.0,1.0
13.82,0.8,0.8287585,0.06694803,0.0024489043,23.171402,1.0,1.0
13.82,1.0,0.9680755,0.06846936,0.017598499,39.967827,1.0,1.0
13.82,1.2,1.1259884,0.057425454,-0.08775511,34.450676,1.0,1.0
13.82,1.4,1.3960273,0.03950672,-0.09342479,71.161804,1.0,1.0
13.82,1.6,1.5060914,0.035569962,-0.11665729,59.6765,1.0,1.0
13.82,1.8,1.8634338,0.025353696,0.07218934,174.31848,1.0,1.0
13.82,2.0,2.1083438,0.042505883,-0.15399131,173.16022,1.0,1.0
13.82,2.2,2.1781096,0.022349432,0.09169219,259.24536,1.0,1.0
13.82,2.4,2.50449,0.02672071,0.25495702,327.76556,1.0,0.25
13.82,2.6,2.678331,0.025842138,0.04515393,193.34683,1.0,1.0
13.82,2.8,2.6970577,0.11112947,-0.09396026,803.6444,1.0,0.8125
13.82,3.0,2.9128218,0.041842423,0.029981866,247.44325,1.0,1.0
13.84,0.0,0.03980209,0.034976125,-0.00064500386,9.141798,1.0,1.0
13.84,0.2,0.20871128,0.023627723,0.012839712,11.901005,1.0,1.0
13.84,0.4,0.39550763,-0.0033110213,0.0022720646,11.60063,1.0,1.0
13.84,0.6,0.57562506,0.011097908,-0.00044166602,15.634797,1.0,1.0
13.84,0.8,0.7961675,0.0598434,-0.06396967,19.324444,1.0,1.0
13.84,1.0,0.9604857,0.07103572,0.0066198157,25.335659,1.0,1.0
13.84,1.2,1.1358008,0.056648344,-0.050595243,43.26768,1.0,1.0
13.84,1.4,1.4586036,0.038783874,-0.1414662,85.928246,1.0,1.0
13.84,1.6,1.520009,0.039753523,-0.064562574,75.23473,1.0,1.0
13.84,1.8,1.7924829,0.041152228,0.031601615,222.49625,1.0,1.0
13.84,2.0,2.0529945,0.019290218,-0.031514347,382.20844,1.0,1.0
13.84,2.2,2.2114716,0.014646641,0.07166046,217.04285,1.0,1.0
13.84,2.4,2.436646,0.051349457,0.100829326,540.0288,1.0,1.0
13.84,2.6,2.695877,0.015374862,0.21762878,131.67055,1.0,0.375
13.84,2.8,2.7253485,0.1096126,0.21427748,352.06232,1.0,0.4375
13.84,3.0,2.9568717,0.067415014,-0.07208377,254.82741,1.0,1.0
13.86,0.0,0.03895757,0.031005412,0.010774531,8.432993,1.0,1.0
13.86,0.2,0.20050743,0.020855658,-0.015696423,13.101259,1.0,1.0
13.86,0.4,0.38839558,-0.00030589104,-0.009695943,11.064621,1.0,1.0
13.86,0.6,0.5749725,0.01746963,-0.012528749,15.023436,1.0,1.0
13.86,0.8,0.7725617,0.051228397,-0.097036436,22.979454,1.0,1.0
13.86,1.0,0.9648596,0.07614095,0.0014556039,30.699692,1.0,1.0
13.86,1.2,1.1632121,0.059582025,-0.03149057,54.011044,1.0,1.0
13.86,1.4,1.4462993,0.044184625,-0.0581681,124.685425,1.0,1.0
13.86,1.6,1.5519656,0.048809938,-0.04680863,91.74631,1.0,1.0
13.86,1.8,1.7337561,0.028440703,-0.04791192,194.4262,1.0,1.0
13.86,2.0,1.989763,0.023879632,0.0600176,359.83868,1.0,1.0
13.86,2.2,2.2539735,0.011884399,-0.0075225327,190.40273,1.0,1.0
13.86,2.4,2.3673484,0.02708349,0.06359411,438.98322,1.0,1.0
13.86,2.6,2.6704993,0.011724502,0.36394137,411.86053,1.0,0.0
13.86,2.8,2.7824793,0.088865735,0.23408836,298.30307,1.0,0.25
13.86,3.0,2.9823546,0.08247565,-0.1777902,176.45175,1.0,0.8125
13.88,0.0,0.03618225,0.025439022,0.0072190342,7.742556,1.0,1.0
13.88,0.2,0.19483331,0.011478794,-0.053104237,8.346656,1.0,1.0
13.88,0.4,0.38518274,0.0059069805,-0.013874065,9.268066,1.0,1.0
13.88,0.6,0.5834198,0.02697605,-0.024111608,22.685759,1.0,1.0
13.88,0.8,0.7630856,0.04615222,-0.09708655,26.851833,1.0,1.0
13.88,1.0,0.98324335,0.08137464,0.005056064,46.63112,1.0,1.0
13.88,1.2,1.2040519,0.062953085,-0.06339525,54.488724,1.0,1.0
13.88,1.4,1.3921714,0.036863137,0.034610465,114.30365,1.0,1.0
13.88,1.6,1.5964794,0.05498954,-0.077843994,88.91414,1.0,1.0
13.88,1.8,1.7048903,0.016652018,-0.11761171,95.72903,1.0,1.0
13.88,2.0,1.9703591,0.022020835,0.10712982,181.60985,1.0,1.0
13.88,2.2,2.2874827,0.008396409,0.0042889332,158.04623,1.0,1.0
13.88,2.4,2.3556013,0.010083187,0.0026769177,263.47552,1.0,1.0
13.88,2.6,2.6100283,0.0456526,0.17284115,621.08215,1.0,0.8125
13.88,2.8,2.8360424,0.083245024,0.15488367,266.77777,1.0,1.0
13.88,3.0,2.9588518,0.08949205,-0.30208316,486.24207,1.0,0.0
13.9,0.0,0.030655064,0.021598399,-0.006899652,9.7710705,1.0,1.0
13.9,0.2,0.19214407,0.0018516388,-0.054076754,5.783941,1.0,1.0
13.9,0.4,0.38779017,0.015347801,-0.018733436,11.525076,1.0,1.0
13.9,0.6,0.6025666,0.036810406,-0.017619614,25.561802,1.0,1.0
13.9,0.8,0.76189387,0.041515473,-0.069646165,21.128794,1.0,1.0
13.9,1.0,1.0172634,0.086478636,0.024021238,54.804314,1.0,1.0
13.9,1.2,1.2596896,0.06498995,-0.13818216,53.543,1.0,1.0
13.9,1.4,1.3499334,0.04199069,0.044114,105.31231,1.0,1.0
13.9,1.6,1.6574354,0.05636051,-0.14486378,97.234604,1.0,1.0
13.9,1.8,1.7061267,0.015828315,-0.11681655,88.77585,1.0,1.0
13.9,2.0,1.9994305,0.017071929,0.06371592,159.46165,1.0,1.0
13.9,2.2,2.3232703,-0.0025956566,0.12564453,145.92831,1.0,0.875
13.9,2.4,2.3892174,0.023773853,-0.069274336,188.5463,1.0,1.0
13.9,2.6,2.5358906,0.018667862,0.13744465,616.45264,1.0,1.0
13.9,2.8,2.864568,0.076266326,0.22457272,168.35081,1.0,0.1875
13.9,3.0,2.88168,0.074104264,-0.3076232,1156.6315,1.0,0.0625
13.92,0.0,0.025588006,0.018905101,-0.024192631,12.564835,1.0,1.0
13.92,0.2,0.19202057,-0.0052400785,-0.050334502,8.240473,1.0,1.0
13.92,0.4,0.3989139,0.025612805,-0.0175661,13.7313175,1.0,1.0
13.92,0.6,0.63316107,0.044146232,0.029292073,18.745148,1.0,1.0
13.92,0.8,0.768273,0.03667485,-0.04317835,24.747421,1.0,1.0
13.92,1.0,1.0630906,0.091586724,0.08773994,41.576904,1.0,1.0
13.92,1.2,1.2589757,0.068794996,-0.04644072,82.86946,1.0,1.0
13.92,1.4,1.3278613,0.043356292,0.018877514,72.30589,1.0,1.0
13.92,1.6,1.6555955,0.055327743,-0.060934506,140.93028,1.0,1.0
13.92,1.8,1.7316837,0.026103437,-0.06430812,105.25185,1.0,1.0
13.92,2.0,2.0402985,0.0137086,-0.0094609205,151.29791,1.0,1.0
13.92,2.2,2.3237925,-0.00091418065,0.18718588,250.85457,1.0,0.375
13.92,2.4,2.4316483,0.045513466,-0.091066,191.3736,1.0,1.0
13.92,2.6,2.5309696,-0.009589173,0.07445048,302.86063,1.0,1.0
13.92,2.8,2.8902824,0.05569367,0.44442567,230.17844,1.0,0.0
13.92,3.0,2.8281507,0.098082855,-0.097574174,753.9335,1.0,0.875
13.94,0.0,0.021475207,0.014173133,-0.04818613,6.597925,1.0,1.0
13.94,0.2,0.19573674,-0.011702159,-0.052228425,9.75219,1.0,1.0
13.94,0.4,0.41924763,0.03418833,0.00856293,14.827112,1.0,1.0
13.94,0.6,0.640054,0.046144456,0.03270021,26.402443,1.0,1.0
13.94,0.8,0.78617674,0.032078758,-0.03536716,24.838314,1.0,1.0
13.94,1.0,1.0713497,0.09436385,0.05018201,61.766487,1.0,1.0
13.94,1.2,1.2147465,0.060636565,0.025616076,77.346985,1.0,1.0
13.94,1.4,1.3252711,0.04359998,-0.021887105,46.77223,1.0,1.0
13.94,1.6,1.5972962,0.041427594,0.015502298,167.36465,1.0,1.0
13.94,1.8,1.7703843,0.038874984,-0.056432374,113.52958,1.0,1.0
13.94,2.0,2.0787718,0.011572275,-0.013134316,131.40471,1.0,1.0
13.94,2.2,2.2600856,0.022189964,0.0832758,422.87158,1.0,1.0
13.94,2.4,2.459797,0.06351721,-0.09766657,179.77957,1.0,1.0
13.94,2.6,2.573568,0.0036262795,0.005216268,204.02373,1.0,1.0
13.94,2.8,2.825265,0.085136384,0.28367162,510.41595,1.0,0.0
13.94,3.0,2.870852,0.09272827,0.2008364,326.20428,1.0,0.625
13.96,0.0,0.019612854,0.008221237,-0.06226191,3.9675288,1.0,1.0
13.96,0.2,0.20287836,-0.019929819,-0.06438743,10.7852745,1.0,1.0
13.96,0.4,0.43293005,0.03632015,0.032682903,15.683695,1.0,1.0
13.96,0.6,0.6143913,0.04222984,-0.01599351,12.506222,1.0,1.0
13.96,0.8,0.8172928,0.028323684,-0.057135865,27.560738,1.0,1.0
13.96,1.0,1.0253696,0.09472161,0.0109368805,41.320328,1.0,1.0
13.96,1.2,1.1783336,0.06318492,0.04785848,70.235214,1.0,1.0
13.96,1.4,1.3393143,0.04911059,-0.027971439,65.29578,1.0,1.0
13.96,1.6,1.5514605,0.04287659,0.03907905,148.24847,1.0,1.0
13.96,1.8,1.8183295,0.043500036,-0.1173241,106.14289,1.0,1.0
13.96,2.0,2.119798,0.0028720945,0.08612325,123.29837,1.0,1.0
13.96,2.2,2.1905737,0.005348782,0.048160024,384.66382,1.0,1.0
13.96,2.4,2.4939003,0.0657514,-0.2144615,131.96233,1.0,0.375
13.96,2.6,2.6285002,0.02609498,-0.06440188,217.27446,1.0,1.0
13.96,2.8,2.742682,0.08777872,0.1307027,766.6886,1.0,0.875
13.96,3.0,2.9291615,0.07469033,0.19127834,323.66318,1.0,0.5
13.98,0.0,0.019353883,0.0037699263,-0.0675596,6.23598,1.0,1.0
13.98,0.2,0.21380778,-0.029313263,-0.08519718,11.153641,1.0,1.0
13.98,0.4,0.41881135,0.030375158,0.009659279,13.350819,1.0,1.0
13.98,0.6,0.5912085,0.034157015,-0.07970487,8.605887,1.0,1.0
13.98,0.8,0.85518765,0.027462544,-0.12986577,27.191875,1.0,1.0
13.98,1.0,0.98690975,0.086958334,-0.05631507,34.007275,1.0,1.0
13.98,1.2,1.1565843,0.06302371,0.037283182,65.199196,1.0,1.0
13.98,1.4,1.3693902,0.05143959,0.0040048296,78.334366,1.0,1.0
13.98,1.6,1.5297629,0.044637565,0.018137556,90.632805,1.0,1.0
13.98,1.8,1.8652318,0.047175214,-0.14190264,134.92947,1.0,1.0
13.98,2.0,2.1355462,0.00043174252,0.12415512,202.7783,1.0,1.0
13.98,2.2,2.1650312,-0.01172548,-0.015366541,213.2449,1.0,1.0
13.98,2.4,2.4696279,0.05645131,-0.18791303,408.7718,1.0,0.6875
13.98,2.6,2.661049,0.046160847,-0.089340925,207.73958,1.0,1.0
13.98,2.8,2.696135,0.049946368,0.07528164,375.29636,1.0,1.0
13.98,3.0,2.978619,0.071470425,0.15137713,259.73108,1.0,1.0
14.0,0.0,0.021368679,-0.0012643753,-0.07042102,7.6053667,1.0,1.0
14.0,0.2,0.22805089,-0.03587854,-0.10376072,11.198287,1.0,1.0
14.0,0.4,0.40219438,0.025042426,-0.04172315,10.87486,1.0,1.0
14.0,0.6,0.57455516,0.02590997,-0.09229902,14.954148,1.0,1.0
14.0,0.8,0.8535057,0.030599404,-0.12678403,38.70568,1.0,1.0
14.0,1.0,0.9644953,0.07791646,-0.103785925,37.076553,1.0,1.0
14.0,1.2,1.1502637,0.063268155,0.008702732,37.919388,1.0,1.0
14.0,1.4,1.4157298,0.050153654,0.06528294,80.20887,1.0,1.0
14.0,1.6,1.5327137,0.04531344,-0.03484375,69.80615,1.0,1.0
14.0,1.8,1.8280776,0.0298548,-0.032327764,230.65137,1.0,1.0
14.0,2.0,2.0682082,0.029746901,0.043907713,329.2527,1.0,1.0
14.0,2.2,2.186092,-0.003992782,-0.09093569,169.63043,1.0,1.0
14.0,2.4,2.398793,0.052625574,-0.065358,645.93555,1.0,0.9375
14.0,2.6,2.6948268,0.050639898,-0.23098132,117.82378,1.0,0.125
14.0,2.8,2.718964,0.044164628,0.05864636,246.01947,1.0,1.0
14.0,3.0,3.0027263,0.06066285,0.3091292,153.1694,1.0,0.0
14.02,0.0,0.025668006,-0.006277662,-0.080679074,8.465925,1.0,1.0
14.02,0.2,0.22827868,-0.029689139,-0.1344717,8.131925,1.0,1.0
14.02,0.4,0.3901963,0.01662165,-0.07784419,8.4408,1.0,1.0
14.02,0.6,0.56750345,0.020979622,-0.0852548,21.884418,1.0,1.0
14.02,0.8,0.8271159,0.03317211,-0.059417445,15.14636,1.0,1.0
14.02,1.0,0.9583112,0.07171263,-0.100081824,29.02788,1.0,1.0
14.02,1.2,1.1575125,0.067943916,-0.004074406,41.655903,1.0,1.0
14.02,1.4,1.4626434,0.049335122,0.12761258,120.38612,1.0,1.0
14.02,1.6,1.5545837,0.046935365,-0.05480498,90.9389,1.0,1.0
14.02,1.8,1.7664752,0.026119418,0.03594896,244.16272,1.0,1.0
14.02,2.0,1.9971849,0.012782798,0.014140813,308.88947,1.0,1.0
14.02,2.2,2.2231421,0.012962849,-0.09131776,166.47949,1.0,1.0
14.02,2.4,2.3703325,0.05576318,0.11452742,365.33267,1.0,1.0
14.02,2.6,2.6671093,0.048300035,-0.26171333,485.65002,1.0,0.0
14.02,2.8,2.7665489,0.068594,-0.000984353,227.71143,1.0,1.0
14.02,3.0,3.0052016,0.039657637,0.576493,414.0453,1.0,0.0
14.040000000000001,0.0,0.03160815,-0.0117672905,-0.100796856,9.036657,1.0,1.0
14.040000000000001,0.2,0.22541197,-0.016462114,-0.14386222,18.150114,1.0,1.0
14.040000000000001,0.4,0.38255817,0.0092507005,-0.07294515,11.409368,1.0,1.0
14.040000000000001,0.6,0.56795436,0.016817166,-0.06216868,20.50103,1.0,1.0
14.040000000000001,0.8,0.8058213,0.033454087,-0.011889665,13.490511,1.0,1.0
14.040000000000001,1.0,0.9603217,0.06805256,-0.06186758,27.331924,1.0,1.0
14.040000000000001,1.2,1.1794474,0.07169516,0.0020439385,57.249916,1.0,1.0
14.040000000000001,1.4,1.4297867,0.05552982,0.042931814,115.77257,1.0,1.0
14.040000000000001,1.6,1.5882988,0.04896969,-0.019518226,94.575195,1.0,1.0
14.040000000000001,1.8,1.7357907,0.026846848,0.05429168,151.41426,1.0,1.0
14.040000000000001,2.0,1.9616985,-0.0035007503,-0.0428178,136.58772,1.0,1.0
14.040000000000001,2.2,2.257327,0.030312758,-0.07383232,161.67584,1.0,1.0
14.040000000000001,2.4,2.4051905,0.04165954,0.16274495,274.4976,1.0,0.8125
14.040000000000001,2.6,2.5892844,0.040174313,-0.106419325,778.3778,1.0,1.0
14.040000000000001,2.8,2.806126,0.09340965,-0.072892904,230.7296,1.0,1.0
14.040000000000001,3.0,2.935451,0.07985997,0.2993011,753.696,1.0,0.0625
14.06,0.0,0.038090978,-0.016508762,-0.120762914,9.046319,1.0,1.0
14.06,0.2,0.21577913,-0.009326471,-0.08768469,16.686367,1.0,1.0
14.06,0.4,0.38012266,0.0044102864,-0.0592108,15.041828,1.0,1.0
14.06,0.6,0.5736588,0.010237906,-0.044629082,18.554478,1.0,1.0
14.06,0.8,0.7854787,0.03562975,-0.0026753838,18.720251,1.0,1.0
14.06,1.0,0.9738178,0.06641389,-0.03222002,31.867771,1.0,1.0
14.06,1.2,1.2174358,0.07322849,0.033854038,67.230316,1.0,1.0
14.06,1.4,1.372314,0.054902893,-0.06016017,94.411064,1.0,1.0
14.06,1.6,1.6373031,0.043873254,0.06646827,91.187164,1.0,1.0
14.06,1.8,1.7364514,0.025987387,0.012538929,100.60053,1.0,1.0
14.06,2.0,1.9712195,0.0007167207,-0.11054632,130.75851,1.0,1.0
14.06,2.2,2.2963889,0.032952093,-0.16460764,132.22116,1.0,0.8125
14.06,2.4,2.4536579,0.034710605,0.051780917,224.37927,1.0,1.0
14.06,2.6,2.5662909,0.044876367,0.14807218,408.95178,1.0,1.0
14.06,2.8,2.8287637,0.10664395,-0.15131234,158.40353,1.0,0.9375
14.06,3.0,2.847908,0.059970003,0.2103281,859.0073,1.0,0.4375
14.08,0.0,0.039246067,-0.012032068,-0.12569891,3.0162096,1.0,1.0
14.08,0.2,0.20924595,-0.0042650844,-0.011220425,10.164578,1.0,1.0
14.08,0.4,0.38338423,-0.0017011501,-0.050040774,13.249708,1.0,1.0
14.08,0.6,0.5877466,0.0028579645,-0.040035456,18.380512,1.0,1.0
14.08,0.8,0.7704235,0.0373886,0.005456604,23.62733,1.0,1.0
14.08,1.0,1.0004203,0.0664195,-0.033796918,38.310684,1.0,1.0
14.08,1.2,1.2675462,0.077009134,0.103623755,59.03592,1.0,1.0
14.08,1.4,1.3281587,0.043961063,-0.11640033,90.88341,1.0,1.0
14.08,1.6,1.674472,0.0411891,0.110131346,132.29887,1.0,1.0
14.08,1.8,1.7596613,0.025998417,-0.04768696,113.18,1.0,1.0
14.08,2.0,2.0017912,0.014322057,-0.09930383,133.85793,1.0,1.0
14.08,2.2,2.2950978,0.029059483,-0.16234198,283.28888,1.0,0.8125
14.08,2.4,2.4858084,0.03299269,0.023619153,183.69571,1.0,1.0
14.08,2.6,2.609455,0.027762786,0.22375622,290.65753,1.0,0.0625
14.08,2.8,2.8123376,0.110349074,-0.2635733,410.98813,1.0,0.0
14.08,3.0,2.832149,0.02064228,0.16475074,345.45862,1.0,0.5625
14.1,0.0,0.03820708,5.4020784e-05,-0.13672924,12.425182,1.0,1.0
14.1,0.2,0.20349516,-0.0018396806,0.020192314,7.5929747,1.0,1.0
14.1,0.4,0.39108044,-0.01003693,-0.051052634,12.968265,1.0,1.0
14.1,0.6,0.61193407,-0.0039083306,-0.05982043,17.481716,1.0,1.0
14.1,0.8,0.7645563,0.04090929,0.008485967,19.085905,1.0,1.0
14.1,1.0,1.0426753,0.06623591,-0.07697867,39.488564,1.0,1.0
14.1,1.2,1.2729421,0.07921298,0.04739341,78.41934,1.0,1.0
14.1,1.4,1.3067892,0.03668299,-0.12335322,49.71502,1.0,1.0
14.1,1.6,1.6220382,0.056015555,0.07750562,156.20569,1.0,1.0
14.1,1.8,1.7941647,0.025703497,-0.050554328,119.28106,1.0,1.0
14.1,2.0,2.0394964,0.03308042,-0.06118644,139.62599,1.0,1.0
14.1,2.2,2.2306614,0.015670463,-0.0657225,519.3444,1.0,1.0
14.1,2.4,2.510367,0.023421943,0.14989227,143.85306,1.0,0.9375
14.1,2.6,2.6577868,0.018500708,0.08908765,247.02864,1.0,1.0
14.1,2.8,2.747426,0.092624925,-0.22160861,989.52905,1.0,0.4375
14.1,3.0,2.8670964,0.020848583,0.15282153,217.00021,1.0,0.6875
14.120000000000001,0.0,0.035658553,0.011258919,-0.12454975,12.739834,1.0,1.0
14.120000000000001,0.2,0.19754326,9.707222e-05,0.008964177,6.328609,1.0,1.0
14.120000000000001,0.4,0.4057122,-0.018725429,-0.061377235,13.408123,1.0,1.0
14.120000000000001,0.6,0.6433339,-0.0055971425,-0.122657195,18.403904,1.0,1.0
14.120000000000001,0.8,0.76802427,0.047426235,-0.0014939753,25.547796,1.0,1.0
14.120000000000001,1.0,1.0864689,0.0702438,-0.14288938,55.5484,1.0,1.0
14.120000000000001,1.2,1.2211715,0.08163045,-0.014657286,63.676693,1.0,1.0
14.120000000000001,1.4,1.3030925,0.031331103,-0.08731805,44.95214,1.0,1.0
14.120000000000001,1.6,1.557616,0.050981544,-0.03708298,136.26556,1.0,1.0
14.120000000000001,1.8,1.835761,0.023412023,0.018310413,107.05324,1.0,1.0
14.120000000000001,2.0,2.0815563,0.038180795,-0.12542397,120.29746,1.0,1.0
14.120000000000001,2.2,2.1801634,0.020032713,0.04230701,380.247,1.0,1.0
14.120000000000001,2.4,2.5123038,0.014656965,0.28714675,294.89185,1.0,0.0625
14.120000000000001,2.6,2.6880734,0.019275583,0.058766007,190.53046,1.0,1.0
14.120000000000001,2.8,2.6925328,0.111817434,-0.03633342,679.1673,1.0,0.9375
14.120000000000001,3.0,2.9187071,0.045506533,0.061196104,260.6936,1.0,1.0
14.14,0.0,0.031523794,0.016653415,-0.09205055,10.954926,1.0,1.0
14.14,0.2,0.19406131,0.0035301927,0.0006683232,4.7630634,1.0,1.0
14.14,0.4,0.42627972,-0.02508075,-0.09680848,15.558859,1.0,1.0
14.14,0.6,0.6473464,0.00011154078,-0.17261332,28.03662,1.0,1.0
14.14,0.8,0.78484476,0.054686785,-0.013231232,37.635925,1.0,1.0
14.14,1.0,1.0558456,0.06810332,-0.06741236,49.9942,1.0,1.0
14.14,1.2,1.17658,0.073800884,-0.08411737,57.49678,1.0,1.0
14.14,1.4,1.3171436,0.032084033,-0.05268624,61.69972,1.0,1.0
14.14,1.6,1.514358,0.040362686,-0.1261321,105.54176,1.0,1.0
14.14,1.8,1.8873533,0.012590833,0.15217267,155.79807,1.0,1.0
14.14,2.0,2.1065364,0.042674243,-0.15518928,171.70673,1.0,1.0
14.14,2.2,2.1827364,0.0158398,0.09316647,240.58682,1.0,1.0
14.14,2.4,2.4548922,0.04337747,0.15787052,493.00183,1.0,0.9375
14.14,2.6,2.7059603,0.007596843,0.23126754,132.82108,1.0,0.0625
14.14,2.8,2.7286217,0.10453204,0.21560626,330.9995,1.0,0.25
14.14,3.0,2.957384,0.06651114,-0.051102966,243.89362,1.0,0.9375
14.16,0.0,0.031074654,0.019910423,-0.052444667,5.388617,1.0,1.0
14.16,0.2,0.19375283,0.009705808,0.0015007929,4.120585,1.0,1.0
14.16,0.4,0.4381971,-0.021942515,-0.14328644,12.0246315,1.0,1.0
14.16,0.6,0.62813574,0.0060692653,-0.11715713,17.864025,1.0,1.0
14.16,0.8,0.8151509,0.06252411,0.0012059505,39.818886,1.0,1.0
14.16,1.0,1.0195217,0.06488547,0.0057209325,42.39407,1.0,1.0
14.16,1.2,1.1523685,0.06490946,-0.123833075,52.65293,1.0,1.0
14.16,1.4,1.3493352,0.037262548,-0.048287343,75.541916,1.0,1.0
14.16,1.6,1.4961815,0.033110637,-0.14394149,55.328957,1.0,1.0
14.16,1.8,1.8571423,0.028417893,0.08807228,210.30852,1.0,1.0
14.16,2.0,2.0545502,0.019645477,-0.026970845,384.79395,1.0,1.0
14.16,2.2,2.2220302,0.010649364,0.029089374,207.3872,1.0,1.0
14.16,2.4,2.3805456,0.025483362,0.11825942,521.4808,1.0,1.0
14.16,2.6,2.676708,0.0038928762,0.3585338,411.1927,1.0,0.0
14.16,2.8,2.7854624,0.08528219,0.18836467,292.73694,1.0,0.625
14.16,3.0,2.9827101,0.07663326,-0.20443256,176.65884,1.0,0.5625
14.18,0.0,0.030844014,0.022077564,-0.03498644,2.8272214,1.0,1.0
14.18,0.2,0.19740762,0.017426603,0.0005841392,5.630893,1.0,1.0
14.18,0.4,0.43185365,-0.011408165,-0.1472578,21.203594,1.0,1.0
14.18,0.6,0.6136539,0.008763429,-0.028972838,10.175421,1.0,1.0
14.18,0.8,0.8543252,0.06864522,0.060610216,26.768724,1.0,1.0
14.18,1.0,0.98827434,0.068197146,0.021236092,39.13076,1.0,1.0
14.18,1.2,1.1455652,0.058679566,-0.105321065,30.492487,1.0,1.0
14.18,1.4,1.3973302,0.04050187,-0.08989205,70.546104,1.0,1.0
14.18,1.6,1.5016125,0.034909945,-0.091594845,69.54004,1.0,1.0
14.18,1.8,1.7823197,0.03750876,0.020922238,213.45114,1.0,1.0
14.18,2.0,1.9914334,0.023676515,0.06265919,361.32483,1.0,1.0
14.18,2.2,2.2602985,0.008207884,-0.022700042,180.41072,1.0,1.0
14.18,2.4,2.357101,-0.0012740865,0.05120334,274.66272,1.0,1.0
14.18,2.6,2.6158473,0.03947659,0.15278494,666.9165,1.0,0.9375
14.18,2.8,2.8339803,0.08244894,0.12898988,243.19374,1.0,1.0
14.18,3.0,2.9526772,0.078631185,-0.31690902,672.3893,1.0,0.0
14.200000000000001,0.0,0.03002863,0.023391169,-0.025208512,3.1097744,1.0,1.0
14.200000000000001,0.2,0.20679498,0.025576618,0.0054609976,9.213856,1.0,1.0
14.200000000000001,0.4,0.41892558,-0.007206022,-0.07993984,20.783625,1.0,1.0
14.200000000000001,0.6,0.5997486,0.011429669,-0.005602469,14.090969,1.0,1.0
14.200000000000001,0.8,0.84846103,0.069457844,0.038282443,36.10743,1.0,1.0
14.200000000000001,1.0,0.9679371,0.06845,0.017225329,39.9324,1.0,1.0
14.200000000000001,1.2,1.151123,0.05704736,-0.063288614,39.77281,1.0,1.0
14.200000000000001,1.4,1.4601666,0.03920849,-0.13931496,89.90996,1.0,1.0
14.200000000000001,1.6,1.5272236,0.041934043,-0.05474055,88.80499,1.0,1.0
14.200000000000001,1.8,1.7279022,0.024957187,-0.06901569,163.53609,1.0,1.0
14.200000000000001,2.0,1.9721103,0.021759229,0.10872251,183.20004,1.0,1.0
14.200000000000001,2.2,2.2913733,0.0031282343,0.03645962,149.011,1.0,1.0
14.200000000000001,2.4,2.3850913,0.0051798336,-0.032736726,198.79042,1.0,1.0
14.200000000000001,2.6,2.5417573,0.01142171,0.119788565,621.1095,1.0,1.0
14.200000000000001,2.8,2.858323,0.0734574,0.25643682,154.84357,1.0,0.0625
14.200000000000001,3.0,2.8670385,0.07028229,-0.23098686,1003.47034,1.0,0.375
14.22,0.0,0.030857291,0.025603559,-0.01304137,5.0067325,1.0,1.0
14.22,0.2,0.21721977,0.030686814,0.0153119285,10.636567,1.0,1.0
14.22,0.4,0.41059896,-0.005049942,-0.0034139287,13.219372,1.0,1.0
14.22,0.6,0.5862602,0.014396075,-0.0025465926,17.54595,1.0,1.0
14.22,0.8,0.8108311,0.06453951,-0.02779819,18.33529,1.0,1.0
14.22,1.0,0.96029896,0.071078286,0.006671513,25.334631,1.0,1.0
14.22,1.2,1.170814,0.058098786,-0.038924366,48.82696,1.0,1.0
14.22,1.4,1.4470866,0.04380797,-0.053278312,127.16446,1.0,1.0
14.22,1.6,1.5657709,0.049925912,-0.06876081,90.551895,1.0,1.0
14.22,1.8,1.7033243,0.015399788,-0.12506956,83.77648,1.0,1.0
14.22,2.0,2.0011282,0.016914532,0.0657536,159.30968,1.0,1.0
14.22,2.2,2.32687,-0.012028977,0.19837442,173.82768,1.0,0.375
14.22,2.4,2.433454,0.024619583,-0.07410055,196.89264,1.0,1.0
14.22,2.6,2.5369751,-0.015517868,0.05800394,304.36823,1.0,1.0
14.22,2.8,2.871296,0.05576458,0.489666,326.01727,1.0,0.0
14.22,3.0,2.852978,0.08479741,0.08993614,529.99963,1.0,0.9375
14.24,0.0,0.03293934,0.029024564,-0.0043281587,6.316453,1.0,1.0
14.24,0.2,0.21717688,0.026123676,0.033730168,12.3082,1.0,1.0
14.24,0.4,0.40231162,-0.0031323265,0.007711844,11.529827,1.0,1.0
14.24,0.6,0.57772297,0.01686448,-0.00420798,16.720818,1.0,1.0
14.24,0.8,0.78096926,0.057713956,-0.089378566,17.795527,1.0,1.0
14.24,1.0,0.9646317,0.07623176,0.0019940413,30.69027,1.0,1.0
14.24,1.2,1.2070191,0.060893547,-0.050212212,55.15238,1.0,1.0
14.24,1.4,1.3930295,0.036499385,0.037809856,115.851875,1.0,1.0
14.24,1.6,1.6199465,0.052385055,-0.124972105,82.74966,1.0,1.0
14.24,1.8,1.7091857,0.018598579,-0.10060746,89.17347,1.0,1.0
14.24,2.0,2.042015,0.013495019,-0.007072104,151.26108,1.0,1.0
14.24,2.2,2.2965922,0.007398783,0.13730133,290.28494,1.0,0.6875
14.24,2.4,2.4663858,0.043161623,-0.07596198,182.99677,1.0,1.0
14.24,2.6,2.57906,-0.0018536448,-0.0072871735,203.27446,1.0,1.0
14.24,2.8,2.8056436,0.089616224,0.28619948,581.84235,1.0,0.125
14.24,3.0,2.90204,0.066823125,0.25288394,301.61517,1.0,0.1875
14.26,0.0,0.036698803,0.033261612,0.002131453,8.09774,1.0,1.0
14.26,0.2,0.20877647,0.023444487,0.012797972,11.859997,1.0,1.0
14.26,0.4,0.39410016,-0.0011298228,-0.008280269,11.219202,1.0,1.0
14.26,0.6,0.575878,0.022864774,-0.011622769,14.334043,1.0,1.0
14.26,0.8,0.7636539,0.050586507,-0.10488279,26.592735,1.0,1.0
14.26,1.0,0.98297346,0.08154428,0.0058370666,46.55372,1.0,1.0
14.26,1.2,1.2579715,0.062003132,-0.109662145,49.81665,1.0,1.0
14.26,1.4,1.3508217,0.04144987,0.04535122,107.02,1.0,1.0
14.26,1.6,1.6558492,0.057920635,-0.100516245,97.60544,1.0,1.0
14.26,1.8,1.7371767,0.029616404,-0.052110255,109.07913,1.0,1.0
14.26,2.0,2.0805535,0.011295071,-0.0116750095,131.68315,1.0,1.0
14.26,2.2,2.2232118,0.017285056,0.063581094,441.79532,1.0,1.0
14.26,2.4,2.5005438,0.049523506,-0.16910905,132.43867,1.0,0.875
14.26,2.6,2.6335654,0.02139926,-0.07546128,220.57117,1.0,1.0
14.26,2.8,2.7249246,0.076272905,0.17931771,748.9059,1.0,0.5625
14.26,3.0,2.9567704,0.051261313,0.17650002,303.65985,1.0,0.6875
14.280000000000001,0.0,0.039762005,0.034964927,-0.0007495176,9.105945,1.0,1.0
14.280000000000001,0.2,0.20065227,0.020751704,-0.0154364575,13.159336,1.0,1.0
14.280000000000001,0.4,0.38806352,0.0024434393,-0.015728157,10.291052,1.0,1.0
14.280000000000001,0.6,0.58253014,0.032341808,-0.022652948,22.056288,1.0,1.0
14.280000000000001,0.8,0.75875074,0.04711555,-0.09146677,26.459179,1.0,1.0
14.280000000000001,1.0,1.0169543,0.0867171,0.024524802,54.75234,1.0,1.0
14.280000000000001,1.2,1.2980721,0.06786151,-0.116819955,72.21098,1.0,1.0
14.280000000000001,1.4,1.3287513,0.04264853,0.020470671,72.08115,1.0,1.0
14.280000000000001,1.6,1.6117883,0.043067604,-0.005009458,170.49843,1.0,1.0
14.280000000000001,1.8,1.7762685,0.041064337,-0.05938179,111.34341,1.0,1.0
14.280000000000001,2.0,2.1216974,0.0025795083,0.08651769,123.68056,1.0,1.0
14.280000000000001,2.2,2.169075,-0.0053701214,0.012549693,309.1107,1.0,1.0
14.280000000000001,2.4,2.4894614,0.046464115,-0.19735521,328.93317,1.0,0.5
14.280000000000001,2.6,2.6660519,0.041384846,-0.09964256,210.48917,1.0,1.0
14.280000000000001,2.8,2.6968203,0.03901926,0.13015428,333.50876,1.0,0.8125
14.280000000000001,3.0,2.9924712,0.04854361,0.17131919,214.51158,1.0,0.875
14.3,0.0,0.038912613,0.030976638,0.010696998,8.419353,1.0,1.0
14.3,0.2,0.19506311,0.011482431,-0.053043507,8.344589,1.0,1.0
14.3,0.4,0.38599396,0.009862931,-0.018265087,9.168955,1.0,1.0
14.3,0.6,0.6001289,0.04272194,-0.020140652,26.1819,1.0,1.0
14.3,0.8,0.76074505,0.042615347,-0.058859844,22.565716,1.0,1.0
14.3,1.0,1.0627823,0.09186577,0.08776283,41.53454,1.0,1.0
14.3,1.2,1.2572718,0.059660606,-0.036879465,83.8658,1.0,1.0
14.3,1.4,1.3263302,0.042797677,-0.021012638,47.177322,1.0,1.0
14.3,1.6,1.5590339,0.044001788,0.041660562,163.38245,1.0,1.0
14.3,1.8,1.8279481,0.04316966,-0.13443942,104.28846,1.0,1.0
14.3,2.0,2.138612,-0.00016967766,0.1258502,201.84578,1.0,1.0
14.3,2.2,2.160844,-0.011813322,-0.058197547,200.54721,1.0,1.0
14.3,2.4,2.4250214,0.02978849,-0.0926999,665.44037,1.0,0.9375
14.3,2.6,2.6998625,0.04574152,-0.24332014,121.35141,1.0,0.0
14.3,2.8,2.7277021,0.03758517,0.10222919,223.94472,1.0,0.9375
14.3,3.0,3.0096269,0.031788547,0.40597862,152.14465,1.0,0.0
14.32,0.0,0.03613963,0.025401562,0.007129237,7.7464285,1.0,1.0
14.32,0.2,0.19238085,0.0018608724,-0.05422464,5.772334,1.0,1.0
14.32,0.4,0.39046508,0.019929614,-0.021153051,11.942335,1.0,1.0
14.32,0.6,0.6294029,0.05076088,0.016874928,21.273752,1.0,1.0
14.32,0.8,0.7697547,0.03823945,-0.036697373,23.688255,1.0,1.0
14.32,1.0,1.0711211,0.09441671,0.05179525,61.936825,1.0,1.0
14.32,1.2,1.2125361,0.059632592,-0.0011626885,69.843285,1.0,1.0
14.32,1.4,1.3405685,0.04832525,-0.028691588,65.893036,1.0,1.0
14.32,1.6,1.5303582,0.046988696,0.040982373,114.8735,1.0,1.0
14.32,1.8,1.8551235,0.047353547,-0.087633,132.05522,1.0,1.0
14.32,2.0,2.0718818,0.029547617,0.04456484,329.86932,1.0,1.0
14.32,2.2,2.1912973,0.0017367601,-0.108710885,167.60843,1.0,1.0
14.32,2.4,2.373973,0.03588945,0.055136606,443.77243,1.0,1.0
14.32,2.6,2.6710343,0.04306157,-0.27741557,484.1922,1.0,0.0
14.32,2.8,2.779388,0.059712347,0.02393417,234.39543,1.0,1.0
14.32,3.0,2.9587212,0.03115242,0.5114002,487.27426,1.0,0.0
14.34,0.0,0.030613355,0.021553665,-0.0069406545,9.75382,1.0,1.0
14.34,0.2,0.19221497,-0.0052049113,-0.05058772,8.2465105,1.0,1.0
14.34,0.4,0.40431523,0.030342434,-0.014387751,14.390998,1.0,1.0
14.34,0.6,0.649195,0.05508606,0.044277273,28.911324,1.0,1.0
14.34,0.8,0.7910425,0.033155706,-0.034872636,23.666405,1.0,1.0
14.34,1.0,1.0251056,0.094727695,0.012804104,41.50117,1.0,1.0
14.34,1.2,1.1800222,0.061292946,-0.007045692,62.544933,1.0,1.0
14.34,1.4,1.3710401,0.050469413,0.0036250972,78.81895,1.0,1.0
14.34,1.6,1.5278032,0.047268827,-0.00032135344,68.61325,1.0,1.0
14.34,1.8,1.8043422,0.026062042,0.0049316417,244.55154,1.0,1.0
14.34,2.0,2.0005991,0.012775216,0.013766793,309.3123,1.0,1.0
14.34,2.2,2.2253397,0.019896973,-0.099555045,169.46922,1.0,1.0
14.34,2.4,2.390481,0.027206525,0.15305613,286.75745,1.0,0.875
14.34,2.6,2.5865698,0.03614197,-0.12950069,783.14197,1.0,0.9375
14.34,2.8,2.8175945,0.080499865,-0.052205987,225.06247,1.0,1.0
14.34,3.0,2.8971658,0.06275288,0.2214303,905.8202,1.0,0.4375
14.36,0.0,0.025547232,0.018857766,-0.024195276,12.5304165,1.0,1.0
14.36,0.2,0.19586845,-0.011656755,-0.05240111,9.721721,1.0,1.0
14.36,0.4,0.4263905,0.03842829,0.020708699,14.20196,1.0,1.0
14.36,0.6,0.62549365,0.05040542,0.012607866,15.804367,1.0,1.0
14.36,0.8,0.82389736,0.029452637,-0.07007254,26.598732,1.0,1.0
14.36,1.0,0.9866135,0.08685835,-0.05489198,34.133053,1.0,1.0
14.36,1.2,1.1638774,0.061380118,-0.029778622,37.52913,1.0,1.0
14.36,1.4,1.4174564,0.048959795,0.064656876,80.72223,1.0,1.0
14.36,1.6,1.5470552,0.048096415,-0.04181492,82.23703,1.0,1.0
14.36,1.8,1.7497276,0.02721778,0.05562788,238.20236,1.0,1.0
14.36,2.0,1.9644485,-0.0035154568,-0.043119837,136.88452,1.0,1.0
14.36,2.2,2.2583885,0.035419654,-0.10781418,156.94049,1.0,1.0
14.36,2.4,2.435973,0.016874213,0.06353953,233.53482,1.0,1.0
14.36,2.6,2.5638201,0.04317224,0.12995712,409.318,1.0,1.0
14.36,2.8,2.844049,0.089319885,-0.1612785,148.93912,1.0,0.875
14.36,3.0,2.82511,0.02553501,0.1389011,727.0068,1.0,0.625
14.38,0.0,0.02144011,0.014117021,-0.04825285,6.5490804,1.0,1.0
14.38,0.2,0.2029444,-0.019854162,-0.06451748,10.744875,1.0,1.0
14.38,0.4,0.4315029,0.037015185,0.028376438,14.699931,1.0,1.0
14.38,0.6,0.6007303,0.042437326,-0.059046593,7.442582,1.0,1.0
14.38,0.8,0.86408,0.028600233,-0.11761761,32.773373,1.0,1.0
14.38,1.0,0.9641968,0.077730745,-0.10297632,37.05165,1.0,1.0
14.38,1.2,1.1626238,0.067455314,-0.049463667,32.450317,1.0,1.0
14.38,1.4,1.4642893,0.04817726,0.12674177,122.43944,1.0,1.0
14.38,1.6,1.5784225,0.051089052,-0.030783698,93.6727,1.0,1.0
14.38,1.8,1.728525,0.028436843,0.06291589,139.09918,1.0,1.0
14.38,2.0,1.9732926,0.0005492121,-0.11042401,130.3768,1.0,1.0
14.38,2.2,2.2973502,0.032705557,-0.21123146,141.96742,1.0,0.4375
14.38,2.4,2.4741163,0.016582903,0.009425925,196.54611,1.0,1.0
14.38,2.6,2.6056073,0.028170943,0.2036376,294.1848,1.0,0.3125
14.38,2.8,2.8193045,0.09070407,-0.25753233,505.74643,1.0,0.0
14.38,3.0,2.8371472,-0.0014939406,0.09682116,310.06274,1.0,0.75
14.4,0.0,0.019585688,0.008159244,-0.062376022,3.9602046,1.0,1.0
14.4,0.2,0.21383935,-0.029211953,-0.08523306,11.127115,1.0,1.0
14.4,0.4,0.41481042,0.030274352,-0.0017203207,14.32781,1.0,1.0
14.4,0.6,0.5818218,0.034002483,-0.083081536,13.07855,1.0,1.0
14.4,0.8,0.84612197,0.032901853,-0.12476188,32.38205,1.0,1.0
14.4,1.0,0.9580122,0.07149546,-0.09969642,29.031437,1.0,1.0
14.4,1.2,1.17609,0.07452179,-0.04035072,50.486668,1.0,1.0
14.4,1.4,1.4301364,0.05445808,0.044396598,114.83639,1.0,1.0
14.4,1.6,1.6228616,0.048858,0.036435604,92.74081,1.0,1.0
14.4,1.8,1.7367282,0.027456954,0.012573789,100.97426,1.0,1.0
14.4,2.0,2.0034068,0.014147173,-0.09881697,134.22534,1.0,1.0
14.4,2.2,2.2739413,0.022858795,-0.14467119,387.06152,1.0,0.9375
14.4,2.4,2.498717,0.009991292,0.104191996,161.16534,1.0,1.0
14.4,2.6,2.6524506,0.020612538,0.067972414,253.06448,1.0,1.0
14.4,2.8,2.73342,0.07409862,-0.20051841,951.59296,1.0,0.5625
14.4,3.0,2.8846524,0.01347461,0.06462166,216.75188,1.0,0.8125
14.42,0.0,0.019332865,0.0037044012,-0.06766575,6.2442265,1.0,1.0
14.42,0.2,0.22835201,-0.03593491,-0.10413274,11.334114,1.0,1.0
14.42,0.4,0.39876345,0.022455206,-0.060792167,9.60895,1.0,1.0
14.42,0.6,0.57233685,0.028695276,-0.0812335,21.099072,1.0,1.0
14.42,0.8,0.82238954,0.03447279,-0.044662833,13.272297,1.0,1.0
14.42,1.0,0.9600072,0.067805484,-0.061660722,27.382914,1.0,1.0
14.42,1.2,1.2060733,0.07819416,-0.0035889747,67.19304,1.0,1.0
14.42,1.4,1.3724098,0.053227134,-0.06115576,92.65608,1.0,1.0
14.42,1.6,1.6762314,0.043442,0.13559356,126.56903,1.0,1.0
14.42,1.8,1.7652252,0.026592687,-0.0392948,114.00305,1.0,1.0
14.42,2.0,2.040966,0.03291735,-0.05990395,140.20999,1.0,1.0
14.42,2.2,2.2055252,0.020116773,-0.02749636,510.78186,1.0,1.0
14.42,2.4,2.5262036,-0.0068713613,0.28875965,205.06602,1.0,0.0625
14.42,2.6,2.6815038,0.022857748,0.040705558,194.61298,1.0,1.0
14.42,2.8,2.6979003,0.08815499,0.058287047,564.3665,1.0,0.9375
14.42,3.0,2.9408796,0.04135015,-0.026365919,264.841,1.0,1.0
14.44,0.0,0.021359539,-0.0013318545,-0.07048747,7.6026225,1.0,1.0
14.44,0.2,0.22889349,-0.029599845,-0.13421668,8.012431,1.0,1.0
14.44,0.4,0.3876872,0.0135157965,-0.079276346,8.21458,1.0,1.0
14.44,0.6,0.5709449,0.025003418,-0.062670976,20.89325,1.0,1.0
14.44,0.8,0.8022796,0.037455913,-0.015229721,14.8396015,1.0,1.0
14.44,1.0,0.973492,0.066117056,-0.032129213,31.73299,1.0,1.0
14.44,1.2,1.2519219,0.08181974,0.06245027,62.20222,1.0,1.0
14.44,1.4,1.3279102,0.042226948,-0.119160175,89.574844,1.0,1.0
14.44,1.6,1.6514158,0.051473204,0.07646837,155.70439,1.0,1.0
14.44,1.8,1.8014175,0.026230685,-0.02752688,115.22015,1.0,1.0
14.44,2.0,2.0829334,0.03820966,-0.12284753,120.4691,1.0,1.0
14.44,2.2,2.173551,0.022573045,0.08388076,300.13196,1.0,1.0
14.44,2.4,2.4753368,0.022409193,0.1703946,386.95596,1.0,0.875
14.44,2.6,2.6985269,0.0128015205,0.21287054,131.67178,1.0,0.1875
14.44,2.8,2.7396421,0.07431595,0.23840834,311.33826,1.0,0.125
14.44,3.0,2.9762566,0.061440714,-0.102235354,221.34955,1.0,0.9375
14.46,0.0,0.025674807,-0.006347445,-0.080733374,8.496698,1.0,1.0
14.46,0.2,0.2261874,-0.01627284,-0.14462626,18.398901,1.0,1.0
14.46,0.4,0.38091516,0.0072799027,-0.068896115,12.781488,1.0,1.0
14.46,0.6,0.5747012,0.019095693,-0.04420199,17.964817,1.0,1.0
14.46,0.8,0.7831585,0.0401389,-0.011136184,21.243462,1.0,1.0
14.46,1.0,1.0001028,0.066073954,-0.033905275,38.253433,1.0,1.0
14.46,1.2,1.2913693,0.08421134,0.09854303,75.51897,1.0,1.0
14.46,1.4,1.3063036,0.035498597,-0.12660395,48.602776,1.0,1.0
14.46,1.6,1.5832307,0.057478264,-0.014034195,144.17334,1.0,1.0
14.46,1.8,1.8465724,0.021191444,0.049035914,108.40755,1.0,1.0
14.46,2.0,2.1085448,0.04273684,-0.15571722,169.44017,1.0,1.0
14.46,2.2,2.1956813,0.0153505225,0.09516707,229.08667,1.0,1.0
14.46,2.4,2.4014099,0.01954081,0.09156468,553.5022,1.0,1.0
14.46,2.6,2.6726108,0.0084864795,0.35629144,415.10797,1.0,0.0
14.46,2.8,2.7938094,0.057040676,0.16418543,289.44574,1.0,0.8125
14.46,3.0,2.9965594,0.06559411,-0.24099675,270.5652,1.0,0.25
14.48,0.0,0.03162041,-0.011840744,-0.10079604,9.041026,1.0,1.0
14.48,0.2,0.2165402,-0.008963773,-0.08860269,16.824032,1.0,1.0
14.48,0.4,0.37962776,0.0028198063,-0.056751344,14.788912,1.0,1.0
14.48,0.6,0.58610344,0.011461901,-0.036668956,18.147188,1.0,1.0
14.48,0.8,0.7710353,0.04249169,-0.0023862156,22.215252,1.0,1.0
14.48,1.0,1.0423956,0.065854564,-0.0770811,39.390514,1.0,1.0
14.48,1.2,1.2398628,0.08803935,0.04724694,74.240944,1.0,1.0
14.48,1.4,1.3024731,0.03040057,-0.09130733,45.439007,1.0,1.0
14.48,1.6,1.530745,0.048535533,-0.104474485,126.89158,1.0,1.0
14.48,1.8,1.8866827,0.012916192,0.12431653,171.82494,1.0,1.0
14.48,2.0,2.0579987,0.019513212,-0.027390763,383.64822,1.0,1.0
14.48,2.2,2.2376251,0.012270791,0.007970365,199.0918,1.0,1.0
14.48,2.4,2.3628082,-0.008070983,0.038135037,300.554,1.0,1.0
14.48,2.6,2.61202,0.043051437,0.16346604,641.13654,1.0,0.9375
14.48,2.8,2.8340068,0.055433348,0.119355395,224.01224,1.0,1.0
14.48,3.0,2.9446166,0.061197843,-0.31039712,896.9326,1.0,0.0
14.5,0.0,0.038107317,-0.016586259,-0.12073161,9.047375,1.0,1.0
14.5,0.2,0.20994963,-0.003953153,-0.011697627,10.287914,1.0,1.0
14.5,0.4,0.38421443,-0.0040694475,-0.048736304,13.038462,1.0,1.0
14.5,0.6,0.6078373,0.0045230277,-0.04890368,18.568214,1.0,1.0
14.5,0.8,0.7684231,0.046955053,0.0018267974,19.002684,1.0,1.0
14.5,1.0,1.0862516,0.06977555,-0.14285421,55.630806,1.0,1.0
14.5,1.2,1.1881895,0.083054215,-0.040364224,58.29392,1.0,1.0
14.5,1.4,1.3164337,0.031296853,-0.055595137,62.163715,1.0,1.0
14.5,1.6,1.5029836,0.037746035,-0.13771479,63.526623,1.0,1.0
14.5,1.8,1.8384665,0.033608124,0.07668691,222.03119,1.0,1.0
14.5,2.0,1.9951359,0.023333184,0.061633725,362.2414,1.0,1.0
14.5,2.2,2.27195,0.010108069,-0.016912421,170.23471,1.0,1.0
14.5,2.4,2.3792741,-0.005759619,-0.037994027,223.68246,1.0,1.0
14.5,2.6,2.538084,0.015864536,0.13084397,617.4372,1.0,1.0
14.5,2.8,2.8541799,0.04350958,0.28732377,146.14078,1.0,0.0625
14.5,3.0,2.847621,0.07297069,-0.21243352,953.5528,1.0,0.5625
14.52,0.0,0.03925708,-0.012094565,-0.12566915,3.0086484,1.0,1.0
14.52,0.2,0.20415023,-0.0016506519,0.020140722,7.686308,1.0,1.0
14.52,0.4,0.39316213,-0.012916365,-0.05176077,12.516804,1.0,1.0
14.52,0.6,0.63689667,0.0012555402,-0.10322969,18.066011,1.0,1.0
14.52,0.8,0.77599216,0.053486567,-0.0038314252,29.995586,1.0,1.0
14.52,1.0,1.0557489,0.067709476,-0.068071604,50.13064,1.0,1.0
14.52,1.2,1.1533495,0.07418196,-0.10334253,52.85173,1.0,1.0
14.52,1.4,1.3486263,0.036565337,-0.05040373,75.90784,1.0,1.0
14.52,1.6,1.5017176,0.03677394,-0.09359446,64.53685,1.0,1.0
14.52,1.8,1.7669495,0.033138327,-0.008146565,206.83295,1.0,1.0
14.52,2.0,1.9756925,0.021482939,0.1077021,183.92276,1.0,1.0
14.52,2.2,2.3042388,0.0029054293,0.07146859,145.11856,1.0,1.0
14.52,2.4,2.4244914,0.0144371055,-0.09603843,196.8134,1.0,1.0
14.52,2.6,2.5333276,-0.012383141,0.06964721,302.51196,1.0,1.0
14.52,2.8,2.8440447,0.031934313,0.47787654,386.5974,1.0,0.0
14.52,3.0,2.8638308,0.081781596,0.14735664,415.95868,1.0,1.0
14.540000000000001,0.0,0.03821551,-1.6853446e-06,-0.13668984,12.446371,1.0,1.0
14.540000000000001,0.2,0.19813305,0.00026294542,0.008819785,6.3767576,1.0,1.0
14.540000000000001,0.4,0.4095102,-0.021113675,-0.06834028,13.411436,1.0,1.0
14.540000000000001,0.6,0.65012145,0.0056710485,-0.1767393,27.841873,1.0,1.0
14.540000000000001,0.8,0.79755306,0.061347235,-0.0070323925,40.277096,1.0,1.0
14.540000000000001,1.0,1.0195242,0.06458471,0.0048419368,42.33599,1.0,1.0
14.540000000000001,1.2,1.1372383,0.0687793,-0.112659045,29.765348,1.0,1.0
14.540000000000001,1.4,1.3965962,0.040006183,-0.092074975,70.80023,1.0,1.0
14.540000000000001,1.6,1.5215573,0.042328723,-0.04727017,83.05496,1.0,1.0
14.540000000000001,1.8,1.719952,0.021477897,-0.100499794,137.92104,1.0,1.0
14.540000000000001,2.0,2.004613,0.016629737,0.06562078,158.83371,1.0,1.0
14.540000000000001,2.2,2.3301127,-0.008717391,0.2155331,219.78955,1.0,0.25
14.540000000000001,2.4,2.4582713,0.034726907,-0.10135597,191.3681,1.0,1.0
14.540000000000001,2.6,2.5759768,0.0008087605,0.0011901723,204.13577,1.0,1.0
14.540000000000001,2.8,2.7772791,0.06571868,0.23485789,683.8621,1.0,0.25
14.540000000000001,3.0,2.91984,0.06349165,0.23032361,302.1939,1.0,0.25
14.56,0.0,0.035669297,0.011201244,-0.12442059,12.719111,1.0,1.0
14.56,0.2,0.19457625,0.003673288,0.0003558891,4.811961,1.0,1.0
14.56,0.4,0.43163145,-0.026542038,-0.10950932,15.172081,1.0,1.0
14.56,0.6,0.6308888,0.011215368,-0.12649061,20.183815,1.0,1.0
14.56,0.8,0.8320726,0.068542376,0.020852648,37.35457,1.0,1.0
14.56,1.0,0.9883269,0.067963704,0.02055315,39.073242,1.0,1.0
14.56,1.2,1.1361326,0.065253586,-0.07670455,34.231163,1.0,1.0
14.56,1.4,1.4593188,0.039491538,-0.14542803,86.96767,1.0,1.0
14.56,1.6,1.557009,0.05153251,-0.049803644,92.657715,1.0,1.0
14.56,1.8,1.7020977,0.0148908235,-0.13960081,78.21272,1.0,1.0
14.56,2.0,2.0455422,0.01321396,-0.007273822,151.44229,1.0,1.0
14.56,2.2,2.2810764,0.018440574,0.10907096,351.7198,1.0,0.9375
14.56,2.4,2.4870017,0.04718576,-0.14996684,160.76288,1.0,1.0
14.56,2.6,2.631045,0.023478344,-0.06903657,217.81036,1.0,1.0
14.56,2.8,2.6973858,0.03872549,0.15166962,699.8765,1.0,0.8125
14.56,3.0,2.9757588,0.055168036,0.15326323,293.2763,1.0,0.875
14.58,0.0,0.0315479,0.016589012,-0.091943316,10.96241,1.0,1.0
14.58,0.2,0.19419736,0.009832714,0.0011419404,4.1622467,1.0,1.0
14.58,0.4,0.4390799,-0.020731073,-0.15314695,13.70752,1.0,1.0
14.58,0.6,0.6154258,0.01355252,-0.034899995,10.380605,1.0,1.0
14.58,0.8,0.8700174,0.07357057,0.07074438,35.443253,1.0,1.0
14.58,1.0,0.9680085,0.06828702,0.016875371,39.96946,1.0,1.0
14.58,1.2,1.147904,0.064667076,-0.03893593,44.420784,1.0,1.0
14.58,1.4,1.4459006,0.04426272,-0.055781055,125.30527,1.0,1.0
14.58,1.6,1.6065753,0.05549878,-0.094991714,85.101395,1.0,1.0
14.58,1.8,1.7136776,0.02190945,-0.09512128,94.38833,1.0,1.0
14.58,2.0,2.0841732,0.011027336,-0.012568517,131.94093,1.0,1.0
14.58,2.2,2.2074676,0.012595329,0.06355739,432.59454,1.0,1.0
14.58,2.4,2.4980333,0.04923257,-0.2432363,276.44366,1.0,0.125
14.58,2.6,2.6637738,0.04367163,-0.09408595,207.5999,1.0,1.0
14.58,2.8,2.6875222,0.0069674402,0.09215289,311.40472,1.0,0.9375
14.58,3.0,3.0073457,0.051780675,0.20973693,177.801,1.0,0.3125
14.6,0.0,0.03110936,0.019861806,-0.05241212,5.399579,1.0,1.0
14.6,0.2,0.19775115,0.017553765,0.00010968736,5.5815125,1.0,1.0
14.6,0.4,0.42819458,-0.010505353,-0.12551594,20.755173,1.0,1.0
14.6,0.6,0.601095,0.0155047905,-0.0089340415,13.014317,1.0,1.0
14.6,0.8,0.8450094,0.07093705,0.038445726,30.758526,1.0,1.0
14.6,1.0,0.9603883,0.070978425,0.006549813,25.365961,1.0,1.0
14.6,1.2,1.1775472,0.067511514,-0.023208264,53.804688,1.0,1.0
14.6,1.4,1.3916752,0.036954675,0.03657213,114.70128,1.0,1.0
14.6,1.6,1.6610987,0.05931431,-0.13795474,110.64284,1.0,1.0
14.6,1.8,1.7444603,0.03421237,-0.0546405,112.24295,1.0,1.0
14.6,2.0,2.1253352,0.0023612157,0.08550842,123.00081,1.0,1.0
14.6,2.2,2.1676273,-0.009773691,0.0062260837,244.55635,1.0,1.0
14.6,2.4,2.4448905,0.030718297,-0.1544812,645.35266,1.0,0.8125
14.6,2.6,2.697585,0.048045613,-0.23660652,116.755035,1.0,0.0
14.6,2.8,2.7249904,0.015539832,0.052101906,205.33139,1.0,1.0
14.6,3.0,3.0268996,0.031386994,0.4893328,221.75154,1.0,0.0
14.620000000000001,0.0,0.030888788,0.02203786,-0.034959026,2.7916088,1.0,1.0
14.620000000000001,0.2,0.20709305,0.02568851,0.0049300166,9.240192,1.0,1.0
14.620000000000001,0.4,0.4162607,-0.0076716477,-0.053839527,18.241367,1.0,1.0
14.620000000000001,0.6,0.58656174,0.017352868,-0.0045553604,16.58845,1.0,1.0
14.620000000000001,0.8,0.80821764,0.062961064,-0.034536507,18.36693,1.0,1.0
14.620000000000001,1.0,0.9647307,0.076177314,0.0018718187,30.716717,1.0,1.0
14.620000000000001,1.2,1.2210603,0.0702391,-0.06262851,53.353146,1.0,1.0
14.620000000000001,1.4,1.3493766,0.041849706,0.045444768,105.49058,1.0,1.0
14.620000000000001,1.6,1.6360545,0.049224127,-0.033682212,168.34978,1.0,1.0
14.620000000000001,1.8,1.7847849,0.044522498,-0.078342296,108.89194,1.0,1.0
14.620000000000001,2.0,2.1433163,-0.00047597662,0.12889019,200.71613,1.0,1.0
14.620000000000001,2.2,2.175467,-0.00814966,-0.07365222,182.2398,1.0,1.0
14.620000000000001,2.4,2.3815486,0.04258867,-0.018547507,570.63116,1.0,1.0
14.620000000000001,2.6,2.670795,0.045265332,-0.2665384,486.57147,1.0,0.0
14.620000000000001,2.8,2.7781208,0.040407937,-0.034767397,242.81348,1.0,1.0
14.620000000000001,3.0,2.9573975,0.054099858,0.36028826,547.50793,1.0,0.0
14.64,0.0,0.030065719,0.023360588,-0.025199095,3.104066,1.0,1.0
14.64,0.2,0.21745113,0.030914359,0.014915043,10.620718,1.0,1.0
14.64,0.4,0.40836567,-0.006255648,0.008289792,12.70184,1.0,1.0
14.64,0.6,0.57658374,0.018795438,-0.0020096549,17.481739,1.0,1.0
14.64,0.8,0.7788199,0.054463282,-0.08658934,18.682009,1.0,1.0
14.64,1.0,0.98307586,0.08154053,0.005664041,46.552765,1.0,1.0
14.64,1.2,1.2767828,0.07176967,-0.11961152,65.826416,1.0,1.0
14.64,1.4,1.3272921,0.04305662,0.020142019,71.68788,1.0,1.0
14.64,1.6,1.5768416,0.043312013,0.029696668,167.6675,1.0,1.0
14.64,1.8,1.8405378,0.04489401,-0.15696436,103.014175,1.0,1.0
14.64,2.0,2.0782912,0.02956092,0.0439497,331.5821,1.0,1.0
14.64,2.2,2.2111378,0.0069467733,-0.09551239,168.36075,1.0,1.0
14.64,2.4,2.3824897,0.04132913,0.1511988,310.45032,1.0,1.0
14.64,2.6,2.5890093,0.037826985,-0.12243551,776.8634,1.0,1.0
14.64,2.8,2.8134036,0.061049674,-0.097712345,222.10864,1.0,1.0
14.64,3.0,2.8881774,0.06979939,0.13342999,906.4404,1.0,0.9375
14.66,0.0,0.030881401,0.02557855,-0.013044994,4.9820814,1.0,1.0
14.66,0.2,0.21736607,0.026159102,0.0340958,12.241461,1.0,1.0
14.66,0.4,0.4000613,-0.0044779126,0.0086587425,11.588092,1.0,1.0
14.66,0.6,0.57319784,0.023153776,-0.0028377965,13.629199,1.0,1.0
14.66,0.8,0.7642207,0.047914915,-0.09746553,27.534073,1.0,1.0
14.66,1.0,1.0170529,0.086762145,0.024310576,54.776886,1.0,1.0
14.66,1.2,1.2565012,0.07224363,-0.028827738,82.60664,1.0,1.0
14.66,1.4,1.3247895,0.0432269,-0.020926936,46.853,1.0,1.0
14.66,1.6,1.5390973,0.04466112,0.040419642,133.79669,1.0,1.0
14.66,1.8,1.8461809,0.04594991,-0.06028582,157.18686,1.0,1.0
14.66,2.0,2.0065284,0.013480121,0.015373305,310.5534,1.0,1.0
14.66,2.2,2.2443738,0.02478769,-0.07624031,166.33878,1.0,1.0
14.66,2.4,2.4309235,0.027881403,0.13082978,250.16953,1.0,1.0
14.66,2.6,2.5662458,0.04369635,0.1352782,404.72568,1.0,1.0
14.66,2.8,2.8425772,0.06772691,-0.23105186,149.89246,1.0,0.375
14.66,3.0,2.8367405,0.032268457,0.06962283,487.0692,1.0,0.9375
14.68,0.0,0.032964148,0.029002212,-0.004309144,6.3377295,1.0,1.0
14.68,0.2,0.20891406,0.02355464,0.013058683,11.858223,1.0,1.0
14.68,0.4,0.39239445,-0.0024834871,-0.007447178,11.284409,1.0,1.0
14.68,0.6,0.5781137,0.031780895,-0.013607921,20.56392,1.0,1.0
14.68,0.8,0.7603767,0.043339588,-0.07901411,23.544508,1.0,1.0
14.68,1.0,1.062865,0.091956854,0.087547384,41.569134,1.0,1.0
14.68,1.2,1.2114978,0.06637348,0.039417837,75.86867,1.0,1.0
14.68,1.4,1.338957,0.04870773,-0.027890064,65.53543,1.0,1.0
14.68,1.6,1.5260136,0.044893708,0.006669662,74.44092,1.0,1.0
14.68,1.8,1.7855797,0.025148269,0.026533343,248.51495,1.0,1.0
14.68,2.0,1.969997,-0.0028995257,-0.040085968,137.8023,1.0,1.0
14.68,2.2,2.2793722,0.03491678,-0.12578712,144.61868,1.0,1.0
14.68,2.4,2.4804788,0.025678292,0.051755954,216.09436,1.0,1.0
14.68,2.6,2.6091852,0.02715841,0.21199566,289.89893,1.0,0.25
14.68,2.8,2.807826,0.066177726,-0.3013043,605.61066,1.0,0.0
14.68,3.0,2.8623571,0.021050274,0.06043388,277.4872,1.0,0.9375
14.700000000000001,0.0,0.036718205,0.03324742,0.0021298216,8.095846,1.0,1.0
14.700000000000001,0.2,0.20072213,0.020835303,-0.015344199,13.1242695,1.0,1.0
14.700000000000001,0.4,0.38730884,0.0013895212,-0.013351771,9.838906,1.0,1.0
14.700000000000001,0.6,0.5934767,0.041730605,-0.020019729,25.954397,1.0,1.0
14.700000000000001,0.8,0.7643343,0.037480615,-0.047898583,25.397314,1.0,1.0
14.700000000000001,1.0,1.0713633,0.09457564,0.052335013,61.05886,1.0,1.0
14.700000000000001,1.2,1.175051,0.068874754,0.042493466,71.06496,1.0,1.0
14.700000000000001,1.4,1.3691971,0.050936572,0.0039354917,78.430855,1.0,1.0
14.700000000000001,1.6,1.5365179,0.045707908,-0.049044788,76.722466,1.0,1.0
14.700000000000001,1.8,1.7377834,0.02837665,0.060236417,213.70425,1.0,1.0
14.700000000000001,2.0,1.9785392,0.0008973349,-0.1075868,130.25127,1.0,1.0
14.700000000000001,2.2,2.304263,0.032789577,-0.19262129,191.64618,1.0,0.5625
14.700000000000001,2.4,2.5117986,0.02146279,0.082168244,166.8974,1.0,1.0
14.700000000000001,2.6,2.657188,0.018661492,0.07854431,249.44478,1.0,1.0
14.700000000000001,2.8,2.7181404,0.060189907,-0.20616364,887.37256,1.0,0.5
14.700000000000001,3.0,2.9121113,0.04608967,0.011788671,239.7864,1.0,1.0
14.72,0.0,0.03976273,0.034952477,-0.00069698854,9.099018,1.0,1.0
14.72,0.2,0.19504373,0.0115090795,-0.052897185,8.40148,1.0,1.0
14.72,0.4,0.38643476,0.009068573,-0.018216336,9.666948,1.0,1.0
14.72,0.6,0.6207771,0.050072007,0.0038887353,23.339901,1.0,1.0
14.72,0.8,0.77757907,0.032465503,-0.032504916,25.671745,1.0,1.0
14.72,1.0,1.0252905,0.0947236,0.013025344,40.58532,1.0,1.0
14.72,1.2,1.1546679,0.067025945,0.02318538,56.50134,1.0,1.0
14.72,1.4,1.415571,0.049534895,0.06491147,80.20441,1.0,1.0
14.72,1.6,1.5629642,0.04849586,-0.055830132,96.15317,1.0,1.0
14.72,1.8,1.723239,0.030528437,0.048246443,124.04024,1.0,1.0
14.72,2.0,2.0085387,0.014297937,-0.096240595,134.6355,1.0,1.0
14.72,2.2,2.258414,0.015944896,-0.10886124,479.4465,1.0,1.0
14.72,2.4,2.5465975,0.0067299493,0.23599905,147.46635,1.0,0.1875
14.72,2.6,2.6871824,0.020058692,0.05119778,190.29727,1.0,1.0
14.72,2.8,2.7054412,0.072802946,0.09708328,457.50714,1.0,1.0
14.72,3.0,2.9608212,0.07369988,-0.08358567,253.76706,1.0,1.0
14.74,0.0,0.03891391,0.030967277,0.010780398,8.432299,1.0,1.0
14.74,0.2,0.19233124,0.0019319337,-0.054083444,5.7739015,1.0,1.0
14.74,0.4,0.39264846,0.018844433,-0.021582814,12.359003,1.0,1.0
14.74,0.6,0.6516917,0.05584673,0.054144032,27.521494,1.0,1.0
14.74,0.8,0.8046016,0.027494024,-0.040174082,26.704205,1.0,1.0
14.74,1.0,0.9868214,0.086705714,-0.05519128,33.7022,1.0,1.0
14.74,1.2,1.1500976,0.06761326,-0.0064948653,34.506493,1.0,1.0
14.74,1.4,1.4625674,0.048704416,0.12752454,120.95715,1.0,1.0
14.74,1.6,1.6015381,0.04902725,-0.0047971476,95.06799,1.0,1.0
14.74,1.8,1.7357651,0.030674905,-0.009295605,100.08123,1.0,1.0
14.74,2.0,2.0461724,0.032932125,-0.056768276,140.63406,1.0,1.0
14.74,2.2,2.1952777,0.019319398,0.0043830033,466.92532,1.0,1.0
14.74,2.4,2.5086358,0.021155387,0.22745642,332.35724,1.0,0.375
14.74,2.6,2.704936,0.008697256,0.22724076,129.21475,1.0,0.0
14.74,2.8,2.7525465,0.057254087,0.2066312,299.65662,1.0,0.3125
14.74,3.0,2.987842,0.0915154,-0.16611236,184.65741,1.0,0.9375
14.76,0.0,0.036137324,0.025399558,0.0072284653,7.753356,1.0,1.0
14.76,0.2,0.19217487,-0.005091128,-0.050431095,8.237394,1.0,1.0
14.76,0.4,0.4086423,0.028453901,-0.010391801,14.915564,1.0,1.0
14.76,0.6,0.6316588,0.051705014,0.033589706,20.342491,1.0,1.0
14.76,0.8,0.8407649,0.024179006,-0.0956623,27.466808,1.0,1.0
14.76,1.0,0.96444845,0.07749179,-0.10344751,37.067,1.0,1.0
14.76,1.2,1.1594889,0.072222196,-0.014199885,45.41333,1.0,1.0
14.76,1.4,1.4291452,0.054877076,0.04309112,116.40007,1.0,1.0
14.76,1.6,1.654906,0.043559372,0.09119648,95.94958,1.0,1.0
14.76,1.8,1.7661319,0.03007938,-0.046236757,113.88957,1.0,1.0
14.76,2.0,2.0881376,0.03829135,-0.11941418,120.32516,1.0,1.0
14.76,2.2,2.1795864,0.018782679,0.09745413,256.46405,1.0,1.0
14.76,2.4,2.4328208,0.039885048,0.08422037,559.3037,1.0,1.0
14.76,2.6,2.6715336,0.0060747713,0.35884386,406.268,1.0,0.0
14.76,2.8,2.804922,0.046560366,0.10500785,280.83966,1.0,1.0
14.76,3.0,2.9711337,0.10036203,-0.29106507,460.00098,1.0,0.0
14.780000000000001,0.0,0.030604217,0.021566212,-0.006874402,9.797622,1.0,1.0
14.780000000000001,0.2,0.19586164,-0.011496115,-0.052317858,9.763048,1.0,1.0
14.780000000000001,0.4,0.43130028,0.035834555,0.024724327,14.855688,1.0,1.0
14.780000000000001,0.6,0.605225,0.04297953,-0.043315656,7.385814,1.0,1.0
14.780000000000001,0.8,0.86531174,0.02499415,-0.12278855,40.445667,1.0,1.0
14.780000000000001,1.0,0.9582994,0.071166635,-0.10019464,29.136112,1.0,1.0
14.780000000000001,1.2,1.1845407,0.07484949,0.0034535737,61.338364,1.0,1.0
14.780000000000001,1.4,1.3714552,0.054004528,-0.060878254,94.189445,1.0,1.0
14.780000000000001,1.6,1.6684763,0.044480488,0.056820374,136.94376,1.0,1.0
14.780000000000001,1.8,1.8027645,0.030180104,-0.012113037,110.61264,1.0,1.0
14.780000000000001,2.0,2.1136084,0.042544957,-0.15457746,171.33789,1.0,1.0
14.780000000000001,2.2,2.2143612,0.011324808,0.074423626,216.55804,1.0,1.0
14.780000000000001,2.4,2.3689382,0.0114300735,0.04073008,395.17764,1.0,1.0
14.780000000000001,2.6,2.6114888,0.04172857,0.15114588,671.58887,1.0,1.0
14.780000000000001,2.8,2.837872,0.047462605,0.09553109,200.91808,1.0,0.9375
14.780000000000001,3.0,2.89707,0.082010604,-0.31416324,1212.7861,1.0,0.0
14.8,0.0,0.02553539,0.018874533,-0.024186034,12.598027,1.0,1.0
14.8,0.2,0.20296025,-0.019654602,-0.06426347,10.783436,1.0,1.0
14.8,0.4,0.429264,0.03274733,0.021216433,13.349316,1.0,1.0
14.8,0.6,0.58455527,0.03343326,-0.08111918,11.253361,1.0,1.0
14.8,0.8,0.8399695,0.029542327,-0.10746117,21.44694,1.0,1.0
14.8,1.0,0.9603294,0.067381665,-0.062067967,27.435726,1.0,1.0
14.8,1.2,1.2253456,0.07613096,0.044815525,66.51425,1.0,1.0
14.8,1.4,1.327156,0.043108355,-0.11718206,90.69046,1.0,1.0
14.8,1.6,1.6033769,0.060038824,0.02400732,152.75136,1.0,1.0
14.8,1.8,1.8514479,0.023084149,0.08403097,111.069565,1.0,1.0
14.8,2.0,2.063034,0.018844591,-0.027882092,387.7558,1.0,1.0
14.8,2.2,2.257765,0.008322922,-0.004368496,189.77783,1.0,1.0
14.8,2.4,2.364725,0.0018408448,-0.027085539,253.58078,1.0,1.0
14.8,2.6,2.5382476,0.013901018,0.11986022,613.23846,1.0,1.0
14.8,2.8,2.8562608,0.034693882,0.30431983,127.535446,1.0,0.0
14.8,3.0,2.830508,0.10794121,-0.13488178,833.54443,1.0,0.75
14.82,0.0,0.021432484,0.014134381,-0.048244134,6.6460037,1.0,1.0
14.82,0.2,0.21384668,-0.02896554,-0.08494836,11.1185665,1.0,1.0
14.82,0.4,0.41243842,0.02749978,-0.013340775,14.370329,1.0,1.0
14.82,0.6,0.57232106,0.026885562,-0.0842067,19.76087,1.0,1.0
14.82,0.8,0.8180387,0.029819762,-0.032367885,11.741829,1.0,1.0
14.82,1.0,0.97383475,0.065587685,-0.032371163,31.733723,1.0,1.0
14.82,1.2,1.277853,0.07922186,0.12813133,77.25244,1.0,1.0
14.82,1.4,1.305721,0.036107585,-0.124114506,49.37241,1.0,1.0
14.82,1.6,1.5461273,0.052055776,-0.07295374,138.62863,1.0,1.0
14.82,1.8,1.8758156,0.020666994,0.095364176,157.44211,1.0,1.0
14.82,2.0,1.9995716,0.022672903,0.060770676,364.36014,1.0,1.0
14.82,2.2,2.2916484,0.004898647,0.0065842066,156.26848,1.0,1.0
14.82,2.4,2.4015217,0.020384561,-0.09525226,186.05412,1.0,1.0
14.82,2.6,2.5339723,-0.012611352,0.057043206,304.1344,1.0,1.0
14.82,2.8,2.8207188,0.035190348,0.42510688,417.48322,1.0,0.0
14.82,3.0,2.8682592,0.106918894,0.19829097,347.21878,1.0,0.5625
14.84,0.0,0.019603193,0.008178742,-0.062468503,3.960398,1.0,1.0
14.84,0.2,0.22827947,-0.03563326,-0.103976205,11.260347,1.0,1.0
14.84,0.4,0.3979618,0.018752806,-0.07116866,9.410912,1.0,1.0
14.84,0.6,0.568913,0.022898551,-0.06848686,21.951477,1.0,1.0
14.84,0.8,0.79739094,0.03311087,-0.0076030726,15.802884,1.0,1.0
14.84,1.0,1.0004882,0.06544137,-0.03421025,38.34813,1.0,1.0
14.84,1.2,1.2619601,0.08139168,0.05517715,79.88641,1.0,1.0
14.84,1.4,1.3020419,0.030955732,-0.08826078,45.100815,1.0,1.0
14.84,1.6,1.5125394,0.03939931,-0.1325321,89.91013,1.0,1.0
14.84,1.8,1.8135037,0.040871188,0.05896811,222.23834,1.0,1.0
14.84,2.0,1.9796637,0.020702573,0.10755816,185.01929,1.0,1.0
14.84,2.2,2.3286443,-0.0067328084,0.13323155,144.0831,1.0,0.8125
14.84,2.4,2.4402966,0.043001518,-0.103071764,195.94344,1.0,1.0
14.84,2.6,2.576706,0.0014849007,-0.009849441,203.09837,1.0,1.0
14.84,2.8,2.7552218,0.064027056,0.18604587,716.05237,1.0,0.5625
14.84,3.0,2.928876,0.08776344,0.22056592,320.386,1.0,0.3125
14.86,0.0,0.019361224,0.0037174984,-0.067749515,6.245988,1.0,1.0
14.86,0.2,0.22872606,-0.029401984,-0.13438202,8.047481,1.0,1.0
14.86,0.4,0.3885486,0.0095564015,-0.07694749,8.792422,1.0,1.0
14.86,0.6,0.5711648,0.017709179,-0.052223094,18.712273,1.0,1.0
14.86,0.8,0.7795358,0.035374872,0.00029780227,23.440704,1.0,1.0
14.86,1.0,1.042833,0.065118894,-0.07730608,39.49857,1.0,1.0
14.86,1.2,1.2101701,0.0795936,-0.023658736,62.137074,1.0,1.0
14.86,1.4,1.316077,0.031809393,-0.053571645,61.88961,1.0,1.0
14.86,1.6,1.5049026,0.035625506,-0.1184347,58.869354,1.0,1.0
14.86,1.8,1.7475207,0.032259222,-0.024939708,206.43881,1.0,1.0
14.86,2.0,2.008328,0.015692974,0.06565136,160.21738,1.0,1.0
14.86,2.2,2.325446,-0.004174565,0.18882959,262.3404,1.0,0.3125
14.86,2.4,2.4668968,0.060178366,-0.108985394,180.1466,1.0,1.0
14.86,2.6,2.631612,0.024807796,-0.07830424,217.71997,1.0,1.0
14.86,2.8,2.6833353,0.033406638,0.10631445,616.12524,1.0,0.6875
14.86,3.0,2.983389,0.08290498,0.16883878,272.03253,1.0,0.8125
14.88,0.0,0.021393977,-0.0013202551,-0.07055035,7.610025,1.0,1.0
14.88,0.2,0.22591278,-0.016195185,-0.14379352,18.116842,1.0,1.0
14.88,0.4,0.38348705,0.0037688622,-0.0627661,13.732836,1.0,1.0
14.88,0.6,0.5805204,0.009969626,-0.042619124,19.186495,1.0,1.0
14.88,0.8,0.77039844,0.038278393,0.004512848,20.608948,1.0,1.0
14.88,1.0,1.0867696,0.06890719,-0.14258893,55.986008,1.0,1.0
14.88,1.2,1.1672939,0.06889712,-0.09081033,58.37006,1.0,1.0
14.88,1.4,1.3482798,0.03705313,-0.049179144,75.650734,1.0,1.0
14.88,1.6,1.5184957,0.03980048,-0.066368215,75.54168,1.0,1.0
14.88,1.8,1.7092264,0.01994579,-0.111363485,115.801186,1.0,1.0
14.88,2.0,2.049045,0.012197087,-0.008018622,152.16402,1.0,1.0
14.88,2.2,2.2603571,0.02058913,0.07707778,420.93665,1.0,1.0
14.88,2.4,2.496142,0.061862804,-0.23120426,172.64542,1.0,0.1875
14.88,2.6,2.66401,0.044888005,-0.10252525,209.57053,1.0,1.0
14.88,2.8,2.6875494,0.009058323,0.0552992,298.82437,1.0,0.9375
14.88,3.0,3.0113025,0.074143976,0.2971272,158.19238,1.0,0.0
14.9,0.0,0.025707714,-0.0063404734,-0.08076045,8.480148,1.0,1.0
14.9,0.2,0.21632475,-0.009027747,-0.08776363,16.793907,1.0,1.0
14.9,0.4,0.38366398,-0.0008700397,-0.052339282,14.412768,1.0,1.0
14.9,0.6,0.6000278,0.0021015815,-0.046603788,19.52729,1.0,1.0
14.9,0.8,0.7707417,0.044107676,-0.0011879306,21.627773,1.0,1.0
14.9,1.0,1.0561502,0.066941895,-0.06889753,49.495087,1.0,1.0
14.9,1.2,1.1441054,0.061606277,-0.122801356,48.59736,1.0,1.0
14.9,1.4,1.3962348,0.040384065,-0.09118804,70.588905,1.0,1.0
14.9,1.6,1.5501795,0.048932742,-0.047883708,92.0126,1.0,1.0
14.9,1.8,1.700119,0.015197806,-0.13523352,81.81387,1.0,1.0
14.9,2.0,2.0874949,0.0099646915,-0.013778022,132.35674,1.0,1.0
14.9,2.2,2.190963,0.0027898503,0.04365675,383.13806,1.0,1.0
14.9,2.4,2.4561539,0.04855475,-0.19172432,492.74734,1.0,0.5625
14.9,2.6,2.6979399,0.049395874,-0.24718605,118.78128,1.0,0.0625
14.9,2.8,2.7320871,0.025267452,0.007875538,208.54878,1.0,1.0
14.9,3.0,3.0272343,0.05052404,0.5887382,350.62415,1.0,0.0
14.92,0.0,0.03165616,-0.011837486,-0.100847065,9.043661,1.0,1.0
14.92,0.2,0.20979631,-0.004069181,-0.011200117,10.23106,1.0,1.0
14.92,0.4,0.38936627,-0.008162324,-0.048220918,13.213597,1.0,1.0
14.92,0.6,0.6279023,-0.002409663,-0.08705668,17.408371,1.0,1.0
14.92,0.8,0.78293955,0.050944425,-0.010787755,34.348755,1.0,1.0
14.92,1.0,1.0199414,0.06398192,0.0036945052,42.20967,1.0,1.0
14.92,1.2,1.1380782,0.055749845,-0.105082594,32.538,1.0,1.0
14.92,1.4,1.4589186,0.039010536,-0.13741197,89.33648,1.0,1.0
14.92,1.6,1.5943717,0.055306595,-0.07852802,88.95302,1.0,1.0
14.92,1.8,1.718737,0.024229724,-0.08291293,98.69492,1.0,1.0
14.92,2.0,2.1284928,0.0012396015,0.08432213,123.35803,1.0,1.0
14.92,2.2,2.1658416,-0.013087836,-0.017374337,214.19885,1.0,1.0
14.92,2.4,2.3876877,0.052695636,-0.061073884,633.14453,1.0,1.0
14.92,2.6,2.6671746,0.046369933,-0.2792598,471.84302,1.0,0.0
14.92,2.8,2.7864218,0.051080264,-0.07037072,236.52356,1.0,0.9375
14.92,3.0,2.9493318,0.087186106,0.3115592,687.22174,1.0,0.0625
14.94,0.0,0.038109545,-0.016585216,-0.120849065,9.03688,1.0,1.0
14.94,0.2,0.20404726,-0.001745881,0.020361051,7.6421223,1.0,1.0
14.94,0.4,0.39996007,-0.017195618,-0.053676747,12.51789,1.0,1.0
14.94,0.6,0.6498816,-0.0017708819,-0.15774444,20.795876,1.0,1.0
14.94,0.8,0.80886555,0.059061855,-0.0058314516,40.842545,1.0,1.0
14.94,1.0,0.9887154,0.06747301,0.019618243,38.94748,1.0,1.0
14.94,1.2,1.1450105,0.054461747,-0.0666385,43.261147,1.0,1.0
14.94,1.4,1.4453332,0.04412448,-0.056175575,123.68924,1.0,1.0
14.94,1.6,1.6552919,0.05663896,-0.14432532,94.63191,1.0,1.0
14.94,1.8,1.7539712,0.037044182,-0.054431904,113.87724,1.0,1.0
14.94,2.0,2.1453786,-0.0016053114,0.12541263,204.13226,1.0,1.0
14.94,2.2,2.1867182,-0.004532068,-0.08951765,168.4659,1.0,1.0
14.94,2.4,2.3703222,0.054802086,0.123290665,344.80566,1.0,1.0
14.94,2.6,2.5886924,0.04065434,-0.115207896,784.5718,1.0,1.0
14.94,2.8,2.8181095,0.071166806,-0.11520569,208.99872,1.0,0.875
14.94,3.0,2.8577833,0.076893866,0.19150054,861.4996,1.0,0.5625
14.96,0.0,0.03925619,-0.012095752,-0.12573597,3.009709,1.0,1.0
14.96,0.2,0.19806457,0.00017732754,0.009050256,6.3576136,1.0,1.0
14.96,0.4,0.41772547,-0.024903683,-0.07729561,13.645222,1.0,1.0
14.96,0.6,0.6329678,0.00581239,-0.13227737,20.535393,1.0,1.0
14.96,0.8,0.8461069,0.06550419,0.03937052,31.969824,1.0,1.0
14.96,1.0,0.96839476,0.06790324,0.016414534,39.884468,1.0,1.0
14.96,1.2,1.1681709,0.056230854,-0.045701273,54.443512,1.0,1.0
14.96,1.4,1.3915994,0.037095673,0.036135465,113.98242,1.0,1.0
14.96,1.6,1.655791,0.056410138,-0.057524428,138.50153,1.0,1.0
14.96,1.8,1.7973838,0.04520479,-0.09377001,106.14221,1.0,1.0
14.96,2.0,2.0788615,0.028417757,0.043373976,330.3352,1.0,1.0
14.96,2.2,2.2230208,0.012636726,-0.09040331,167.74304,1.0,1.0
14.96,2.4,2.4109964,0.041201964,0.1519844,269.1355,1.0,1.0
14.96,2.6,2.5673532,0.046226494,0.14314511,411.47604,1.0,1.0
14.96,2.8,2.8442183,0.0743521,-0.24060169,189.67422,1.0,0.375
14.96,3.0,2.8280735,0.035987556,0.145756,361.10492,1.0,0.8125
14.98,0.0,0.038217638,-7.7218283e-07,-0.13671967,12.428133,1.0,1.0
14.98,0.2,0.19453926,0.0035882648,0.00062143104,4.7875676,1.0,1.0
14.98,0.4,0.4398869,-0.028515242,-0.12002167,13.803015,1.0,1.0
14.98,0.6,0.6165513,0.0068194736,-0.05237167,11.899398,1.0,1.0
14.98,0.8,0.86437213,0.06926593,0.04907211,40.22698,1.0,1.0
14.98,1.0,0.9607955,0.070734054,0.0064076884,25.348122,1.0,1.0
14.98,1.2,1.207201,0.058909886,-0.06316723,56.255447,1.0,1.0
14.98,1.4,1.3494836,0.042249795,0.04431376,105.9981,1.0,1.0
14.98,1.6,1.5981259,0.042064685,0.018449739,169.03781,1.0,1.0
14.98,1.8,1.8553529,0.045088205,-0.16429435,118.758804,1.0,1.0
14.98,2.0,2.0070424,0.012287718,0.015645988,309.466,1.0,1.0
14.98,2.2,2.2562408,0.030086167,-0.0750332,162.05325,1.0,1.0
14.98,2.4,2.4612818,0.036664184,0.049137082,227.00781,1.0,1.0
14.98,2.6,2.6105804,0.030271173,0.21559386,293.66583,1.0,0.25
14.98,2.8,2.802082,0.06676188,-0.276909,668.4364,1.0,0.0
14.98,3.0,2.857428,0.03226385,0.14508526,233.83176,1.0,0.8125
15.0,0.0,0.03565778,0.011215854,-0.12452473,12.76492,1.0,1.0
15.0,0.2,0.19418335,0.009750567,0.0013063425,4.1171484,1.0,1.0
15.0,0.4,0.44208187,-0.020845987,-0.16326487,16.755215,1.0,1.0
15.0,0.6,0.60396224,0.0072683804,0.0020586553,13.021371,1.0,1.0
15.0,0.8,0.8286946,0.066966526,0.002532838,23.191616,1.0,1.0
15.0,1.0,0.9651691,0.0760331,0.0018019411,30.779778,1.0,1.0
15.0,1.2,1.2612405,0.060645033,-0.13268352,48.996857,1.0,1.0
15.0,1.4,1.327421,0.043506246,0.019562798,71.78782,1.0,1.0
15.0,1.6,1.5524709,0.043527093,0.042183425,151.00867,1.0,1.0
15.0,1.8,1.8411998,0.037778784,-0.053740874,198.8196,1.0,1.0
15.0,2.0,1.9704803,-0.0040459204,-0.039574184,137.10416,1.0,1.0
15.0,2.2,2.2951956,0.03260032,-0.17018381,133.65132,1.0,0.75
15.0,2.4,2.493466,0.034388527,0.036183394,180.17899,1.0,1.0
15.0,2.6,2.6582692,0.022229984,0.07976362,250.62082,1.0,1.0
15.0,2.8,2.7125683,0.07454388,-0.15801322,865.80786,1.0,0.8125
15.0,3.0,2.9070213,0.057412278,0.06545496,252.6449,1.0,1.0
